;ele;t_out
2023-08-31 21:00:00+00:00;719684.094;17.106
2023-08-31 22:00:00+00:00;616270.926;17.106
2023-08-31 23:00:00+00:00;554790.947;17.106
2023-09-01 00:00:00+00:00;508033.007;17.25705
2023-09-01 01:00:00+00:00;476168.063;18.118299999999998
2023-09-01 02:00:00+00:00;470476.988;18.231
2023-09-01 03:00:00+00:00;519397.735;17.7347
2023-09-01 04:00:00+00:00;532458.277;17.225
2023-09-01 05:00:00+00:00;526167.505;16.862046499999998
2023-09-01 06:00:00+00:00;514870.527;16.18799
2023-09-01 07:00:00+00:00;514722.282;16.8262965
2023-09-01 08:00:00+00:00;524116.885;16.738
2023-09-01 09:00:00+00:00;520821.723;16.738
2023-09-01 10:00:00+00:00;524401.573;17.7083
2023-09-01 11:00:00+00:00;533922.6;17.744
2023-09-01 12:00:00+00:00;567172.382;17.744
2023-09-01 13:00:00+00:00;615268.562;18.1837455
2023-09-01 14:00:00+00:00;646916.873;18.78099
2023-09-01 15:00:00+00:00;684772.433;18.78099
2023-09-01 16:00:00+00:00;744149.271;19.082244499999998
2023-09-01 17:00:00+00:00;779416.841;17.871100000000002
2023-09-01 18:00:00+00:00;759572.685;17.763
2023-09-01 19:00:00+00:00;961945.542;17.763
2023-09-01 20:00:00+00:00;925141.345;17.353
2023-09-01 21:00:00+00:00;748172.464;16.738
2023-09-01 22:00:00+00:00;624161.548;16.738
2023-09-01 23:00:00+00:00;559609.953;16.738
2023-09-02 00:00:00+00:00;525482.454;16.738
2023-09-02 01:00:00+00:00;502246.944;16.738
2023-09-02 02:00:00+00:00;485479.962;16.25855
2023-09-02 03:00:00+00:00;495187.812;16.05
2023-09-02 04:00:00+00:00;504090.807;16.05
2023-09-02 05:00:00+00:00;553076.745;16.92635
2023-09-02 06:00:00+00:00;590939.533;17.081
2023-09-02 07:00:00+00:00;615750.549;17.700200000000002
2023-09-02 08:00:00+00:00;638554.846;18.113
2023-09-02 09:00:00+00:00;637375.69;18.7732435
2023-09-02 10:00:00+00:00;622140.039;19.18799
2023-09-02 11:00:00+00:00;617902.02;18.576596000000002
2023-09-02 12:00:00+00:00;634580.477;18.169
2023-09-02 13:00:00+00:00;702712.282;18.169
2023-09-02 14:00:00+00:00;744510.257;18.169
2023-09-02 15:00:00+00:00;817960.589;18.169
2023-09-02 16:00:00+00:00;870003.003;18.169
2023-09-02 17:00:00+00:00;855730.45;17.494300000000003
2023-09-02 18:00:00+00:00;776318.938;17.131
2023-09-02 19:00:00+00:00;957143.427;17.131
2023-09-02 20:00:00+00:00;936471.617;17.131
2023-09-02 21:00:00+00:00;769871.283;16.21725
2023-09-02 22:00:00+00:00;641105.606;15.9823
2023-09-02 23:00:00+00:00;579067.796;14.988
2023-09-03 00:00:00+00:00;532222.15;14.065491
2023-09-03 01:00:00+00:00;496857.646;13.96299
2023-09-03 02:00:00+00:00;482844.546;14.052999
2023-09-03 03:00:00+00:00;489207.443;14.062999999999999
2023-09-03 04:00:00+00:00;493033.548;14.062999999999999
2023-09-03 05:00:00+00:00;549613.17;14.2147985
2023-09-03 06:00:00+00:00;601040.324;15.283792
2023-09-03 07:00:00+00:00;635864.891;16.6027455
2023-09-03 08:00:00+00:00;656508.53;17.5569435
2023-09-03 09:00:00+00:00;656659.99;18.231
2023-09-03 10:00:00+00:00;672896.112;18.231
2023-09-03 11:00:00+00:00;655718.698;19.31299
2023-09-03 12:00:00+00:00;648421.696;19.31299
2023-09-03 13:00:00+00:00;656922.632;18.908841
2023-09-03 14:00:00+00:00;685128.667;18.41299
2023-09-03 15:00:00+00:00;753008.114;19.5607405
2023-09-03 16:00:00+00:00;826540.57;18.285799500000003
2023-09-03 17:00:00+00:00;883959.231;17.375
2023-09-03 18:00:00+00:00;834265.417;17.29455
2023-09-03 19:00:00+00:00;989214.262;16.356
2023-09-03 20:00:00+00:00;963869.788;16.356
2023-09-03 21:00:00+00:00;797720.014;16.0224
2023-09-03 22:00:00+00:00;664529.372;15.244
2023-09-03 23:00:00+00:00;598640.088;15.1421
2023-09-04 00:00:00+00:00;562368.297;14.225
2023-09-04 01:00:00+00:00;536545.355;14.225
2023-09-04 02:00:00+00:00;534116.004;14.225
2023-09-04 03:00:00+00:00;582649.016;14.225
2023-09-04 04:00:00+00:00;586146.638;14.225
2023-09-04 05:00:00+00:00;570246.755;14.225
2023-09-04 06:00:00+00:00;545582.276;14.225
2023-09-04 07:00:00+00:00;529642.017;14.225
2023-09-04 08:00:00+00:00;524891.352;15.2477465
2023-09-04 09:00:00+00:00;516186.033;16.28099
2023-09-04 10:00:00+00:00;512353.035;16.28099
2023-09-04 11:00:00+00:00;518343.999;16.28099
2023-09-04 12:00:00+00:00;556894.486;17.27279
2023-09-04 13:00:00+00:00;622190.282;17.32499
2023-09-04 14:00:00+00:00;661718.17;18.023739999999997
2023-09-04 15:00:00+00:00;719550.827;17.64549
2023-09-04 16:00:00+00:00;819825.372;16.663197
2023-09-04 17:00:00+00:00;884679.728;16.235999500000002
2023-09-04 18:00:00+00:00;842678.448;15.281
2023-09-04 19:00:00+00:00;1002111.219;15.281
2023-09-04 20:00:00+00:00;953014.355;15.173000000000002
2023-09-04 21:00:00+00:00;769142.373;14.206
2023-09-04 22:00:00+00:00;631721.224;14.206
2023-09-04 23:00:00+00:00;553916.865;14.7
2023-09-05 00:00:00+00:00;495306.318;15.369
2023-09-05 01:00:00+00:00;470301.239;15.369
2023-09-05 02:00:00+00:00;481888.879;14.85
2023-09-05 03:00:00+00:00;543052.173;13.95045
2023-09-05 04:00:00+00:00;551059.202;13.525
2023-09-05 05:00:00+00:00;543036.107;13.525
2023-09-05 06:00:00+00:00;523669.526;13.525
2023-09-05 07:00:00+00:00;517297.322;13.525
2023-09-05 08:00:00+00:00;525002.214;14.55599
2023-09-05 09:00:00+00:00;519867.722;13.6898485
2023-09-05 10:00:00+00:00;510300.85;15.1294
2023-09-05 11:00:00+00:00;525731.822;14.919
2023-09-05 12:00:00+00:00;585507.17;15.428898
2023-09-05 13:00:00+00:00;665605.697;14.552491499999999
2023-09-05 14:00:00+00:00;707034.612;15.33475
2023-09-05 15:00:00+00:00;763124.488;15.854047499999998
2023-09-05 16:00:00+00:00;858832.926;16.4000925
2023-09-05 17:00:00+00:00;927526.766;14.534199999999998
2023-09-05 18:00:00+00:00;867976.645;13.432750000000002
2023-09-05 19:00:00+00:00;1028067.553;13.175
2023-09-05 20:00:00+00:00;993225.791;13.175
2023-09-05 21:00:00+00:00;818144.618;13.175
2023-09-05 22:00:00+00:00;673801.448;13.175
2023-09-05 23:00:00+00:00;612082.048;13.175
2023-09-06 00:00:00+00:00;584659.229;12.2561415
2023-09-06 01:00:00+00:00;571809.67;12.0264945
2023-09-06 02:00:00+00:00;579550.325;11.944
2023-09-06 03:00:00+00:00;642195.014;10.869
2023-09-06 04:00:00+00:00;642704.933;10.869
2023-09-06 05:00:00+00:00;620061.074;10.869
2023-09-06 06:00:00+00:00;585435.829;11.71195
2023-09-06 07:00:00+00:00;565833.075;11.869
2023-09-06 08:00:00+00:00;559313.268;12.502600000000001
2023-09-06 09:00:00+00:00;543728.941;12.925
2023-09-06 10:00:00+00:00;530473.46;12.925
2023-09-06 11:00:00+00:00;538830.828;14.061444499999999
2023-09-06 12:00:00+00:00;576496.253;14.18099
2023-09-06 13:00:00+00:00;635244.612;14.875790499999999
2023-09-06 14:00:00+00:00;666987.746;15.9501455
2023-09-06 15:00:00+00:00;721110.869;17.9332445
2023-09-06 16:00:00+00:00;818047.421;16.915940999999997
2023-09-06 17:00:00+00:00;892115.126;14.493
2023-09-06 18:00:00+00:00;850733.91;13.145900000000001
2023-09-06 19:00:00+00:00;1031448.625;12.025691
2023-09-06 20:00:00+00:00;1018383.732;11.081598500000002
2023-09-06 21:00:00+00:00;851723.034;10.7646935
2023-09-06 22:00:00+00:00;716168.25;9.85629
2023-09-06 23:00:00+00:00;658783.64;9.804725
2023-09-07 00:00:00+00:00;627209.226;8.82499
2023-09-07 01:00:00+00:00;613557.655;8.5465795
2023-09-07 02:00:00+00:00;626432.558;8.2063
2023-09-07 03:00:00+00:00;690046.546;8.2063
2023-09-07 04:00:00+00:00;685573.652;8.244124500000002
2023-09-07 05:00:00+00:00;646654.928;10.0102715
2023-09-07 06:00:00+00:00;597207.874;12.3705
2023-09-07 07:00:00+00:00;566326.391;13.5952
2023-09-07 08:00:00+00:00;555663.073;14.560099500000002
2023-09-07 09:00:00+00:00;540203.767;15.58799
2023-09-07 10:00:00+00:00;525416.26;16.427998000000002
2023-09-07 11:00:00+00:00;534682.152;17.498
2023-09-07 12:00:00+00:00;576518.955;17.713
2023-09-07 13:00:00+00:00;639340.036;17.713
2023-09-07 14:00:00+00:00;670562.822;17.713
2023-09-07 15:00:00+00:00;715263.126;17.312350000000002
2023-09-07 16:00:00+00:00;803874.511;16.594
2023-09-07 17:00:00+00:00;889663.244;15.624100000000002
2023-09-07 18:00:00+00:00;855520.026;14.4816
2023-09-07 19:00:00+00:00;1032025.766;12.878
2023-09-07 20:00:00+00:00;1009306.769;11.79225
2023-09-07 21:00:00+00:00;826380.538;11.331
2023-09-07 22:00:00+00:00;658316.856;11.331
2023-09-07 23:00:00+00:00;581740.449;11.331
2023-09-08 00:00:00+00:00;537571.1;11.331
2023-09-08 01:00:00+00:00;515320.243;11.7025955
2023-09-08 02:00:00+00:00;522677.94;12.18099
2023-09-08 03:00:00+00:00;579028.905;12.18099
2023-09-08 04:00:00+00:00;590272.883;12.18099
2023-09-08 05:00:00+00:00;581928.398;12.973747499999998
2023-09-08 06:00:00+00:00;560526.071;13.288599999999999
2023-09-08 07:00:00+00:00;546888.208;14.345949999999998
2023-09-08 08:00:00+00:00;544820.073;15.369
2023-09-08 09:00:00+00:00;531661.686;16.001150000000003
2023-09-08 10:00:00+00:00;519641.903;17.131842499999998
2023-09-08 11:00:00+00:00;532635.069;18.11719
2023-09-08 12:00:00+00:00;560893.827;18.98879
2023-09-08 13:00:00+00:00;603439.65;19.7293455
2023-09-08 14:00:00+00:00;633864.175;19.5452495
2023-09-08 15:00:00+00:00;681947.0;21.8383975
2023-09-08 16:00:00+00:00;750377.723;19.342446000000002
2023-09-08 17:00:00+00:00;796913.561;16.703
2023-09-08 18:00:00+00:00;765355.169;15.50755
2023-09-08 19:00:00+00:00;988814.1;14.540699499999999
2023-09-08 20:00:00+00:00;970988.115;14.062999999999999
2023-09-08 21:00:00+00:00;787475.59;14.062999999999999
2023-09-08 22:00:00+00:00;635641.607;14.062999999999999
2023-09-08 23:00:00+00:00;571022.155;13.488800000000001
2023-09-09 00:00:00+00:00;538207.765;13.019
2023-09-09 01:00:00+00:00;525099.226;12.7238
2023-09-09 02:00:00+00:00;515943.535;12.363
2023-09-09 03:00:00+00:00;528271.008;12.363
2023-09-09 04:00:00+00:00;538535.277;12.363
2023-09-09 05:00:00+00:00;591468.191;13.191300000000002
2023-09-09 06:00:00+00:00;625053.646;14.911496500000002
2023-09-09 07:00:00+00:00;637143.31;15.996343999999999
2023-09-09 08:00:00+00:00;634910.355;17.1233
2023-09-09 09:00:00+00:00;618608.805;18.664590999999998
2023-09-09 10:00:00+00:00;600778.927;18.76899
2023-09-09 11:00:00+00:00;593541.318;19.784099500000004
2023-09-09 12:00:00+00:00;604466.254;19.943599
2023-09-09 13:00:00+00:00;637858.951;20.89399
2023-09-09 14:00:00+00:00;707263.757;21.013591499999997
2023-09-09 15:00:00+00:00;812385.006;22.6969985
2023-09-09 16:00:00+00:00;886549.844;21.926692499999998
2023-09-09 17:00:00+00:00;878842.201;18.462449499999998
2023-09-09 18:00:00+00:00;799121.927;17.806
2023-09-09 19:00:00+00:00;972053.345;17.806
2023-09-09 20:00:00+00:00;950205.47;17.806
2023-09-09 21:00:00+00:00;781002.048;17.322250000000004
2023-09-09 22:00:00+00:00;636283.311;16.731
2023-09-09 23:00:00+00:00;550586.655;16.731
2023-09-10 00:00:00+00:00;494290.517;16.731
2023-09-10 01:00:00+00:00;462091.621;15.69605
2023-09-10 02:00:00+00:00;453927.554;15.725
2023-09-10 03:00:00+00:00;462014.914;15.725
2023-09-10 04:00:00+00:00;470190.15;15.725
2023-09-10 05:00:00+00:00;534319.681;15.725
2023-09-10 06:00:00+00:00;597192.948;15.725
2023-09-10 07:00:00+00:00;637581.956;15.725
2023-09-10 08:00:00+00:00;660522.619;15.725
2023-09-10 09:00:00+00:00;656587.468;16.4042495
2023-09-10 10:00:00+00:00;646898.999;16.744
2023-09-10 11:00:00+00:00;642961.885;16.744
2023-09-10 12:00:00+00:00;645935.606;17.568199999999997
2023-09-10 13:00:00+00:00;668399.625;17.75
2023-09-10 14:00:00+00:00;714382.227;17.75
2023-09-10 15:00:00+00:00;796984.588;17.75
2023-09-10 16:00:00+00:00;870224.007;17.75
2023-09-10 17:00:00+00:00;872245.083;17.75
2023-09-10 18:00:00+00:00;794661.669;16.832900000000002
2023-09-10 19:00:00+00:00;954354.634;16.731
2023-09-10 20:00:00+00:00;919818.1;16.731
2023-09-10 21:00:00+00:00;756533.308;16.731
2023-09-10 22:00:00+00:00;596648.152;16.1965
2023-09-10 23:00:00+00:00;519630.261;14.8658495
2023-09-11 00:00:00+00:00;475131.428;13.57875
2023-09-11 01:00:00+00:00;455774.866;12.95795
2023-09-11 02:00:00+00:00;465346.431;12.175097
2023-09-11 03:00:00+00:00;523288.461;11.43099
2023-09-11 04:00:00+00:00;537945.498;11.43099
2023-09-11 05:00:00+00:00;534753.244;12.512043
2023-09-11 06:00:00+00:00;518048.515;14.0125
2023-09-11 07:00:00+00:00;509305.981;15.113744500000001
2023-09-11 08:00:00+00:00;512579.837;16.564999
2023-09-11 09:00:00+00:00;501667.978;16.8287485
2023-09-11 10:00:00+00:00;490912.539;17.69999
2023-09-11 11:00:00+00:00;497726.434;18.6043405
2023-09-11 12:00:00+00:00;537735.857;19.181644
2023-09-11 13:00:00+00:00;601165.212;20.5295995
2023-09-11 14:00:00+00:00;630708.626;23.549444
2023-09-11 15:00:00+00:00;671162.476;25.052090999999997
2023-09-11 16:00:00+00:00;783751.943;20.7537965
2023-09-11 17:00:00+00:00;862886.326;18.1599935
2023-09-11 18:00:00+00:00;804999.21;17.668090999999997
2023-09-11 19:00:00+00:00;971566.752;16.706
2023-09-11 20:00:00+00:00;926548.525;16.9560495
2023-09-11 21:00:00+00:00;745148.444;17.731
2023-09-11 22:00:00+00:00;610942.29;17.731
2023-09-11 23:00:00+00:00;535182.874;17.731
2023-09-12 00:00:00+00:00;479387.628;17.731
2023-09-12 01:00:00+00:00;453740.682;17.5654
2023-09-12 02:00:00+00:00;465246.765;17.363
2023-09-12 03:00:00+00:00;529020.124;17.363
2023-09-12 04:00:00+00:00;542505.608;17.363
2023-09-12 05:00:00+00:00;539267.321;17.363
2023-09-12 06:00:00+00:00;523326.105;17.4145495
2023-09-12 07:00:00+00:00;516091.37;18.39399
2023-09-12 08:00:00+00:00;519350.58;18.39399
2023-09-12 09:00:00+00:00;509166.778;18.39399
2023-09-12 10:00:00+00:00;499525.787;18.39399
2023-09-12 11:00:00+00:00;511837.804;18.39399
2023-09-12 12:00:00+00:00;556737.67;19.171747500000002
2023-09-12 13:00:00+00:00;631788.96;18.5708
2023-09-12 14:00:00+00:00;673819.393;18.1692495
2023-09-12 15:00:00+00:00;729246.873;17.419
2023-09-12 16:00:00+00:00;827237.266;17.419
2023-09-12 17:00:00+00:00;883066.291;17.419
2023-09-12 18:00:00+00:00;807493.57;17.419
2023-09-12 19:00:00+00:00;958374.775;16.47635
2023-09-12 20:00:00+00:00;908079.617;15.256
2023-09-12 21:00:00+00:00;723527.104;15.256
2023-09-12 22:00:00+00:00;576230.92;14.366199499999999
2023-09-12 23:00:00+00:00;511769.232;14.25
2023-09-13 00:00:00+00:00;473702.115;14.25
2023-09-13 01:00:00+00:00;451890.224;13.9462995
2023-09-13 02:00:00+00:00;459150.045;13.519
2023-09-13 03:00:00+00:00;522983.011;13.519
2023-09-13 04:00:00+00:00;533088.133;13.519
2023-09-13 05:00:00+00:00;518927.992;13.519
2023-09-13 06:00:00+00:00;505266.116;13.519
2023-09-13 07:00:00+00:00;503340.914;13.7024495
2023-09-13 08:00:00+00:00;509954.476;14.531
2023-09-13 09:00:00+00:00;502593.692;14.531
2023-09-13 10:00:00+00:00;495533.275;14.5667
2023-09-13 11:00:00+00:00;511623.402;14.769
2023-09-13 12:00:00+00:00;560551.853;14.769
2023-09-13 13:00:00+00:00;627343.547;15.019
2023-09-13 14:00:00+00:00;663095.775;16.1814
2023-09-13 15:00:00+00:00;724532.842;17.38795
2023-09-13 16:00:00+00:00;811308.574;15.528098
2023-09-13 17:00:00+00:00;860872.236;12.8897995
2023-09-13 18:00:00+00:00;820088.197;11.161594
2023-09-13 19:00:00+00:00;1003466.458;9.95175
2023-09-13 20:00:00+00:00;965717.641;9.053794
2023-09-13 21:00:00+00:00;818270.109;8.4313
2023-09-13 22:00:00+00:00;662365.102;7.58755
2023-09-13 23:00:00+00:00;588186.581;7.3063
2023-09-14 00:00:00+00:00;548915.752;6.491252
2023-09-14 01:00:00+00:00;530944.4;6.2059545
2023-09-14 02:00:00+00:00;548523.382;6.1063
2023-09-14 03:00:00+00:00;619518.248;6.1063
2023-09-14 04:00:00+00:00;631589.545;5.2563
2023-09-14 05:00:00+00:00;611307.52;5.26848
2023-09-14 06:00:00+00:00;579295.744;6.6684105
2023-09-14 07:00:00+00:00;557634.599;8.451545
2023-09-14 08:00:00+00:00;550906.715;10.1704975
2023-09-14 09:00:00+00:00;537634.333;11.4415
2023-09-14 10:00:00+00:00;524806.423;12.0132455
2023-09-14 11:00:00+00:00;532152.69;12.55599
2023-09-14 12:00:00+00:00;571005.745;12.55599
2023-09-14 13:00:00+00:00;632892.692;13.535199
2023-09-14 14:00:00+00:00;669514.41;14.1191955
2023-09-14 15:00:00+00:00;720162.086;15.0695935
2023-09-14 16:00:00+00:00;819668.913;13.0909
2023-09-14 17:00:00+00:00;900904.503;10.240175
2023-09-14 18:00:00+00:00;856848.837;8.754993500000001
2023-09-14 19:00:00+00:00;1048806.596;7.3909835
2023-09-14 20:00:00+00:00;1036230.72;6.2625
2023-09-14 21:00:00+00:00;885478.417;5.427532
2023-09-14 22:00:00+00:00;720347.185;4.5240765000000005
2023-09-14 23:00:00+00:00;652374.903;4.00079
2023-09-15 00:00:00+00:00;622358.427;3.1
2023-09-15 01:00:00+00:00;620164.913;2.1374355
2023-09-15 02:00:00+00:00;648700.335;2.0
2023-09-15 03:00:00+00:00;723588.06;2.0
2023-09-15 04:00:00+00:00;737208.615;2.0
2023-09-15 05:00:00+00:00;715731.034;2.876575
2023-09-15 06:00:00+00:00;668359.019;5.4955645
2023-09-15 07:00:00+00:00;627585.492;7.671577000000001
2023-09-15 08:00:00+00:00;605767.947;10.056725
2023-09-15 09:00:00+00:00;586525.176;11.0962495
2023-09-15 10:00:00+00:00;579532.646;11.494
2023-09-15 11:00:00+00:00;587559.474;11.8636995
2023-09-15 12:00:00+00:00;618994.006;12.525
2023-09-15 13:00:00+00:00;671942.77;13.2241455
2023-09-15 14:00:00+00:00;742642.993;14.706
2023-09-15 15:00:00+00:00;844727.928;14.831100000000001
2023-09-15 16:00:00+00:00;960337.538;12.4300995
2023-09-15 17:00:00+00:00;1009302.769;10.34455
2023-09-15 18:00:00+00:00;948342.424;9.9375
2023-09-15 19:00:00+00:00;1141813.404;9.9375
2023-09-15 20:00:00+00:00;1114066.151;9.9375
2023-09-15 21:00:00+00:00;940560.241;9.3210945
2023-09-15 22:00:00+00:00;762154.557;8.90629
2023-09-15 23:00:00+00:00;670506.794;8.90629
2023-09-16 00:00:00+00:00;614561.797;8.90629
2023-09-16 01:00:00+00:00;586019.528;9.070394
2023-09-16 02:00:00+00:00;572559.119;9.275
2023-09-16 03:00:00+00:00;584862.734;9.275
2023-09-16 04:00:00+00:00;589672.059;9.275
2023-09-16 05:00:00+00:00;654877.479;9.8076245
2023-09-16 06:00:00+00:00;705571.667;10.3658
2023-09-16 07:00:00+00:00;733121.055;11.369
2023-09-16 08:00:00+00:00;744237.608;12.3695
2023-09-16 09:00:00+00:00;733585.164;12.444
2023-09-16 10:00:00+00:00;718286.547;13.292349999999999
2023-09-16 11:00:00+00:00;708561.926;14.06165
2023-09-16 12:00:00+00:00;723597.775;14.531
2023-09-16 13:00:00+00:00;762243.969;14.531
2023-09-16 14:00:00+00:00;835953.713;14.531
2023-09-16 15:00:00+00:00;946562.998;14.531
2023-09-16 16:00:00+00:00;1023697.873;13.5023
2023-09-16 17:00:00+00:00;1000960.847;13.388
2023-09-16 18:00:00+00:00;881765.08;12.881499999999999
2023-09-16 19:00:00+00:00;1062021.394;12.375
2023-09-16 20:00:00+00:00;1044984.369;12.375
2023-09-16 21:00:00+00:00;863221.78;12.375
2023-09-16 22:00:00+00:00;696503.612;12.375
2023-09-16 23:00:00+00:00;614138.076;11.8854
2023-09-17 00:00:00+00:00;563341.576;11.287
2023-09-17 01:00:00+00:00;541008.807;11.045350000000001
2023-09-17 02:00:00+00:00;542490.676;10.75
2023-09-17 03:00:00+00:00;555469.414;10.75
2023-09-17 04:00:00+00:00;562271.298;10.75
2023-09-17 05:00:00+00:00;620347.503;10.75
2023-09-17 06:00:00+00:00;690648.844;10.75
2023-09-17 07:00:00+00:00;743520.587;10.90195
2023-09-17 08:00:00+00:00;778859.574;11.763
2023-09-17 09:00:00+00:00;777159.096;12.810540499999998
2023-09-17 10:00:00+00:00;758015.569;12.6524915
2023-09-17 11:00:00+00:00;753772.823;11.929750000000002
2023-09-17 12:00:00+00:00;750378.419;12.694
2023-09-17 13:00:00+00:00;766024.09;12.694
2023-09-17 14:00:00+00:00;818922.483;12.044
2023-09-17 15:00:00+00:00;924006.551;11.479000000000001
2023-09-17 16:00:00+00:00;1029216.612;10.619
2023-09-17 17:00:00+00:00;1040048.102;10.619
2023-09-17 18:00:00+00:00;939160.647;10.56555
2023-09-17 19:00:00+00:00;1116498.423;9.55
2023-09-17 20:00:00+00:00;1102227.712;8.922194000000001
2023-09-17 21:00:00+00:00;935216.375;7.55245
2023-09-17 22:00:00+00:00;788764.734;6.5619
2023-09-17 23:00:00+00:00;723205.591;6.40629
2023-09-18 00:00:00+00:00;692362.994;5.440975
2023-09-18 01:00:00+00:00;689852.393;4.103115000000001
2023-09-18 02:00:00+00:00;714700.767;3.346895
2023-09-18 03:00:00+00:00;784600.741;2.61504
2023-09-18 04:00:00+00:00;779483.665;1.75
2023-09-18 05:00:00+00:00;749562.809;2.979727
2023-09-18 06:00:00+00:00;690259.86;5.342625
2023-09-18 07:00:00+00:00;654948.486;7.5600675
2023-09-18 08:00:00+00:00;636300.809;9.7598745
2023-09-18 09:00:00+00:00;620645.532;10.531
2023-09-18 10:00:00+00:00;603406.971;11.5408405
2023-09-18 11:00:00+00:00;604584.377;11.812792
2023-09-18 12:00:00+00:00;642073.777;13.219
2023-09-18 13:00:00+00:00;709719.638;13.75
2023-09-18 14:00:00+00:00;758141.654;13.544999999999998
2023-09-18 15:00:00+00:00;830492.076;12.725
2023-09-18 16:00:00+00:00;957186.187;12.0033
2023-09-18 17:00:00+00:00;1039092.06;11.21025
2023-09-18 18:00:00+00:00;977071.298;10.109494999999999
2023-09-18 19:00:00+00:00;1158033.84;9.2293685
2023-09-18 20:00:00+00:00;1139867.038;8.4875
2023-09-18 21:00:00+00:00;968785.436;8.4875
2023-09-18 22:00:00+00:00;814685.333;8.4875
2023-09-18 23:00:00+00:00;746217.736;8.4875
2023-09-19 00:00:00+00:00;707272.431;8.4875
2023-09-19 01:00:00+00:00;685048.721;8.307500000000001
2023-09-19 02:00:00+00:00;690062.549;8.0875
2023-09-19 03:00:00+00:00;744902.889;7.4789445
2023-09-19 04:00:00+00:00;734129.335;7.075
2023-09-19 05:00:00+00:00;716534.891;7.834375
2023-09-19 06:00:00+00:00;689713.693;8.479915
2023-09-19 07:00:00+00:00;673522.102;9.1438
2023-09-19 08:00:00+00:00;673565.973;10.31917
2023-09-19 09:00:00+00:00;667427.213;11.7625
2023-09-19 10:00:00+00:00;667171.518;12.319
2023-09-19 11:00:00+00:00;680913.584;12.319
2023-09-19 12:00:00+00:00;733195.865;12.319
2023-09-19 13:00:00+00:00;816817.038;12.319
2023-09-19 14:00:00+00:00;872123.386;12.319
2023-09-19 15:00:00+00:00;939402.405;12.319
2023-09-19 16:00:00+00:00;1030645.699;12.319
2023-09-19 17:00:00+00:00;1040243.415;12.319
2023-09-19 18:00:00+00:00;930617.085;12.319
2023-09-19 19:00:00+00:00;1097399.29;12.5737475
2023-09-19 20:00:00+00:00;1064322.169;13.33799
2023-09-19 21:00:00+00:00;887644.367;13.33799
2023-09-19 22:00:00+00:00;743044.923;13.594942499999998
2023-09-19 23:00:00+00:00;673795.855;13.616200000000001
2023-09-20 00:00:00+00:00;626279.0;12.511700000000001
2023-09-20 01:00:00+00:00;595694.379;12.393946
2023-09-20 02:00:00+00:00;606603.104;12.44999
2023-09-20 03:00:00+00:00;669395.561;12.44999
2023-09-20 04:00:00+00:00;674285.345;12.44999
2023-09-20 05:00:00+00:00;669689.819;12.44999
2023-09-20 06:00:00+00:00;648961.405;12.44999
2023-09-20 07:00:00+00:00;639997.393;12.3279415
2023-09-20 08:00:00+00:00;643461.758;11.275
2023-09-20 09:00:00+00:00;636032.194;11.275
2023-09-20 10:00:00+00:00;627715.227;11.1706
2023-09-20 11:00:00+00:00;633623.12;9.7986595
2023-09-20 12:00:00+00:00;672300.521;8.4802795
2023-09-20 13:00:00+00:00;741422.722;8.1188
2023-09-20 14:00:00+00:00;791459.455;7.420050000000001
2023-09-20 15:00:00+00:00;872888.772;7.0438
2023-09-20 16:00:00+00:00;990139.7;7.0438
2023-09-20 17:00:00+00:00;1037441.69;7.0438
2023-09-20 18:00:00+00:00;940981.945;7.0438
2023-09-20 19:00:00+00:00;1108940.428;7.0438
2023-09-20 20:00:00+00:00;1068877.864;7.0438
2023-09-20 21:00:00+00:00;887685.658;6.140675
2023-09-20 22:00:00+00:00;727833.656;5.9813
2023-09-20 23:00:00+00:00;656751.524;5.5563
2023-09-21 00:00:00+00:00;615289.123;4.9188
2023-09-21 01:00:00+00:00;590033.779;4.966660500000001
2023-09-21 02:00:00+00:00;595651.477;5.03129
2023-09-21 03:00:00+00:00;652775.149;5.03129
2023-09-21 04:00:00+00:00;658196.944;5.03129
2023-09-21 05:00:00+00:00;649023.546;5.03129
2023-09-21 06:00:00+00:00;629150.962;5.03129
2023-09-21 07:00:00+00:00;621130.873;5.748797000000001
2023-09-21 08:00:00+00:00;622230.207;6.0563
2023-09-21 09:00:00+00:00;607818.053;6.3312975
2023-09-21 10:00:00+00:00;592189.567;7.568774
2023-09-21 11:00:00+00:00;600833.714;8.1875
2023-09-21 12:00:00+00:00;638173.092;8.1875
2023-09-21 13:00:00+00:00;700408.735;8.1875
2023-09-21 14:00:00+00:00;739697.974;8.1875
2023-09-21 15:00:00+00:00;801259.168;8.1875
2023-09-21 16:00:00+00:00;906601.857;8.1875
2023-09-21 17:00:00+00:00;958428.04;8.1875
2023-09-21 18:00:00+00:00;873711.193;9.085355
2023-09-21 19:00:00+00:00;1049244.02;10.508706
2023-09-21 20:00:00+00:00;1011913.135;11.4583995
2023-09-21 21:00:00+00:00;825827.546;12.673750000000002
2023-09-21 22:00:00+00:00;682237.492;13.437999999999999
2023-09-21 23:00:00+00:00;603481.706;13.437999999999999
2023-09-22 00:00:00+00:00;548614.385;14.464949999999998
2023-09-22 01:00:00+00:00;524655.658;14.4879455
2023-09-22 02:00:00+00:00;537658.452;14.44999
2023-09-22 03:00:00+00:00;599246.231;14.44999
2023-09-22 04:00:00+00:00;614660.532;14.44999
2023-09-22 05:00:00+00:00;607875.367;14.44999
2023-09-22 06:00:00+00:00;583217.002;15.116246499999999
2023-09-22 07:00:00+00:00;565810.625;15.5277995
2023-09-22 08:00:00+00:00;559883.644;17.178196
2023-09-22 09:00:00+00:00;547254.204;18.2174
2023-09-22 10:00:00+00:00;538537.809;19.0058
2023-09-22 11:00:00+00:00;547596.875;19.713
2023-09-22 12:00:00+00:00;579953.232;20.5169995
2023-09-22 13:00:00+00:00;631533.682;20.7736995
2023-09-22 14:00:00+00:00;679797.148;22.124093
2023-09-22 15:00:00+00:00;759161.352;21.418
2023-09-22 16:00:00+00:00;855121.163;19.1015
2023-09-22 17:00:00+00:00;883320.334;18.6
2023-09-22 18:00:00+00:00;807443.751;17.5436
2023-09-22 19:00:00+00:00;998277.098;17.488
2023-09-22 20:00:00+00:00;962562.956;17.488
2023-09-22 21:00:00+00:00;787070.569;17.488
2023-09-22 22:00:00+00:00;623526.468;17.488
2023-09-22 23:00:00+00:00;539446.026;17.488
2023-09-23 00:00:00+00:00;487976.06;17.488
2023-09-23 01:00:00+00:00;461303.152;17.15295
2023-09-23 02:00:00+00:00;455699.762;16.731
2023-09-23 03:00:00+00:00;473619.849;16.731
2023-09-23 04:00:00+00:00;492961.295;16.731
2023-09-23 05:00:00+00:00;565695.127;16.731
2023-09-23 06:00:00+00:00;622613.771;16.731
2023-09-23 07:00:00+00:00;658520.658;16.731
2023-09-23 08:00:00+00:00;686408.441;16.731
2023-09-23 09:00:00+00:00;690885.766;17.49075
2023-09-23 10:00:00+00:00;680316.394;18.1214995
2023-09-23 11:00:00+00:00;678855.836;18.806
2023-09-23 12:00:00+00:00;704054.721;18.806
2023-09-23 13:00:00+00:00;755043.588;18.1436435
2023-09-23 14:00:00+00:00;831002.356;17.78699
2023-09-23 15:00:00+00:00;927404.399;16.719
2023-09-23 16:00:00+00:00;986915.773;16.719
2023-09-23 17:00:00+00:00;951716.021;15.81035
2023-09-23 18:00:00+00:00;832449.033;15.035
2023-09-23 19:00:00+00:00;1014129.932;14.625
2023-09-23 20:00:00+00:00;995615.596;14.625
2023-09-23 21:00:00+00:00;817419.602;14.625
2023-09-23 22:00:00+00:00;660231.922;14.194999999999999
2023-09-23 23:00:00+00:00;583769.035;12.7371495
2023-09-24 00:00:00+00:00;538350.603;11.635200000000001
2023-09-24 01:00:00+00:00;519924.654;11.1066
2023-09-24 02:00:00+00:00;515796.542;10.638
2023-09-24 03:00:00+00:00;521432.635;10.638
2023-09-24 04:00:00+00:00;529307.303;10.638
2023-09-24 05:00:00+00:00;591289.805;11.0988
2023-09-24 06:00:00+00:00;646995.482;12.384400000000001
2023-09-24 07:00:00+00:00;687047.209;13.7663475
2023-09-24 08:00:00+00:00;708698.074;13.68099
2023-09-24 09:00:00+00:00;706384.174;13.68099
2023-09-24 10:00:00+00:00;702335.429;13.68099
2023-09-24 11:00:00+00:00;703295.666;13.68099
2023-09-24 12:00:00+00:00;705261.742;13.68529
2023-09-24 13:00:00+00:00;729267.17;14.818999999999999
2023-09-24 14:00:00+00:00;781241.269;14.5588485
2023-09-24 15:00:00+00:00;889145.389;13.337594999999999
2023-09-24 16:00:00+00:00;999390.391;12.3366
2023-09-24 17:00:00+00:00;992587.988;11.13085
2023-09-24 18:00:00+00:00;883271.617;10.014994
2023-09-24 19:00:00+00:00;1051550.023;8.990615
2023-09-24 20:00:00+00:00;1033897.436;8.51249
2023-09-24 21:00:00+00:00;866514.145;8.51249
2023-09-24 22:00:00+00:00;720932.508;8.51249
2023-09-24 23:00:00+00:00;655626.558;8.51249
2023-09-25 00:00:00+00:00;625999.026;8.51249
2023-09-25 01:00:00+00:00;618805.544;8.355014
2023-09-25 02:00:00+00:00;637790.416;8.1188
2023-09-25 03:00:00+00:00;698242.798;7.3171925
2023-09-25 04:00:00+00:00;707982.73;7.049989999999999
2023-09-25 05:00:00+00:00;692988.289;7.5168695
2023-09-25 06:00:00+00:00;657511.522;8.6980635
2023-09-25 07:00:00+00:00;632225.597;9.875945
2023-09-25 08:00:00+00:00;621487.054;11.4032985
2023-09-25 09:00:00+00:00;601754.969;12.949996500000001
2023-09-25 10:00:00+00:00;590479.555;13.375
2023-09-25 11:00:00+00:00;601381.515;13.375
2023-09-25 12:00:00+00:00;646684.764;12.704843499999999
2023-09-25 13:00:00+00:00;722517.716;12.34399
2023-09-25 14:00:00+00:00;776320.359;12.34399
2023-09-25 15:00:00+00:00;849888.126;12.34399
2023-09-25 16:00:00+00:00;956143.785;12.34399
2023-09-25 17:00:00+00:00;984591.408;12.34399
2023-09-25 18:00:00+00:00;896762.43;12.34399
2023-09-25 19:00:00+00:00;1075989.292;12.34399
2023-09-25 20:00:00+00:00;1040814.23;13.1082475
2023-09-25 21:00:00+00:00;858260.78;13.363
2023-09-25 22:00:00+00:00;718024.709;13.363
2023-09-25 23:00:00+00:00;651317.694;13.363
2023-09-26 00:00:00+00:00;593736.023;13.363
2023-09-26 01:00:00+00:00;571056.95;13.643
2023-09-26 02:00:00+00:00;582664.191;14.062999999999999
2023-09-26 03:00:00+00:00;647356.391;14.062999999999999
2023-09-26 04:00:00+00:00;654890.185;14.062999999999999
2023-09-26 05:00:00+00:00;644845.664;14.062999999999999
2023-09-26 06:00:00+00:00;617015.165;14.062999999999999
2023-09-26 07:00:00+00:00;603768.862;14.062999999999999
2023-09-26 08:00:00+00:00;604409.23;14.062999999999999
2023-09-26 09:00:00+00:00;591539.237;14.062999999999999
2023-09-26 10:00:00+00:00;579042.228;15.0584
2023-09-26 11:00:00+00:00;588263.758;15.169
2023-09-26 12:00:00+00:00;630725.113;15.169
2023-09-26 13:00:00+00:00;697575.001;15.169
2023-09-26 14:00:00+00:00;743241.855;15.169
2023-09-26 15:00:00+00:00;818563.179;14.9291975
2023-09-26 16:00:00+00:00;942047.365;14.08799
2023-09-26 17:00:00+00:00;985363.229;13.07499
2023-09-26 18:00:00+00:00;894271.704;13.0459405
2023-09-26 19:00:00+00:00;1067434.078;12.069
2023-09-26 20:00:00+00:00;1045736.393;12.069
2023-09-26 21:00:00+00:00;869814.396;12.069
2023-09-26 22:00:00+00:00;703185.945;11.60775
2023-09-26 23:00:00+00:00;628941.768;11.044
2023-09-27 00:00:00+00:00;583079.058;11.044
2023-09-27 01:00:00+00:00;563351.115;11.0716
2023-09-27 02:00:00+00:00;579314.411;11.113
2023-09-27 03:00:00+00:00;644550.637;11.113
2023-09-27 04:00:00+00:00;650996.664;11.113
2023-09-27 05:00:00+00:00;635371.158;11.113
2023-09-27 06:00:00+00:00;600831.426;11.113
2023-09-27 07:00:00+00:00;585177.262;11.113
2023-09-27 08:00:00+00:00;593515.829;11.113
2023-09-27 09:00:00+00:00;591770.658;12.004650000000002
2023-09-27 10:00:00+00:00;587330.209;12.592250000000002
2023-09-27 11:00:00+00:00;600525.545;13.7119
2023-09-27 12:00:00+00:00;658188.385;14.244
2023-09-27 13:00:00+00:00;738017.739;14.244
2023-09-27 14:00:00+00:00;798294.689;14.244
2023-09-27 15:00:00+00:00;880811.896;13.7095
2023-09-27 16:00:00+00:00;985291.071;13.175
2023-09-27 17:00:00+00:00;995147.448;13.175
2023-09-27 18:00:00+00:00;886804.454;13.175
2023-09-27 19:00:00+00:00;1052046.773;13.175
2023-09-27 20:00:00+00:00;1014337.396;13.175
2023-09-27 21:00:00+00:00;837709.956;13.175
2023-09-27 22:00:00+00:00;676721.604;13.175
2023-09-27 23:00:00+00:00;601880.892;13.175
2023-09-28 00:00:00+00:00;560549.991;13.175
2023-09-28 01:00:00+00:00;543282.105;13.057400000000001
2023-09-28 02:00:00+00:00;554148.341;12.881
2023-09-28 03:00:00+00:00;622582.135;12.881
2023-09-28 04:00:00+00:00;635486.0;12.881
2023-09-28 05:00:00+00:00;620372.555;12.881
2023-09-28 06:00:00+00:00;587877.54;12.881
2023-09-28 07:00:00+00:00;571010.081;12.881
2023-09-28 08:00:00+00:00;564582.815;12.881
2023-09-28 09:00:00+00:00;547276.349;13.14185
2023-09-28 10:00:00+00:00;535415.612;13.9679
2023-09-28 11:00:00+00:00;546307.363;14.175
2023-09-28 12:00:00+00:00;592304.519;14.175
2023-09-28 13:00:00+00:00;658474.281;14.175
2023-09-28 14:00:00+00:00;700811.583;14.175
2023-09-28 15:00:00+00:00;777604.243;13.8096
2023-09-28 16:00:00+00:00;907604.831;12.183499999999999
2023-09-28 17:00:00+00:00;970821.212;11.006
2023-09-28 18:00:00+00:00;892350.58;11.006
2023-09-28 19:00:00+00:00;1070755.991;11.006
2023-09-28 20:00:00+00:00;1036920.31;11.00695
2023-09-28 21:00:00+00:00;869007.46;11.025
2023-09-28 22:00:00+00:00;707171.735;11.025
2023-09-28 23:00:00+00:00;619040.329;11.025
2023-09-29 00:00:00+00:00;564538.762;11.025
2023-09-29 01:00:00+00:00;540112.904;10.4180395
2023-09-29 02:00:00+00:00;551709.835;9.96879
2023-09-29 03:00:00+00:00;613692.704;10.9303895
2023-09-29 04:00:00+00:00;633794.621;10.981
2023-09-29 05:00:00+00:00;635102.935;10.981
2023-09-29 06:00:00+00:00;618416.782;11.6557
2023-09-29 07:00:00+00:00;613263.518;12.019
2023-09-29 08:00:00+00:00;618625.748;12.1229
2023-09-29 09:00:00+00:00;611488.983;13.1
2023-09-29 10:00:00+00:00;607448.625;13.4428
2023-09-29 11:00:00+00:00;624674.389;14.144
2023-09-29 12:00:00+00:00;665676.56;14.144
2023-09-29 13:00:00+00:00;724006.579;14.973592
2023-09-29 14:00:00+00:00;776547.692;15.18099
2023-09-29 15:00:00+00:00;850579.414;15.18099
2023-09-29 16:00:00+00:00;936398.633;15.18099
2023-09-29 17:00:00+00:00;933880.535;14.23099
2023-09-29 18:00:00+00:00;853632.9;14.18099
2023-09-29 19:00:00+00:00;1062164.685;14.18099
2023-09-29 20:00:00+00:00;1030385.656;14.18099
2023-09-29 21:00:00+00:00;846977.83;14.18099
2023-09-29 22:00:00+00:00;696215.54;14.18099
2023-09-29 23:00:00+00:00;613293.162;14.18099
2023-09-30 00:00:00+00:00;562274.245;14.18099
2023-09-30 01:00:00+00:00;529712.48;13.915144000000002
2023-09-30 02:00:00+00:00;522583.181;13.5
2023-09-30 03:00:00+00:00;540609.694;13.5
2023-09-30 04:00:00+00:00;557674.192;13.5
2023-09-30 05:00:00+00:00;631013.018;13.5
2023-09-30 06:00:00+00:00;688978.031;13.5
2023-09-30 07:00:00+00:00;718210.804;13.5
2023-09-30 08:00:00+00:00;732609.18;14.0807945
2023-09-30 09:00:00+00:00;725586.201;14.55599
2023-09-30 10:00:00+00:00;712208.272;14.55599
2023-09-30 11:00:00+00:00;706666.589;15.581
2023-09-30 12:00:00+00:00;725897.327;15.581
2023-09-30 13:00:00+00:00;775256.395;15.41225
2023-09-30 14:00:00+00:00;865141.41;14.456
2023-09-30 15:00:00+00:00;994302.485;13.983500000000001
2023-09-30 16:00:00+00:00;1070229.932;13.406
2023-09-30 17:00:00+00:00;1010694.991;13.406
2023-09-30 18:00:00+00:00;889123.844;13.406
2023-09-30 19:00:00+00:00;1081187.074;12.780199999999999
2023-09-30 20:00:00+00:00;1070470.972;12.363
2023-09-30 21:00:00+00:00;898257.562;12.363
2023-09-30 22:00:00+00:00;743900.233;12.444
2023-09-30 23:00:00+00:00;662441.597;12.444
2023-10-01 00:00:00+00:00;616344.823;12.444
2023-10-01 01:00:00+00:00;586497.253;12.4344
2023-10-01 02:00:00+00:00;577758.372;12.412
2023-10-01 03:00:00+00:00;588265.919;12.412
2023-10-01 04:00:00+00:00;595922.234;12.1102
2023-10-01 05:00:00+00:00;663946.525;11.406
2023-10-01 06:00:00+00:00;726597.123;11.406
2023-10-01 07:00:00+00:00;768137.03;10.569849999999999
2023-10-01 08:00:00+00:00;793284.184;10.369
2023-10-01 09:00:00+00:00;792788.425;10.369
2023-10-01 10:00:00+00:00;788224.437;9.9414
2023-10-01 11:00:00+00:00;789023.716;9.3
2023-10-01 12:00:00+00:00;800329.681;9.3
2023-10-01 13:00:00+00:00;833785.02;9.3
2023-10-01 14:00:00+00:00;904228.735;9.3
2023-10-01 15:00:00+00:00;1019807.803;9.3
2023-10-01 16:00:00+00:00;1107635.598;9.3
2023-10-01 17:00:00+00:00;1058838.516;9.3
2023-10-01 18:00:00+00:00;963286.47;9.3
2023-10-01 19:00:00+00:00;1142064.013;9.3
2023-10-01 20:00:00+00:00;1131286.144;9.3
2023-10-01 21:00:00+00:00;965609.782;9.3
2023-10-01 22:00:00+00:00;820493.228;9.042200000000001
2023-10-01 23:00:00+00:00;736810.256;8.2688
2023-10-02 00:00:00+00:00;685153.688;8.2688
2023-10-02 01:00:00+00:00;665854.702;8.2347835
2023-10-02 02:00:00+00:00;680921.545;8.00619
2023-10-02 03:00:00+00:00;748148.311;8.00619
2023-10-02 04:00:00+00:00;752120.031;8.00619
2023-10-02 05:00:00+00:00;738074.849;8.00619
2023-10-02 06:00:00+00:00;698446.511;7.64061
2023-10-02 07:00:00+00:00;669344.868;8.109395000000001
2023-10-02 08:00:00+00:00;653932.357;9.5112915
2023-10-02 09:00:00+00:00;633491.359;10.283916000000001
2023-10-02 10:00:00+00:00;615652.581;10.694
2023-10-02 11:00:00+00:00;618577.255;10.694
2023-10-02 12:00:00+00:00;655943.981;10.694
2023-10-02 13:00:00+00:00;729368.425;10.694
2023-10-02 14:00:00+00:00;782393.733;10.694
2023-10-02 15:00:00+00:00;859296.314;9.730835
2023-10-02 16:00:00+00:00;964924.915;9.5237835
2023-10-02 17:00:00+00:00;1008328.547;8.63119
2023-10-02 18:00:00+00:00;972831.349;8.63119
2023-10-02 19:00:00+00:00;1163716.92;8.63119
2023-10-02 20:00:00+00:00;1132941.835;8.63119
2023-10-02 21:00:00+00:00;953801.258;8.63119
2023-10-02 22:00:00+00:00;798188.172;8.63119
2023-10-02 23:00:00+00:00;722619.462;8.63119
2023-10-03 00:00:00+00:00;664847.929;8.3749675
2023-10-03 01:00:00+00:00;638360.176;7.626600000000001
2023-10-03 02:00:00+00:00;649711.635;7.6875
2023-10-03 03:00:00+00:00;715324.333;7.6875
2023-10-03 04:00:00+00:00;718321.865;7.6875
2023-10-03 05:00:00+00:00;694955.4;7.6875
2023-10-03 06:00:00+00:00;668149.765;7.9825
2023-10-03 07:00:00+00:00;653106.75;8.425
2023-10-03 08:00:00+00:00;649905.406;8.74375
2023-10-03 09:00:00+00:00;642866.688;9.4875
2023-10-03 10:00:00+00:00;642482.234;9.4875
2023-10-03 11:00:00+00:00;656191.512;9.4875
2023-10-03 12:00:00+00:00;699204.124;10.171775
2023-10-03 13:00:00+00:00;773339.295;10.55
2023-10-03 14:00:00+00:00;834144.313;10.55
2023-10-03 15:00:00+00:00;916521.137;9.7953425
2023-10-03 16:00:00+00:00;1019989.896;9.54379
2023-10-03 17:00:00+00:00;1038385.263;9.54379
2023-10-03 18:00:00+00:00;1011929.508;9.135035499999999
2023-10-03 19:00:00+00:00;1198231.013;8.53129
2023-10-03 20:00:00+00:00;1178808.487;8.53129
2023-10-03 21:00:00+00:00;1001043.477;8.53129
2023-10-03 22:00:00+00:00;847922.062;8.53129
2023-10-03 23:00:00+00:00;775057.564;8.53129
2023-10-04 00:00:00+00:00;729823.888;7.99379
2023-10-04 01:00:00+00:00;701019.439;7.4551715000000005
2023-10-04 02:00:00+00:00;711088.062;7.45
2023-10-04 03:00:00+00:00;774526.656;7.45
2023-10-04 04:00:00+00:00;770410.382;7.45
2023-10-04 05:00:00+00:00;758876.773;7.45
2023-10-04 06:00:00+00:00;735480.192;8.02409
2023-10-04 07:00:00+00:00;711958.709;8.70004
2023-10-04 08:00:00+00:00;699130.528;10.08545
2023-10-04 09:00:00+00:00;674038.747;11.1776
2023-10-04 10:00:00+00:00;662135.245;12.126946499999999
2023-10-04 11:00:00+00:00;683791.86;12.94999
2023-10-04 12:00:00+00:00;727083.576;12.94999
2023-10-04 13:00:00+00:00;795131.998;12.94999
2023-10-04 14:00:00+00:00;853716.001;12.039199
2023-10-04 15:00:00+00:00;951737.306;11.525200000000002
2023-10-04 16:00:00+00:00;1063670.941;10.906
2023-10-04 17:00:00+00:00;1147481.908;10.906
2023-10-04 18:00:00+00:00;1058224.364;10.58618
2023-10-04 19:00:00+00:00;1239003.466;9.8313
2023-10-04 20:00:00+00:00;1218037.387;8.928175
2023-10-04 21:00:00+00:00;1062318.886;7.603792
2023-10-04 22:00:00+00:00;895646.656;6.4109750000000005
2023-10-04 23:00:00+00:00;813779.638;5.6375
2023-10-05 00:00:00+00:00;770540.768;4.92396
2023-10-05 01:00:00+00:00;745212.108;4.6063
2023-10-05 02:00:00+00:00;759983.073;3.9931669999999997
2023-10-05 03:00:00+00:00;829801.952;2.7891005
2023-10-05 04:00:00+00:00;837940.03;1.75
2023-10-05 05:00:00+00:00;829244.34;1.75
2023-10-05 06:00:00+00:00;788482.881;1.75
2023-10-05 07:00:00+00:00;759125.458;2.860305
2023-10-05 08:00:00+00:00;745517.564;4.1923695
2023-10-05 09:00:00+00:00;725986.13;5.5212140000000005
2023-10-05 10:00:00+00:00;713006.758;6.468745
2023-10-05 11:00:00+00:00;734631.149;6.9938
2023-10-05 12:00:00+00:00;783116.471;6.9938
2023-10-05 13:00:00+00:00;865470.127;6.9938
2023-10-05 14:00:00+00:00;938385.177;6.9938
2023-10-05 15:00:00+00:00;1050758.86;6.9938
2023-10-05 16:00:00+00:00;1198711.955;6.9938
2023-10-05 17:00:00+00:00;1241128.064;6.1979675
2023-10-05 18:00:00+00:00;1167225.656;5.98749
2023-10-05 19:00:00+00:00;1372049.47;5.98749
2023-10-05 20:00:00+00:00;1371219.788;5.98749
2023-10-05 21:00:00+00:00;1211349.105;5.98749
2023-10-05 22:00:00+00:00;1070004.553;5.2928415
2023-10-05 23:00:00+00:00;1004171.466;4.228175
2023-10-06 00:00:00+00:00;970972.099;3.230147
2023-10-06 01:00:00+00:00;953469.949;1.1887225
2023-10-06 02:00:00+00:00;977472.057;0.0
2023-10-06 03:00:00+00:00;1056876.955;0.0
2023-10-06 04:00:00+00:00;1073194.503;-0.626823
2023-10-06 05:00:00+00:00;1062858.557;-1.0062
2023-10-06 06:00:00+00:00;1005074.89;0.04969
2023-10-06 07:00:00+00:00;931041.506;1.775897
2023-10-06 08:00:00+00:00;879551.078;3.984239
2023-10-06 09:00:00+00:00;839389.667;5.737154500000001
2023-10-06 10:00:00+00:00;821455.19;6.325
2023-10-06 11:00:00+00:00;838742.988;6.325
2023-10-06 12:00:00+00:00;894349.089;6.325
2023-10-06 13:00:00+00:00;982529.704;6.325
2023-10-06 14:00:00+00:00;1072934.335;5.8159105
2023-10-06 15:00:00+00:00;1188394.427;4.567476000000001
2023-10-06 16:00:00+00:00;1284429.466;4.15
2023-10-06 17:00:00+00:00;1267540.608;3.6332500000000003
2023-10-06 18:00:00+00:00;1178887.509;3.0813
2023-10-06 19:00:00+00:00;1394450.479;3.0813
2023-10-06 20:00:00+00:00;1395766.703;2.3500500000000004
2023-10-06 21:00:00+00:00;1215756.012;2.2688
2023-10-06 22:00:00+00:00;1050260.262;2.2688
2023-10-06 23:00:00+00:00;953490.254;2.2688
2023-10-07 00:00:00+00:00;896473.402;2.2688
2023-10-07 01:00:00+00:00;864863.108;2.6297165000000002
2023-10-07 02:00:00+00:00;845892.8;3.29999
2023-10-07 03:00:00+00:00;860766.192;3.29999
2023-10-07 04:00:00+00:00;855144.251;3.29999
2023-10-07 05:00:00+00:00;937143.568;3.29999
2023-10-07 06:00:00+00:00;1010478.207;3.29999
2023-10-07 07:00:00+00:00;1065830.289;2.318829
2023-10-07 08:00:00+00:00;1099913.535;2.2562
2023-10-07 09:00:00+00:00;1103960.98;2.2562
2023-10-07 10:00:00+00:00;1094156.224;2.2562
2023-10-07 11:00:00+00:00;1093700.001;2.2562
2023-10-07 12:00:00+00:00;1119942.77;1.6925050000000001
2023-10-07 13:00:00+00:00;1182931.994;1.2313
2023-10-07 14:00:00+00:00;1295745.1;1.2313
2023-10-07 15:00:00+00:00;1444214.7;1.2313
2023-10-07 16:00:00+00:00;1514354.302;1.2313
2023-10-07 17:00:00+00:00;1428553.834;1.2313
2023-10-07 18:00:00+00:00;1293515.262;1.2313
2023-10-07 19:00:00+00:00;1501536.282;1.2313
2023-10-07 20:00:00+00:00;1528332.199;1.2313
2023-10-07 21:00:00+00:00;1376272.391;1.2313
2023-10-07 22:00:00+00:00;1208816.246;1.2313
2023-10-07 23:00:00+00:00;1120027.82;1.2313
2023-10-08 00:00:00+00:00;1064959.712;1.2313
2023-10-08 01:00:00+00:00;1033841.679;1.2313
2023-10-08 02:00:00+00:00;1021593.667;0.8531185000000001
2023-10-08 03:00:00+00:00;1027015.834;0.85
2023-10-08 04:00:00+00:00;1009670.679;0.85
2023-10-08 05:00:00+00:00;1081287.224;0.85
2023-10-08 06:00:00+00:00;1144296.871;0.85
2023-10-08 07:00:00+00:00;1175029.488;0.85
2023-10-08 08:00:00+00:00;1185383.666;1.35
2023-10-08 09:00:00+00:00;1159844.72;1.85
2023-10-08 10:00:00+00:00;1124379.866;1.85
2023-10-08 11:00:00+00:00;1101722.046;2.3562450000000004
2023-10-08 12:00:00+00:00;1106226.536;2.86249
2023-10-08 13:00:00+00:00;1146359.216;3.078732
2023-10-08 14:00:00+00:00;1232226.652;3.71746
2023-10-08 15:00:00+00:00;1382797.776;1.7951599999999999
2023-10-08 16:00:00+00:00;1493041.196;0.633438
2023-10-08 17:00:00+00:00;1442589.256;-0.51249
2023-10-08 18:00:00+00:00;1330884.401;-0.6709215000000001
2023-10-08 19:00:00+00:00;1528804.216;-1.5687
2023-10-08 20:00:00+00:00;1551529.705;-1.5687
2023-10-08 21:00:00+00:00;1410739.28;-1.5687
2023-10-08 22:00:00+00:00;1260277.118;-1.5687
2023-10-08 23:00:00+00:00;1189435.453;-1.5687
2023-10-09 00:00:00+00:00;1132485.838;-1.5687
2023-10-09 01:00:00+00:00;1106658.119;-1.59183
2023-10-09 02:00:00+00:00;1122513.669;-1.8
2023-10-09 03:00:00+00:00;1187381.041;-1.8
2023-10-09 04:00:00+00:00;1163189.369;-1.8
2023-10-09 05:00:00+00:00;1138240.246;-1.8
2023-10-09 06:00:00+00:00;1089197.822;-1.8
2023-10-09 07:00:00+00:00;1043629.881;-0.9035945
2023-10-09 08:00:00+00:00;1012680.912;0.22431399999999999
2023-10-09 09:00:00+00:00;971367.254;1.0334955000000001
2023-10-09 10:00:00+00:00;928940.68;1.692491
2023-10-09 11:00:00+00:00;918196.298;2.9228345
2023-10-09 12:00:00+00:00;954723.217;3.15629
2023-10-09 13:00:00+00:00;1034695.636;4.2157155
2023-10-09 14:00:00+00:00;1105089.761;3.0483175
2023-10-09 15:00:00+00:00;1210161.919;1.1894200000000001
2023-10-09 16:00:00+00:00;1333641.276;0.0
2023-10-09 17:00:00+00:00;1361633.376;0.0
2023-10-09 18:00:00+00:00;1307836.626;0.0
2023-10-09 19:00:00+00:00;1543096.951;0.0
2023-10-09 20:00:00+00:00;1596700.622;0.0
2023-10-09 21:00:00+00:00;1478195.485;-0.503814
2023-10-09 22:00:00+00:00;1331061.603;-1.02499
2023-10-09 23:00:00+00:00;1284149.728;-1.02499
2023-10-10 00:00:00+00:00;1233616.392;-1.02499
2023-10-10 01:00:00+00:00;1203935.256;-1.7686135
2023-10-10 02:00:00+00:00;1212131.964;-2.36879
2023-10-10 03:00:00+00:00;1266422.454;-2.36879
2023-10-10 04:00:00+00:00;1229768.263;-2.36879
2023-10-10 05:00:00+00:00;1191042.763;-2.36879
2023-10-10 06:00:00+00:00;1132638.48;-2.00563
2023-10-10 07:00:00+00:00;1091492.715;-0.18612900000000002
2023-10-10 08:00:00+00:00;1060043.111;0.570625
2023-10-10 09:00:00+00:00;1017148.518;1.530435
2023-10-10 10:00:00+00:00;980026.877;2.2523885
2023-10-10 11:00:00+00:00;973557.681;3.15629
2023-10-10 12:00:00+00:00;1005787.291;3.1700505
2023-10-10 13:00:00+00:00;1080066.423;4.1875
2023-10-10 14:00:00+00:00;1159892.572;3.423475
2023-10-10 15:00:00+00:00;1269522.752;3.1688
2023-10-10 16:00:00+00:00;1404249.771;2.4600429999999998
2023-10-10 17:00:00+00:00;1444597.056;2.15629
2023-10-10 18:00:00+00:00;1335116.138;2.15629
2023-10-10 19:00:00+00:00;1530542.018;2.15629
2023-10-10 20:00:00+00:00;1532669.581;2.15629
2023-10-10 21:00:00+00:00;1362885.448;2.15629
2023-10-10 22:00:00+00:00;1197896.91;2.15629
2023-10-10 23:00:00+00:00;1107801.765;2.15629
2023-10-11 00:00:00+00:00;1036387.722;2.15629
2023-10-11 01:00:00+00:00;987558.599;2.3949599999999998
2023-10-11 02:00:00+00:00;973843.094;2.89999
2023-10-11 03:00:00+00:00;1015726.266;2.89999
2023-10-11 04:00:00+00:00;985141.713;2.89999
2023-10-11 05:00:00+00:00;964836.125;2.89999
2023-10-11 06:00:00+00:00;940958.117;3.730778
2023-10-11 07:00:00+00:00;929098.546;3.95
2023-10-11 08:00:00+00:00;926120.696;3.95
2023-10-11 09:00:00+00:00;908724.511;4.9175
2023-10-11 10:00:00+00:00;898789.166;5.025
2023-10-11 11:00:00+00:00;905652.628;5.328747
2023-10-11 12:00:00+00:00;949801.182;6.03749
2023-10-11 13:00:00+00:00;1028023.012;6.03749
2023-10-11 14:00:00+00:00;1086063.687;6.03749
2023-10-11 15:00:00+00:00;1169593.736;6.03749
2023-10-11 16:00:00+00:00;1250344.616;6.03749
2023-10-11 17:00:00+00:00;1234123.988;6.03749
2023-10-11 18:00:00+00:00;1123256.558;6.03749
2023-10-11 19:00:00+00:00;1325126.056;6.03749
2023-10-11 20:00:00+00:00;1326889.151;6.82034
2023-10-11 21:00:00+00:00;1170495.439;6.973161
2023-10-11 22:00:00+00:00;1013330.347;5.718717
2023-10-11 23:00:00+00:00;948272.626;4.30999
2023-10-12 00:00:00+00:00;908097.725;3.504309
2023-10-12 01:00:00+00:00;880769.412;2.6828475000000003
2023-10-12 02:00:00+00:00;887928.453;2.23749
2023-10-12 03:00:00+00:00;949506.796;2.23749
2023-10-12 04:00:00+00:00;945849.56;2.23749
2023-10-12 05:00:00+00:00;946332.451;2.23749
2023-10-12 06:00:00+00:00;928291.523;2.23749
2023-10-12 07:00:00+00:00;906480.912;2.049995
2023-10-12 08:00:00+00:00;904473.518;1.8625
2023-10-12 09:00:00+00:00;895406.767;1.8625
2023-10-12 10:00:00+00:00;886277.494;1.8625
2023-10-12 11:00:00+00:00;897820.721;1.8625
2023-10-12 12:00:00+00:00;945787.046;1.8625
2023-10-12 13:00:00+00:00;1030928.478;1.8625
2023-10-12 14:00:00+00:00;1106463.715;1.8625
2023-10-12 15:00:00+00:00;1211676.803;1.8625
2023-10-12 16:00:00+00:00;1325385.594;1.8625
2023-10-12 17:00:00+00:00;1338599.673;1.8625
2023-10-12 18:00:00+00:00;1246607.447;2.1081879999999997
2023-10-12 19:00:00+00:00;1451617.816;2.89999
2023-10-12 20:00:00+00:00;1452970.998;2.89999
2023-10-12 21:00:00+00:00;1294518.628;2.89999
2023-10-12 22:00:00+00:00;1128496.755;2.89999
2023-10-12 23:00:00+00:00;1034237.09;2.89999
2023-10-13 00:00:00+00:00;978599.797;2.89999
2023-10-13 01:00:00+00:00;951780.015;2.718133
2023-10-13 02:00:00+00:00;965368.213;2.2938
2023-10-13 03:00:00+00:00;1031509.853;2.2938
2023-10-13 04:00:00+00:00;1030773.791;2.2938
2023-10-13 05:00:00+00:00;1016674.227;2.2938
2023-10-13 06:00:00+00:00;972813.422;2.2938
2023-10-13 07:00:00+00:00;925021.365;3.1013
2023-10-13 08:00:00+00:00;894631.164;3.2938
2023-10-13 09:00:00+00:00;863955.773;4.003432999999999
2023-10-13 10:00:00+00:00;850180.11;4.34999
2023-10-13 11:00:00+00:00;858997.093;4.34999
2023-10-13 12:00:00+00:00;905103.156;5.063157
2023-10-13 13:00:00+00:00;986137.255;5.3688
2023-10-13 14:00:00+00:00;1073290.174;4.565152
2023-10-13 15:00:00+00:00;1207276.06;2.372498
2023-10-13 16:00:00+00:00;1314031.546;1.346875
2023-10-13 17:00:00+00:00;1294940.301;0.0340785
2023-10-13 18:00:00+00:00;1207622.733;0.0
2023-10-13 19:00:00+00:00;1434935.84;0.0
2023-10-13 20:00:00+00:00;1438796.424;0.0
2023-10-13 21:00:00+00:00;1263171.371;0.6703450000000001
2023-10-13 22:00:00+00:00;1085592.395;1.0313
2023-10-13 23:00:00+00:00;990667.828;1.0313
2023-10-14 00:00:00+00:00;928124.366;1.86626
2023-10-14 01:00:00+00:00;893153.19;2.24375
2023-10-14 02:00:00+00:00;875277.581;2.6375
2023-10-14 03:00:00+00:00;878325.511;2.6375
2023-10-14 04:00:00+00:00;851897.246;2.6375
2023-10-14 05:00:00+00:00;913124.174;2.6375
2023-10-14 06:00:00+00:00;966854.714;3.3159635
2023-10-14 07:00:00+00:00;997273.798;3.6812899999999997
2023-10-14 08:00:00+00:00;1014452.387;3.6812899999999997
2023-10-14 09:00:00+00:00;1006886.811;3.6812899999999997
2023-10-14 10:00:00+00:00;987133.322;3.9705025
2023-10-14 11:00:00+00:00;979026.111;4.7438
2023-10-14 12:00:00+00:00;994473.704;4.952538
2023-10-14 13:00:00+00:00;1047500.949;5.78749
2023-10-14 14:00:00+00:00;1156687.673;5.78749
2023-10-14 15:00:00+00:00;1303955.68;6.825
2023-10-14 16:00:00+00:00;1356934.557;6.1922545
2023-10-14 17:00:00+00:00;1277208.557;5.71879
2023-10-14 18:00:00+00:00;1150933.161;4.700425
2023-10-14 19:00:00+00:00;1366639.149;4.6688
2023-10-14 20:00:00+00:00;1390114.851;4.6688
2023-10-14 21:00:00+00:00;1224222.767;4.6688
2023-10-14 22:00:00+00:00;1065620.661;4.6688
2023-10-14 23:00:00+00:00;973014.714;4.6688
2023-10-15 00:00:00+00:00;910100.799;4.6688
2023-10-15 01:00:00+00:00;870571.491;4.597106999999999
2023-10-15 02:00:00+00:00;860677.388;4.44369
2023-10-15 03:00:00+00:00;873756.434;4.44369
2023-10-15 04:00:00+00:00;864132.164;4.44369
2023-10-15 05:00:00+00:00;939558.614;4.44369
2023-10-15 06:00:00+00:00;1008659.01;4.44369
2023-10-15 07:00:00+00:00;1054231.67;4.44369
2023-10-15 08:00:00+00:00;1079830.243;4.1011185
2023-10-15 09:00:00+00:00;1074838.434;3.3187000000000006
2023-10-15 10:00:00+00:00;1061659.571;3.3187000000000006
2023-10-15 11:00:00+00:00;1055545.203;2.321295
2023-10-15 12:00:00+00:00;1067790.258;2.2688
2023-10-15 13:00:00+00:00;1112265.228;2.2688
2023-10-15 14:00:00+00:00;1203046.262;2.2688
2023-10-15 15:00:00+00:00;1342123.043;2.2688
2023-10-15 16:00:00+00:00;1416292.36;2.2688
2023-10-15 17:00:00+00:00;1354921.318;2.2688
2023-10-15 18:00:00+00:00;1248363.456;2.2688
2023-10-15 19:00:00+00:00;1462750.019;2.2688
2023-10-15 20:00:00+00:00;1487647.595;2.371919
2023-10-15 21:00:00+00:00;1345035.045;3.29999
2023-10-15 22:00:00+00:00;1180503.606;3.29999
2023-10-15 23:00:00+00:00;1095430.613;3.29999
2023-10-16 00:00:00+00:00;1046435.201;3.29999
2023-10-16 01:00:00+00:00;1020943.295;3.455603
2023-10-16 02:00:00+00:00;1030982.433;3.8187000000000006
2023-10-16 03:00:00+00:00;1079281.398;3.8187000000000006
2023-10-16 04:00:00+00:00;1060623.302;3.8187000000000006
2023-10-16 05:00:00+00:00;1073974.73;3.8187000000000006
2023-10-16 06:00:00+00:00;1053987.206;3.8187000000000006
2023-10-16 07:00:00+00:00;1020824.721;3.8187000000000006
2023-10-16 08:00:00+00:00;1002188.263;3.8187000000000006
2023-10-16 09:00:00+00:00;981109.912;3.8187000000000006
2023-10-16 10:00:00+00:00;959644.238;3.8187000000000006
2023-10-16 11:00:00+00:00;960583.017;3.8187000000000006
2023-10-16 12:00:00+00:00;1000337.303;3.8187000000000006
2023-10-16 13:00:00+00:00;1081502.23;3.8187000000000006
2023-10-16 14:00:00+00:00;1165100.326;3.8349865000000003
2023-10-16 15:00:00+00:00;1261989.687;3.83749
2023-10-16 16:00:00+00:00;1322705.841;3.83749
2023-10-16 17:00:00+00:00;1325014.025;3.8374899999999994
2023-10-16 18:00:00+00:00;1272952.517;3.83749
2023-10-16 19:00:00+00:00;1501029.063;2.8471145
2023-10-16 20:00:00+00:00;1513715.614;2.501247
2023-10-16 21:00:00+00:00;1360128.908;1.77499
2023-10-16 22:00:00+00:00;1194118.753;1.7212405
2023-10-16 23:00:00+00:00;1115611.544;0.7
2023-10-17 00:00:00+00:00;1061723.815;0.7
2023-10-17 01:00:00+00:00;1043860.828;0.48999999999999994
2023-10-17 02:00:00+00:00;1065880.971;0.0
2023-10-17 03:00:00+00:00;1120304.368;0.0
2023-10-17 04:00:00+00:00;1082361.023;0.0
2023-10-17 05:00:00+00:00;1089802.976;-0.93933
2023-10-17 06:00:00+00:00;1067136.63;-1.0437
2023-10-17 07:00:00+00:00;1026554.419;-0.3686888888888889
2023-10-17 08:00:00+00:00;993501.644;0.0
2023-10-17 09:00:00+00:00;960019.263;0.48758100000000004
2023-10-17 10:00:00+00:00;934136.068;1.02499
2023-10-17 11:00:00+00:00;933339.727;1.02499
2023-10-17 12:00:00+00:00;962258.014;1.02499
2023-10-17 13:00:00+00:00;1036364.198;1.23875
2023-10-17 14:00:00+00:00;1123866.017;1.7124205
2023-10-17 15:00:00+00:00;1248947.133;0.0540645
2023-10-17 16:00:00+00:00;1350263.308;0.0
2023-10-17 17:00:00+00:00;1355089.497;0.0
2023-10-17 18:00:00+00:00;1294503.521;0.0
2023-10-17 19:00:00+00:00;1528113.402;0.0
2023-10-17 20:00:00+00:00;1597390.928;0.0
2023-10-17 21:00:00+00:00;1465147.137;0.0
2023-10-17 22:00:00+00:00;1317484.422;0.0
2023-10-17 23:00:00+00:00;1234722.998;-0.47250000000000003
2023-10-18 00:00:00+00:00;1182346.276;-1.55935
2023-10-18 01:00:00+00:00;1152815.81;-2.2472000000000003
2023-10-18 02:00:00+00:00;1165004.507;-2.7625
2023-10-18 03:00:00+00:00;1217095.008;-2.9249985
2023-10-18 04:00:00+00:00;1179250.604;-3.8062899999999997
2023-10-18 05:00:00+00:00;1185735.303;-3.8062899999999997
2023-10-18 06:00:00+00:00;1171945.817;-3.8062899999999997
2023-10-18 07:00:00+00:00;1159795.392;-3.8062899999999997
2023-10-18 08:00:00+00:00;1151413.564;-3.3031400000000004
2023-10-18 09:00:00+00:00;1128956.218;-2.384994
2023-10-18 10:00:00+00:00;1102362.702;-1.7625
2023-10-18 11:00:00+00:00;1099660.415;-0.80625
2023-10-18 12:00:00+00:00;1141711.685;-0.7
2023-10-18 13:00:00+00:00;1263930.9;-0.7
2023-10-18 14:00:00+00:00;1375697.146;-0.7
2023-10-18 15:00:00+00:00;1516815.402;-0.7
2023-10-18 16:00:00+00:00;1622103.228;-0.7
2023-10-18 17:00:00+00:00;1602732.561;-0.7
2023-10-18 18:00:00+00:00;1495825.639;-0.7
2023-10-18 19:00:00+00:00;1709363.488;-0.7
2023-10-18 20:00:00+00:00;1728171.487;-0.7
2023-10-18 21:00:00+00:00;1578249.321;-0.7
2023-10-18 22:00:00+00:00;1429786.5;-0.9
2023-10-18 23:00:00+00:00;1346635.788;-1.7
2023-10-19 00:00:00+00:00;1294439.449;-1.7
2023-10-19 01:00:00+00:00;1270657.192;-1.7787469999999999
2023-10-19 02:00:00+00:00;1275346.499;-1.96249
2023-10-19 03:00:00+00:00;1318825.708;-1.96249
2023-10-19 04:00:00+00:00;1279527.413;-2.1712320000000003
2023-10-19 05:00:00+00:00;1293773.137;-3.0062
2023-10-19 06:00:00+00:00;1289222.235;-3.0062
2023-10-19 07:00:00+00:00;1273528.942;-2.7403345000000003
2023-10-19 08:00:00+00:00;1250997.961;-1.7712345000000003
2023-10-19 09:00:00+00:00;1217243.029;-0.9875
2023-10-19 10:00:00+00:00;1186191.172;-0.23750500000000002
2023-10-19 11:00:00+00:00;1178643.726;0.51249
2023-10-19 12:00:00+00:00;1210933.496;0.51249
2023-10-19 13:00:00+00:00;1289023.965;0.51249
2023-10-19 14:00:00+00:00;1375997.515;-0.009191499999999991
2023-10-19 15:00:00+00:00;1491236.98;-0.7878125
2023-10-19 16:00:00+00:00;1582869.031;-1.675
2023-10-19 17:00:00+00:00;1581568.661;-2.535
2023-10-19 18:00:00+00:00;1503984.722;-2.927185
2023-10-19 19:00:00+00:00;1735965.26;-3.8187000000000006
2023-10-19 20:00:00+00:00;1771849.061;-4.194084999999999
2023-10-19 21:00:00+00:00;1636010.475;-4.875
2023-10-19 22:00:00+00:00;1473858.479;-4.8979495
2023-10-19 23:00:00+00:00;1385376.388;-5.9
2023-10-20 00:00:00+00:00;1336188.336;-5.9
2023-10-20 01:00:00+00:00;1318099.359;-6.121250000000001
2023-10-20 02:00:00+00:00;1337408.161;-6.6375
2023-10-20 03:00:00+00:00;1385652.872;-7.1409104999999995
2023-10-20 04:00:00+00:00;1350171.416;-7.756190000000001
2023-10-20 05:00:00+00:00;1379413.382;-7.756190000000001
2023-10-20 06:00:00+00:00;1365687.55;-7.756190000000001
2023-10-20 07:00:00+00:00;1316065.466;-6.7502975
2023-10-20 08:00:00+00:00;1263581.896;-5.155856
2023-10-20 09:00:00+00:00;1207204.022;-3.7015900000000004
2023-10-20 10:00:00+00:00;1166234.346;-2.40629
2023-10-20 11:00:00+00:00;1156569.167;-1.358093
2023-10-20 12:00:00+00:00;1189296.306;-1.2655295
2023-10-20 13:00:00+00:00;1273742.364;-1.2875
2023-10-20 14:00:00+00:00;1394040.313;-1.2937095
2023-10-20 15:00:00+00:00;1549896.467;-2.3875
2023-10-20 16:00:00+00:00;1646469.839;-3.3850000000000002
2023-10-20 17:00:00+00:00;1642620.232;-3.5381190000000005
2023-10-20 18:00:00+00:00;1572571.275;-4.44369
2023-10-20 19:00:00+00:00;1826139.234;-4.44369
2023-10-20 20:00:00+00:00;1868854.499;-4.44369
2023-10-20 21:00:00+00:00;1731323.372;-5.288738
2023-10-20 22:00:00+00:00;1574414.832;-5.5
2023-10-20 23:00:00+00:00;1489918.874;-5.61062
2023-10-21 00:00:00+00:00;1443783.793;-6.606199999999999
2023-10-21 01:00:00+00:00;1420441.27;-6.795587
2023-10-21 02:00:00+00:00;1412103.405;-7.237489999999999
2023-10-21 03:00:00+00:00;1422391.731;-7.237489999999999
2023-10-21 04:00:00+00:00;1389349.346;-7.237489999999999
2023-10-21 05:00:00+00:00;1462673.304;-7.237489999999999
2023-10-21 06:00:00+00:00;1503166.778;-7.237489999999999
2023-10-21 07:00:00+00:00;1479954.936;-6.69208
2023-10-21 08:00:00+00:00;1424388.804;-4.958209500000001
2023-10-21 09:00:00+00:00;1360113.385;-3.0299935
2023-10-21 10:00:00+00:00;1310852.961;-1.109375
2023-10-21 11:00:00+00:00;1286891.959;-0.3859585
2023-10-21 12:00:00+00:00;1306099.023;0.50625
2023-10-21 13:00:00+00:00;1378462.469;0.50625
2023-10-21 14:00:00+00:00;1523871.08;-0.42000000000000004
2023-10-21 15:00:00+00:00;1712736.152;-2.2297535
2023-10-21 16:00:00+00:00;1794236.792;-2.9601805
2023-10-21 17:00:00+00:00;1710794.865;-3.6812899999999997
2023-10-21 18:00:00+00:00;1584447.977;-4.300016
2023-10-21 19:00:00+00:00;1823478.122;-4.7125
2023-10-21 20:00:00+00:00;1877204.941;-5.58754
2023-10-21 21:00:00+00:00;1741786.095;-6.0625225
2023-10-21 22:00:00+00:00;1568685.037;-6.831190000000001
2023-10-21 23:00:00+00:00;1459728.178;-6.831190000000001
2023-10-22 00:00:00+00:00;1383507.755;-6.996206500000001
2023-10-22 01:00:00+00:00;1341233.113;-7.991267000000001
2023-10-22 02:00:00+00:00;1324642.635;-8.13119
2023-10-22 03:00:00+00:00;1327229.782;-8.13119
2023-10-22 04:00:00+00:00;1282191.98;-8.13119
2023-10-22 05:00:00+00:00;1345486.671;-8.13119
2023-10-22 06:00:00+00:00;1408107.036;-8.0783805
2023-10-22 07:00:00+00:00;1433555.105;-6.964378999999999
2023-10-22 08:00:00+00:00;1434655.764;-5.541274
2023-10-22 09:00:00+00:00;1409623.713;-4.0578665
2023-10-22 10:00:00+00:00;1384769.75;-2.8546750000000003
2023-10-22 11:00:00+00:00;1372033.132;-1.865895
2023-10-22 12:00:00+00:00;1373784.665;-1.77499
2023-10-22 13:00:00+00:00;1404378.038;-2.7193104999999997
2023-10-22 14:00:00+00:00;1478062.959;-3.570335
2023-10-22 15:00:00+00:00;1591651.922;-4.309710000000001
2023-10-22 16:00:00+00:00;1634640.302;-5.01869
2023-10-22 17:00:00+00:00;1566930.403;-5.6336960000000005
2023-10-22 18:00:00+00:00;1458333.412;-6.0437
2023-10-22 19:00:00+00:00;1679835.172;-6.2021435
2023-10-22 20:00:00+00:00;1733461.522;-7.09999
2023-10-22 21:00:00+00:00;1616622.735;-6.395650000000001
2023-10-22 22:00:00+00:00;1433495.176;-6.09379
2023-10-22 23:00:00+00:00;1337015.613;-6.09379
2023-10-23 00:00:00+00:00;1269951.477;-6.09379
2023-10-23 01:00:00+00:00;1237852.608;-5.8536175
2023-10-23 02:00:00+00:00;1243266.603;-5.1875
2023-10-23 03:00:00+00:00;1288972.117;-5.1875
2023-10-23 04:00:00+00:00;1237980.233;-5.1875
2023-10-23 05:00:00+00:00;1227391.11;-5.1875
2023-10-23 06:00:00+00:00;1207603.916;-5.767735
2023-10-23 07:00:00+00:00;1194609.954;-5.741824500000001
2023-10-23 08:00:00+00:00;1192565.484;-4.75619
2023-10-23 09:00:00+00:00;1172287.732;-3.5012529999999997
2023-10-23 10:00:00+00:00;1152615.937;-2.55629
2023-10-23 11:00:00+00:00;1163866.088;-2.0724995
2023-10-23 12:00:00+00:00;1213771.547;-1.4812
2023-10-23 13:00:00+00:00;1291971.512;-1.4812
2023-10-23 14:00:00+00:00;1356072.331;-2.3162515000000004
2023-10-23 15:00:00+00:00;1426782.493;-3.2515225
2023-10-23 16:00:00+00:00;1487951.736;-4.038860000000001
2023-10-23 17:00:00+00:00;1499241.431;-4.56869
2023-10-23 18:00:00+00:00;1437575.059;-5.45373
2023-10-23 19:00:00+00:00;1676718.236;-6.085394
2023-10-23 20:00:00+00:00;1730929.636;-6.731199999999999
2023-10-23 21:00:00+00:00;1622202.521;-7.676281
2023-10-23 22:00:00+00:00;1455347.935;-7.78129
2023-10-23 23:00:00+00:00;1376551.939;-8.239449
2023-10-24 00:00:00+00:00;1318044.429;-8.8312
2023-10-24 01:00:00+00:00;1298829.26;-9.815579500000002
2023-10-24 02:00:00+00:00;1318735.705;-10.144
2023-10-24 03:00:00+00:00;1383135.139;-10.251498999999999
2023-10-24 04:00:00+00:00;1348960.942;-11.21899
2023-10-24 05:00:00+00:00;1333672.047;-11.21899
2023-10-24 06:00:00+00:00;1312616.737;-11.21899
2023-10-24 07:00:00+00:00;1288486.097;-10.487826
2023-10-24 08:00:00+00:00;1264333.097;-8.885900000000001
2023-10-24 09:00:00+00:00;1233863.737;-7.7340765000000005
2023-10-24 10:00:00+00:00;1204303.063;-6.609400000000001
2023-10-24 11:00:00+00:00;1201079.654;-5.341216
2023-10-24 12:00:00+00:00;1245424.797;-4.9187
2023-10-24 13:00:00+00:00;1349589.248;-4.9187
2023-10-24 14:00:00+00:00;1436064.935;-5.524915
2023-10-24 15:00:00+00:00;1529361.241;-6.8254850000000005
2023-10-24 16:00:00+00:00;1606946.229;-7.782917
2023-10-24 17:00:00+00:00;1616004.203;-8.0445955
2023-10-24 18:00:00+00:00;1599879.886;-9.1188
2023-10-24 19:00:00+00:00;1836570.195;-9.27528
2023-10-24 20:00:00+00:00;1864267.495;-10.162
2023-10-24 21:00:00+00:00;1747234.111;-10.162
2023-10-24 22:00:00+00:00;1575518.884;-10.162
2023-10-24 23:00:00+00:00;1488474.28;-10.569596
2023-10-25 00:00:00+00:00;1432719.899;-11.18099
2023-10-25 01:00:00+00:00;1405797.333;-10.99919
2023-10-25 02:00:00+00:00;1403500.849;-10.57499
2023-10-25 03:00:00+00:00;1458238.206;-10.57499
2023-10-25 04:00:00+00:00;1413039.694;-10.57499
2023-10-25 05:00:00+00:00;1391797.614;-10.57499
2023-10-25 06:00:00+00:00;1367258.022;-10.57499
2023-10-25 07:00:00+00:00;1342498.057;-10.524989999999999
2023-10-25 08:00:00+00:00;1318129.781;-9.346855
2023-10-25 09:00:00+00:00;1276727.895;-8.291212
2023-10-25 10:00:00+00:00;1248225.577;-7.2775485
2023-10-25 11:00:00+00:00;1243261.667;-6.40629
2023-10-25 12:00:00+00:00;1290604.572;-5.91687
2023-10-25 13:00:00+00:00;1391535.129;-5.31869
2023-10-25 14:00:00+00:00;1493769.271;-6.01247
2023-10-25 15:00:00+00:00;1619720.693;-7.133115000000001
2023-10-25 16:00:00+00:00;1716340.56;-7.910779
2023-10-25 17:00:00+00:00;1739555.343;-8.5625
2023-10-25 18:00:00+00:00;1671039.321;-8.5625
2023-10-25 19:00:00+00:00;1894389.57;-9.5075805
2023-10-25 20:00:00+00:00;1912393.268;-9.60619
2023-10-25 21:00:00+00:00;1782724.141;-9.60619
2023-10-25 22:00:00+00:00;1620582.108;-10.185021
2023-10-25 23:00:00+00:00;1530199.173;-10.65
2023-10-26 00:00:00+00:00;1469268.859;-10.65
2023-10-26 01:00:00+00:00;1429297.581;-10.5240975
2023-10-26 02:00:00+00:00;1429997.879;-9.8324935
2023-10-26 03:00:00+00:00;1476537.933;-9.15
2023-10-26 04:00:00+00:00;1429200.009;-8.8859475
2023-10-26 05:00:00+00:00;1405710.861;-8.09379
2023-10-26 06:00:00+00:00;1377202.493;-7.183580000000001
2023-10-26 07:00:00+00:00;1342596.64;-6.4537405
2023-10-26 08:00:00+00:00;1310127.714;-5.110618125
2023-10-26 09:00:00+00:00;1265565.639;
2023-10-26 10:00:00+00:00;1232045.491;
2023-10-26 11:00:00+00:00;1228833.15;
2023-10-26 12:00:00+00:00;1278390.774;
2023-10-26 13:00:00+00:00;1371170.296;-2.83749
2023-10-26 14:00:00+00:00;1461966.584;-2.83749
2023-10-26 15:00:00+00:00;1561426.505;-2.83749
2023-10-26 16:00:00+00:00;1639829.254;-2.83749
2023-10-26 17:00:00+00:00;1654415.918;-2.83749
2023-10-26 18:00:00+00:00;1605789.46;-2.83749
2023-10-26 19:00:00+00:00;1858626.366;-2.83749
2023-10-26 20:00:00+00:00;1887564.167;-2.83749
2023-10-26 21:00:00+00:00;1740976.111;-3.1896949999999995
2023-10-26 22:00:00+00:00;1552644.444;-3.84379
2023-10-26 23:00:00+00:00;1453031.108;-3.84379
2023-10-27 00:00:00+00:00;1390542.468;-3.84379
2023-10-27 01:00:00+00:00;1365424.369;-4.5856515
2023-10-27 02:00:00+00:00;1375924.349;-5.125
2023-10-27 03:00:00+00:00;1435930.78;-5.865513
2023-10-27 04:00:00+00:00;1397059.142;-6.16249
2023-10-27 05:00:00+00:00;1387733.558;-6.16249
2023-10-27 06:00:00+00:00;1372864.535;-6.13499
2023-10-27 07:00:00+00:00;1362979.743;-5.4177765
2023-10-27 08:00:00+00:00;1365071.569;-4.273785
2023-10-27 09:00:00+00:00;1349961.062;-3.4530450000000004
2023-10-27 10:00:00+00:00;1337110.149;-2.084998
2023-10-27 11:00:00+00:00;1350242.603;-1.875
2023-10-27 12:00:00+00:00;1398360.993;-2.751297
2023-10-27 13:00:00+00:00;1482215.962;-2.90629
2023-10-27 14:00:00+00:00;1547877.824;-3.490665
2023-10-27 15:00:00+00:00;1620750.815;-3.96879
2023-10-27 16:00:00+00:00;1662849.14;-4.765665
2023-10-27 17:00:00+00:00;1634760.594;-5.03129
2023-10-27 18:00:00+00:00;1577681.869;-5.03129
2023-10-27 19:00:00+00:00;1833839.259;-4.2316705
2023-10-27 20:00:00+00:00;1890146.21;-3.98749
2023-10-27 21:00:00+00:00;1739693.087;-3.98749
2023-10-27 22:00:00+00:00;1579258.852;-3.98749
2023-10-27 23:00:00+00:00;1486915.834;-3.98749
2023-10-28 00:00:00+00:00;1425459.672;-3.98749
2023-10-28 01:00:00+00:00;1381661.115;-4.1999130000000005
2023-10-28 02:00:00+00:00;1356034.565;-4.7125
2023-10-28 03:00:00+00:00;1356763.656;-4.7125
2023-10-28 04:00:00+00:00;1314694.433;-5.1048100000000005
2023-10-28 05:00:00+00:00;1376963.004;-5.7625
2023-10-28 06:00:00+00:00;1432255.188;-5.5125
2023-10-28 07:00:00+00:00;1456435.749;-4.7625
2023-10-28 08:00:00+00:00;1470939.154;-4.322106
2023-10-28 09:00:00+00:00;1463869.843;-3.7437899999999997
2023-10-28 10:00:00+00:00;1449703.255;-3.4269030000000003
2023-10-28 11:00:00+00:00;1451593.581;-2.6875
2023-10-28 12:00:00+00:00;1478495.886;-2.6875
2023-10-28 13:00:00+00:00;1543976.113;-2.6875
2023-10-28 14:00:00+00:00;1645204.445;-2.6875
2023-10-28 15:00:00+00:00;1757876.004;-2.6875
2023-10-28 16:00:00+00:00;1770834.016;-3.37
2023-10-28 17:00:00+00:00;1700894.868;-3.825
2023-10-28 18:00:00+00:00;1601006.745;-3.825
2023-10-28 19:00:00+00:00;1844606.638;-3.825
2023-10-28 20:00:00+00:00;1904377.212;-3.825
2023-10-28 21:00:00+00:00;1769103.609;-4.1166925
2023-10-28 22:00:00+00:00;1620057.537;-5.274970000000001
2023-10-28 23:00:00+00:00;1535187.668;-5.89369
2023-10-29 00:00:00+00:00;1483161.642;
2023-10-29 01:00:00+00:00;1459913.668;-6.2112555
2023-10-29 02:00:00+00:00;1458884.293;-6.915745263157895
2023-10-29 03:00:00+00:00;1461715.174;-6.8375
2023-10-29 04:00:00+00:00;1496767.771;-6.8375
2023-10-29 05:00:00+00:00;1485667.585;-6.8375
2023-10-29 06:00:00+00:00;1566307.859;-6.8375
2023-10-29 07:00:00+00:00;1596350.286;-6.6362380000000005
2023-10-29 08:00:00+00:00;1579725.218;-5.83119
2023-10-29 09:00:00+00:00;1547216.008;-5.375565
2023-10-29 10:00:00+00:00;1504115.228;-4.381214
2023-10-29 11:00:00+00:00;1477324.458;-3.725
2023-10-29 12:00:00+00:00;1480279.883;-3.725
2023-10-29 13:00:00+00:00;1524673.341;-3.725
2023-10-29 14:00:00+00:00;1610368.631;-3.725
2023-10-29 15:00:00+00:00;1722353.358;-3.725
2023-10-29 16:00:00+00:00;1802959.574;-3.725
2023-10-29 17:00:00+00:00;1819608.791;-3.725
2023-10-29 18:00:00+00:00;1756821.771;-3.725
2023-10-29 19:00:00+00:00;1653926.954;-3.725
2023-10-29 20:00:00+00:00;1901800.861;-3.725
2023-10-29 21:00:00+00:00;1942366.385;-3.725
2023-10-29 22:00:00+00:00;1806896.451;-3.9765500000000005
2023-10-29 23:00:00+00:00;1661731.532;-5.846853
2023-10-30 00:00:00+00:00;1581880.114;-7.836247500000001
2023-10-30 01:00:00+00:00;1526416.308;-9.4104195
2023-10-30 02:00:00+00:00;1496589.888;-10.680944
2023-10-30 03:00:00+00:00;1499658.35;-10.94999
2023-10-30 04:00:00+00:00;1559862.186;-10.94999
2023-10-30 05:00:00+00:00;1497356.662;-10.94999
2023-10-30 06:00:00+00:00;1463916.819;-10.4517945
2023-10-30 07:00:00+00:00;1418055.435;-9.129993500000001
2023-10-30 08:00:00+00:00;1384306.985;-8.60217
2023-10-30 09:00:00+00:00;1367189.16;-6.6273835000000005
2023-10-30 10:00:00+00:00;1330804.44;-5.6188
2023-10-30 11:00:00+00:00;1305381.628;-4.274376500000001
2023-10-30 12:00:00+00:00;1313000.259;-3.4811899999999993
2023-10-30 13:00:00+00:00;1385612.394;-4.426900000000001
2023-10-30 14:00:00+00:00;1504506.081;-4.59379
2023-10-30 15:00:00+00:00;1589599.807;-4.59379
2023-10-30 16:00:00+00:00;1640758.623;-4.59379
2023-10-30 17:00:00+00:00;1686861.866;-4.59379
2023-10-30 18:00:00+00:00;1692320.385;-4.59379
2023-10-30 19:00:00+00:00;1640421.234;-3.5924499999999995
2023-10-30 20:00:00+00:00;1918749.467;-3.4811899999999993
2023-10-30 21:00:00+00:00;1943423.314;-3.4811899999999993
2023-10-30 22:00:00+00:00;1812143.228;-3.4811899999999993
2023-10-30 23:00:00+00:00;1651886.333;-3.4811899999999993
2023-10-31 00:00:00+00:00;1552182.167;-3.4811899999999993
2023-10-31 01:00:00+00:00;1479584.733;-4.760197
2023-10-31 02:00:00+00:00;1451943.506;-5.5421475000000004
2023-10-31 03:00:00+00:00;1468205.377;-5.7194555000000005
2023-10-31 04:00:00+00:00;1532939.7;-7.7152885
2023-10-31 05:00:00+00:00;1463653.748;-8.775271
2023-10-31 06:00:00+00:00;1422737.894;-9.47499
2023-10-31 07:00:00+00:00;1388183.713;-9.47499
2023-10-31 08:00:00+00:00;1367212.417;-8.557782
2023-10-31 09:00:00+00:00;1356160.693;-6.902476
2023-10-31 10:00:00+00:00;1330286.382;-5.8130355
2023-10-31 11:00:00+00:00;1315548.024;-5.21879
2023-10-31 12:00:00+00:00;1325029.561;-5.21879
2023-10-31 13:00:00+00:00;1395842.714;-6.16254
2023-10-31 14:00:00+00:00;1507885.033;-7.8794905
2023-10-31 15:00:00+00:00;1592417.787;-9.102321499999999
2023-10-31 16:00:00+00:00;1675732.855;-9.739799999999999
2023-10-31 17:00:00+00:00;1741452.564;-10.519
2023-10-31 18:00:00+00:00;1735071.741;-10.935599999999999
2023-10-31 19:00:00+00:00;1648334.139;-11.619
2023-10-31 20:00:00+00:00;1894655.529;-11.619
2023-10-31 21:00:00+00:00;1912620.482;-10.9546935
2023-10-31 22:00:00+00:00;1751638.879;-9.1762285
2023-10-31 23:00:00+00:00;1607081.478;-8.4938
2023-11-01 00:00:00+00:00;1528286.343;-9.2210295
2023-11-01 01:00:00+00:00;1474928.6;-9.5
2023-11-01 02:00:00+00:00;1437183.761;-9.351856999999999
2023-11-01 03:00:00+00:00;1438516.396;-9.00619
2023-11-01 04:00:00+00:00;1495677.405;-9.00619
2023-11-01 05:00:00+00:00;1439409.575;-7.8534345000000005
2023-11-01 06:00:00+00:00;1409155.741;-6.8875
2023-11-01 07:00:00+00:00;1379888.574;-5.84999
2023-11-01 08:00:00+00:00;1367463.119;-5.742490999999999
2023-11-01 09:00:00+00:00;1366332.452;-4.775
2023-11-01 10:00:00+00:00;1350757.786;-3.9300319999999997
2023-11-01 11:00:00+00:00;1341955.659;-3.3905805
2023-11-01 12:00:00+00:00;1360335.775;-2.67499
2023-11-01 13:00:00+00:00;1427891.977;-2.67499
2023-11-01 14:00:00+00:00;1541788.764;-2.67499
2023-11-01 15:00:00+00:00;1637859.247;-2.67499
2023-11-01 16:00:00+00:00;1707194.836;-2.58499
2023-11-01 17:00:00+00:00;1765147.916;-2.52499
2023-11-01 18:00:00+00:00;1734222.227;-2.52499
2023-11-01 19:00:00+00:00;1622862.865;-2.52499
2023-11-01 20:00:00+00:00;1862119.962;-2.52499
2023-11-01 21:00:00+00:00;1866788.282;-2.52499
2023-11-01 22:00:00+00:00;1705904.313;-2.52499
2023-11-01 23:00:00+00:00;1543134.261;-2.52499
2023-11-02 00:00:00+00:00;1452746.488;-2.52499
2023-11-02 01:00:00+00:00;1402036.802;-2.52499
2023-11-02 02:00:00+00:00;1379928.565;-2.3318529999999997
2023-11-02 03:00:00+00:00;1389982.363;-1.8812000000000002
2023-11-02 04:00:00+00:00;1455155.245;-1.8812000000000002
2023-11-02 05:00:00+00:00;1401768.773;-1.8812000000000002
2023-11-02 06:00:00+00:00;1367048.796;-1.8812000000000002
2023-11-02 07:00:00+00:00;1329187.888;-1.8812000000000002
2023-11-02 08:00:00+00:00;1303494.999;-1.8812000000000002
2023-11-02 09:00:00+00:00;1286651.448;-1.8812000000000002
2023-11-02 10:00:00+00:00;1260368.001;-1.8812000000000002
2023-11-02 11:00:00+00:00;1249561.339;-1.8812000000000002
2023-11-02 12:00:00+00:00;1272010.996;-1.8812000000000002
2023-11-02 13:00:00+00:00;1344866.994;-2.393745
2023-11-02 14:00:00+00:00;1470281.53;-3.72629
2023-11-02 15:00:00+00:00;1560373.018;-4.653137
2023-11-02 16:00:00+00:00;1616028.586;-4.9625
2023-11-02 17:00:00+00:00;1680378.952;-5.5777795
2023-11-02 18:00:00+00:00;1691949.608;-6.681190000000001
2023-11-02 19:00:00+00:00;1628625.667;-7.4574750000000005
2023-11-02 20:00:00+00:00;1890427.997;-8.909091499999999
2023-11-02 21:00:00+00:00;1907574.186;-10.183300000000001
2023-11-02 22:00:00+00:00;1751884.195;-10.287
2023-11-02 23:00:00+00:00;1605675.31;-9.081465
2023-11-03 00:00:00+00:00;1519321.553;-8.0625
2023-11-03 01:00:00+00:00;1469580.54;-8.0625
2023-11-03 02:00:00+00:00;1447079.14;-8.21875
2023-11-03 03:00:00+00:00;1447551.212;-8.6875
2023-11-03 04:00:00+00:00;1497449.2;-8.6875
2023-11-03 05:00:00+00:00;1450803.574;-8.6875
2023-11-03 06:00:00+00:00;1434107.814;-8.6875
2023-11-03 07:00:00+00:00;1410103.882;-8.4353575
2023-11-03 08:00:00+00:00;1390466.38;-7.549989999999999
2023-11-03 09:00:00+00:00;1373738.455;-6.506610500000001
2023-11-03 10:00:00+00:00;1352489.271;-6.487489999999999
2023-11-03 11:00:00+00:00;1346103.507;-5.4870555
2023-11-03 12:00:00+00:00;1365027.43;-5.45619
2023-11-03 13:00:00+00:00;1428577.864;-5.45619
2023-11-03 14:00:00+00:00;1525086.299;-5.45619
2023-11-03 15:00:00+00:00;1601280.366;-5.45619
2023-11-03 16:00:00+00:00;1655881.696;-5.45619
2023-11-03 17:00:00+00:00;1675954.54;-5.45619
2023-11-03 18:00:00+00:00;1613632.741;-5.45619
2023-11-03 19:00:00+00:00;1514245.111;-4.734350000000001
2023-11-03 20:00:00+00:00;1782302.385;-4.42499
2023-11-03 21:00:00+00:00;1803655.555;-4.42499
2023-11-03 22:00:00+00:00;1623713.813;-3.761216
2023-11-03 23:00:00+00:00;1426202.251;-3.3187000000000006
2023-11-04 00:00:00+00:00;1309592.331;-3.3187000000000006
2023-11-04 01:00:00+00:00;1235488.143;-3.3187000000000006
2023-11-04 02:00:00+00:00;1197003.265;-2.3199525000000003
2023-11-04 03:00:00+00:00;1185147.058;-2.2625
2023-11-04 04:00:00+00:00;1195905.262;-2.2625
2023-11-04 05:00:00+00:00;1158833.271;-2.2625
2023-11-04 06:00:00+00:00;1228531.961;-2.2625
2023-11-04 07:00:00+00:00;1292271.335;-1.6776195
2023-11-04 08:00:00+00:00;1337442.105;-0.59375
2023-11-04 09:00:00+00:00;1367269.606;0.0
2023-11-04 10:00:00+00:00;1366344.628;0.0
2023-11-04 11:00:00+00:00;1355607.22;0.0
2023-11-04 12:00:00+00:00;1357662.45;0.0
2023-11-04 13:00:00+00:00;1382881.664;0.0
2023-11-04 14:00:00+00:00;1442193.848;0.0
2023-11-04 15:00:00+00:00;1516293.644;0.0
2023-11-04 16:00:00+00:00;1585289.875;0.0
2023-11-04 17:00:00+00:00;1587636.135;0.0
2023-11-04 18:00:00+00:00;1489013.006;0.0
2023-11-04 19:00:00+00:00;1366435.961;0.0
2023-11-04 20:00:00+00:00;1621537.355;0.0
2023-11-04 21:00:00+00:00;1652884.978;0.0
2023-11-04 22:00:00+00:00;1479345.386;0.0
2023-11-04 23:00:00+00:00;1307438.178;0.0
2023-11-05 00:00:00+00:00;1195185.288;0.0
2023-11-05 01:00:00+00:00;1108855.986;0.0
2023-11-05 02:00:00+00:00;1055045.204;0.8531045
2023-11-05 03:00:00+00:00;1031380.232;1.1813
2023-11-05 04:00:00+00:00;1030645.691;1.1813
2023-11-05 05:00:00+00:00;994933.464;1.5205465
2023-11-05 06:00:00+00:00;1061343.155;2.21249
2023-11-05 07:00:00+00:00;1121344.627;2.21249
2023-11-05 08:00:00+00:00;1158730.304;3.2021395
2023-11-05 09:00:00+00:00;1182877.95;3.2938
2023-11-05 10:00:00+00:00;1177794.691;3.2938
2023-11-05 11:00:00+00:00;1170256.057;3.2938
2023-11-05 12:00:00+00:00;1170198.598;3.2938
2023-11-05 13:00:00+00:00;1195434.389;3.2938
2023-11-05 14:00:00+00:00;1262757.964;3.2938
2023-11-05 15:00:00+00:00;1355030.462;3.2938
2023-11-05 16:00:00+00:00;1422902.912;3.2938
2023-11-05 17:00:00+00:00;1440990.449;3.2938
2023-11-05 18:00:00+00:00;1376012.647;3.2938
2023-11-05 19:00:00+00:00;1275498.036;3.2938
2023-11-05 20:00:00+00:00;1516351.583;3.2938
2023-11-05 21:00:00+00:00;1532498.66;3.2938
2023-11-05 22:00:00+00:00;1370828.344;3.2938
2023-11-05 23:00:00+00:00;1215195.719;3.2938
2023-11-06 00:00:00+00:00;1118777.138;3.2938
2023-11-06 01:00:00+00:00;1056816.751;3.2938
2023-11-06 02:00:00+00:00;1024721.71;3.2703499999999996
2023-11-06 03:00:00+00:00;1025995.232;3.2
2023-11-06 04:00:00+00:00;1074598.497;3.2
2023-11-06 05:00:00+00:00;1040398.085;3.2
2023-11-06 06:00:00+00:00;1029500.206;3.2
2023-11-06 07:00:00+00:00;1008709.48;3.2
2023-11-06 08:00:00+00:00;1002222.13;3.2
2023-11-06 09:00:00+00:00;1004799.512;3.2
2023-11-06 10:00:00+00:00;1001985.172;3.2
2023-11-06 11:00:00+00:00;995327.314;3.2
2023-11-06 12:00:00+00:00;1015887.863;3.2
2023-11-06 13:00:00+00:00;1077150.421;2.56628
2023-11-06 14:00:00+00:00;1173308.493;2.1438
2023-11-06 15:00:00+00:00;1224658.732;2.1438
2023-11-06 16:00:00+00:00;1252665.341;2.1438
2023-11-06 17:00:00+00:00;1288938.559;1.9287800000000002
2023-11-06 18:00:00+00:00;1281922.645;1.0687
2023-11-06 19:00:00+00:00;1220287.518;0.053434999999999996
2023-11-06 20:00:00+00:00;1487916.996;0.0
2023-11-06 21:00:00+00:00;1502837.412;0.0
2023-11-06 22:00:00+00:00;1347956.629;0.0
2023-11-06 23:00:00+00:00;1177771.488;0.0
2023-11-07 00:00:00+00:00;1094256.245;0.0
2023-11-07 01:00:00+00:00;1036779.745;0.0
2023-11-07 02:00:00+00:00;1001141.43;0.0
2023-11-07 03:00:00+00:00;1007452.055;0.0
2023-11-07 04:00:00+00:00;1063386.401;0.0
2023-11-07 05:00:00+00:00;1034234.465;0.0
2023-11-07 06:00:00+00:00;1020320.064;0.0
2023-11-07 07:00:00+00:00;997731.204;0.0
2023-11-07 08:00:00+00:00;988591.19;0.8872300000000001
2023-11-07 09:00:00+00:00;990697.521;1.0438
2023-11-07 10:00:00+00:00;984896.293;1.0438
2023-11-07 11:00:00+00:00;982238.478;1.0438
2023-11-07 12:00:00+00:00;1006899.625;1.0438
2023-11-07 13:00:00+00:00;1075946.595;1.0438
2023-11-07 14:00:00+00:00;1185057.698;1.0438
2023-11-07 15:00:00+00:00;1245419.507;1.0438
2023-11-07 16:00:00+00:00;1290096.519;1.0438
2023-11-07 17:00:00+00:00;1334484.497;1.0438
2023-11-07 18:00:00+00:00;1333429.218;1.575955
2023-11-07 19:00:00+00:00;1262103.718;1.8625
2023-11-07 20:00:00+00:00;1517176.493;1.8625
2023-11-07 21:00:00+00:00;1535677.901;1.8625
2023-11-07 22:00:00+00:00;1373837.308;1.8625
2023-11-07 23:00:00+00:00;1225962.701;1.8625
2023-11-08 00:00:00+00:00;1141265.041;1.8625
2023-11-08 01:00:00+00:00;1095578.271;1.8625
2023-11-08 02:00:00+00:00;1066645.182;1.6643900000000003
2023-11-08 03:00:00+00:00;1070579.837;1.3563
2023-11-08 04:00:00+00:00;1128453.131;1.3563
2023-11-08 05:00:00+00:00;1098249.173;1.3461400000000001
2023-11-08 06:00:00+00:00;1086528.198;1.3187
2023-11-08 07:00:00+00:00;1061722.266;1.3187
2023-11-08 08:00:00+00:00;1054989.987;1.3187
2023-11-08 09:00:00+00:00;1060090.337;1.3187
2023-11-08 10:00:00+00:00;1055960.576;1.3187
2023-11-08 11:00:00+00:00;1058941.812;1.3187
2023-11-08 12:00:00+00:00;1085985.559;1.3187
2023-11-08 13:00:00+00:00;1160172.826;1.3187
2023-11-08 14:00:00+00:00;1278839.488;1.3187
2023-11-08 15:00:00+00:00;1367757.405;1.1776
2023-11-08 16:00:00+00:00;1441459.844;0.0
2023-11-08 17:00:00+00:00;1508203.827;0.0
2023-11-08 18:00:00+00:00;1502316.521;0.0
2023-11-08 19:00:00+00:00;1428294.793;0.0
2023-11-08 20:00:00+00:00;1673591.258;0.0
2023-11-08 21:00:00+00:00;1692302.41;0.0
2023-11-08 22:00:00+00:00;1542034.65;0.0
2023-11-08 23:00:00+00:00;1379057.219;0.0
2023-11-09 00:00:00+00:00;1296831.984;0.0
2023-11-09 01:00:00+00:00;1238626.394;-0.72191
2023-11-09 02:00:00+00:00;1204621.107;-0.9670810000000001
2023-11-09 03:00:00+00:00;1201324.138;-0.8
2023-11-09 04:00:00+00:00;1244346.815;-0.8
2023-11-09 05:00:00+00:00;1203653.239;-0.8
2023-11-09 06:00:00+00:00;1185656.502;-0.8
2023-11-09 07:00:00+00:00;1161836.317;-0.8
2023-11-09 08:00:00+00:00;1151602.525;-0.8
2023-11-09 09:00:00+00:00;1148958.143;-0.8
2023-11-09 10:00:00+00:00;1138784.277;-0.8
2023-11-09 11:00:00+00:00;1134651.604;-0.8
2023-11-09 12:00:00+00:00;1159683.805;-0.8
2023-11-09 13:00:00+00:00;1228580.894;-0.8
2023-11-09 14:00:00+00:00;1338890.982;-0.8
2023-11-09 15:00:00+00:00;1391259.803;-0.8
2023-11-09 16:00:00+00:00;1431453.398;-0.8
2023-11-09 17:00:00+00:00;1479174.926;-0.8
2023-11-09 18:00:00+00:00;1481140.891;-0.8
2023-11-09 19:00:00+00:00;1442082.487;-0.8
2023-11-09 20:00:00+00:00;1698631.592;-0.8
2023-11-09 21:00:00+00:00;1709474.947;-0.8
2023-11-09 22:00:00+00:00;1536429.447;-0.8
2023-11-09 23:00:00+00:00;1369103.906;-0.8
2023-11-10 00:00:00+00:00;1272734.44;-0.8
2023-11-10 01:00:00+00:00;1213893.953;-0.8
2023-11-10 02:00:00+00:00;1180075.708;-0.56
2023-11-10 03:00:00+00:00;1179475.972;0.0
2023-11-10 04:00:00+00:00;1215571.827;0.0
2023-11-10 05:00:00+00:00;1178768.992;0.0
2023-11-10 06:00:00+00:00;1165178.904;0.0
2023-11-10 07:00:00+00:00;1146435.593;0.0
2023-11-10 08:00:00+00:00;1141738.295;0.0
2023-11-10 09:00:00+00:00;1149189.901;0.0
2023-11-10 10:00:00+00:00;1145570.228;0.0
2023-11-10 11:00:00+00:00;1143145.097;0.0
2023-11-10 12:00:00+00:00;1165375.389;0.0
2023-11-10 13:00:00+00:00;1229896.153;-0.8658865
2023-11-10 14:00:00+00:00;1319199.508;-1.01869
2023-11-10 15:00:00+00:00;1392511.369;-1.01869
2023-11-10 16:00:00+00:00;1449459.345;-1.01869
2023-11-10 17:00:00+00:00;1488495.928;-1.01869
2023-11-10 18:00:00+00:00;1455550.119;-1.9165535000000002
2023-11-10 19:00:00+00:00;1374999.104;-2.075
2023-11-10 20:00:00+00:00;1644379.114;-2.6879945
2023-11-10 21:00:00+00:00;1657684.345;-3.16869
2023-11-10 22:00:00+00:00;1501066.164;-3.16869
2023-11-10 23:00:00+00:00;1317296.978;-3.16869
2023-11-11 00:00:00+00:00;1206252.298;-3.16869
2023-11-11 01:00:00+00:00;1140770.973;-3.16869
2023-11-11 02:00:00+00:00;1096927.33;-3.3130800000000002
2023-11-11 03:00:00+00:00;1079137.087;-3.64999
2023-11-11 04:00:00+00:00;1090523.108;-4.0284135
2023-11-11 05:00:00+00:00;1066293.211;-4.7312
2023-11-11 06:00:00+00:00;1149882.365;-4.7312
2023-11-11 07:00:00+00:00;1220506.349;-4.996825
2023-11-11 08:00:00+00:00;1266528.574;-5.7937
2023-11-11 09:00:00+00:00;1290525.273;-5.7937
2023-11-11 10:00:00+00:00;1293056.513;-5.7937
2023-11-11 11:00:00+00:00;1292984.858;-5.7937
2023-11-11 12:00:00+00:00;1308290.197;-5.7937
2023-11-11 13:00:00+00:00;1363392.991;-6.315600000000001
2023-11-11 14:00:00+00:00;1458642.699;-6.8375
2023-11-11 15:00:00+00:00;1563228.494;-7.4347045000000005
2023-11-11 16:00:00+00:00;1659966.162;-7.924989999999999
2023-11-11 17:00:00+00:00;1665424.61;-7.924989999999999
2023-11-11 18:00:00+00:00;1567992.219;-8.9106245
2023-11-11 19:00:00+00:00;1448488.103;-8.9625
2023-11-11 20:00:00+00:00;1700496.111;-8.9625
2023-11-11 21:00:00+00:00;1739160.74;-8.9625
2023-11-11 22:00:00+00:00;1595274.286;-8.9625
2023-11-11 23:00:00+00:00;1410091.902;-8.9625
2023-11-12 00:00:00+00:00;1300246.816;-8.70625
2023-11-12 01:00:00+00:00;1232427.139;-7.5765765
2023-11-12 02:00:00+00:00;1195405.916;-6.600652999999999
2023-11-12 03:00:00+00:00;1177099.696;-5.8875
2023-11-12 04:00:00+00:00;1180382.215;-4.984375
2023-11-12 05:00:00+00:00;1161140.03;-4.825
2023-11-12 06:00:00+00:00;1255232.141;-4.825
2023-11-12 07:00:00+00:00;1344234.518;-4.825
2023-11-12 08:00:00+00:00;1402653.235;-3.8462410000000005
2023-11-12 09:00:00+00:00;1438844.059;-3.73749
2023-11-12 10:00:00+00:00;1437156.974;-3.73749
2023-11-12 11:00:00+00:00;1421562.847;-3.73749
2023-11-12 12:00:00+00:00;1414904.915;-3.73749
2023-11-12 13:00:00+00:00;1435516.864;-4.53808
2023-11-12 14:00:00+00:00;1491097.869;-4.88119
2023-11-12 15:00:00+00:00;1550089.9;-5.7737835
2023-11-12 16:00:00+00:00;1622670.333;-5.9313
2023-11-12 17:00:00+00:00;1656918.784;-5.9313
2023-11-12 18:00:00+00:00;1605104.887;-5.9313
2023-11-12 19:00:00+00:00;1510967.807;-5.9313
2023-11-12 20:00:00+00:00;1757908.102;-5.9313
2023-11-12 21:00:00+00:00;1796041.093;-5.9313
2023-11-12 22:00:00+00:00;1662426.531;-5.9313
2023-11-12 23:00:00+00:00;1488774.412;-5.9313
2023-11-13 00:00:00+00:00;1379406.198;-5.9313
2023-11-13 01:00:00+00:00;1309499.188;-5.9313
2023-11-13 02:00:00+00:00;1282254.358;-5.74002
2023-11-13 03:00:00+00:00;1299486.77;-5.2937
2023-11-13 04:00:00+00:00;1365589.116;-5.2937
2023-11-13 05:00:00+00:00;1320588.752;-5.2937
2023-11-13 06:00:00+00:00;1307957.246;-5.2937
2023-11-13 07:00:00+00:00;1290069.554;-5.2937
2023-11-13 08:00:00+00:00;1282711.886;-5.2937
2023-11-13 09:00:00+00:00;1294387.111;-4.8296600000000005
2023-11-13 10:00:00+00:00;1291017.838;-4.2625
2023-11-13 11:00:00+00:00;1291685.916;-4.2625
2023-11-13 12:00:00+00:00;1315893.85;-3.852496
2023-11-13 13:00:00+00:00;1389998.919;-3.23749
2023-11-13 14:00:00+00:00;1502498.152;-3.23749
2023-11-13 15:00:00+00:00;1558675.186;-3.23749
2023-11-13 16:00:00+00:00;1594038.874;-3.23749
2023-11-13 17:00:00+00:00;1633170.061;-3.23749
2023-11-13 18:00:00+00:00;1626791.133;-3.23749
2023-11-13 19:00:00+00:00;1582671.423;-3.2874900000000005
2023-11-13 20:00:00+00:00;1850942.134;-4.23749
2023-11-13 21:00:00+00:00;1888154.498;-4.65501
2023-11-13 22:00:00+00:00;1752342.148;-5.28129
2023-11-13 23:00:00+00:00;1582680.801;-5.28129
2023-11-14 00:00:00+00:00;1476343.019;-5.48503
2023-11-14 01:00:00+00:00;1409675.494;-6.667490000000001
2023-11-14 02:00:00+00:00;1386207.686;-7.883712
2023-11-14 03:00:00+00:00;1399482.322;-8.6998315
2023-11-14 04:00:00+00:00;1460662.769;-9.6188
2023-11-14 05:00:00+00:00;1412341.938;-10.37984
2023-11-14 06:00:00+00:00;1396185.057;-10.706
2023-11-14 07:00:00+00:00;1375716.804;-10.706
2023-11-14 08:00:00+00:00;1370942.228;-10.706
2023-11-14 09:00:00+00:00;1374585.157;-10.706
2023-11-14 10:00:00+00:00;1365344.269;-10.706
2023-11-14 11:00:00+00:00;1361882.793;-10.706
2023-11-14 12:00:00+00:00;1397862.812;-10.706
2023-11-14 13:00:00+00:00;1469550.542;-10.706
2023-11-14 14:00:00+00:00;1580889.165;-11.47925
2023-11-14 15:00:00+00:00;1639408.513;-11.737
2023-11-14 16:00:00+00:00;1690062.688;-12.419500000000001
2023-11-14 17:00:00+00:00;1739835.818;-12.787
2023-11-14 18:00:00+00:00;1732401.106;-12.787
2023-11-14 19:00:00+00:00;1656180.137;-12.623948500000001
2023-11-14 20:00:00+00:00;1927056.206;-11.69999
2023-11-14 21:00:00+00:00;1943883.114;-11.69999
2023-11-14 22:00:00+00:00;1823501.968;-11.69999
2023-11-14 23:00:00+00:00;1642599.754;-11.69999
2023-11-15 00:00:00+00:00;1543874.365;-11.269994
2023-11-15 01:00:00+00:00;1489330.63;-10.625
2023-11-15 02:00:00+00:00;1463120.795;-10.489
2023-11-15 03:00:00+00:00;1472151.556;-10.081
2023-11-15 04:00:00+00:00;1530935.666;-9.651076
2023-11-15 05:00:00+00:00;1470064.799;-9.00619
2023-11-15 06:00:00+00:00;1447691.804;-9.00619
2023-11-15 07:00:00+00:00;1419301.387;-8.26864966101695
2023-11-15 08:00:00+00:00;1409645.778;-7.634889833333333
2023-11-15 09:00:00+00:00;1411376.059;-6.9187
2023-11-15 10:00:00+00:00;1400424.868;-6.169161666666667
2023-11-15 11:00:00+00:00;1399963.631;-5.531778666666667
2023-11-15 12:00:00+00:00;1419063.952;-4.78749
2023-11-15 13:00:00+00:00;1494010.347;-4.78749
2023-11-15 14:00:00+00:00;1610985.578;-4.78749
2023-11-15 15:00:00+00:00;1679413.726;-4.78749
2023-11-15 16:00:00+00:00;1742510.938;-4.78749
2023-11-15 17:00:00+00:00;1789576.7;-5.633791666666666
2023-11-15 18:00:00+00:00;1775344.279;-5.78749
2023-11-15 19:00:00+00:00;1699293.363;-5.78749
2023-11-15 20:00:00+00:00;1963398.549;-6.572711833333333
2023-11-15 21:00:00+00:00;1990819.46;-6.84379
2023-11-15 22:00:00+00:00;1858347.254;-6.84379
2023-11-15 23:00:00+00:00;1702818.78;-6.84379
2023-11-16 00:00:00+00:00;1616429.86;-6.84379
2023-11-16 01:00:00+00:00;1578570.189;-6.84379
2023-11-16 02:00:00+00:00;1560200.105;-6.898001833333334
2023-11-16 03:00:00+00:00;1571322.965;-7.13119
2023-11-16 04:00:00+00:00;1637163.333;-7.505516833333333
2023-11-16 05:00:00+00:00;1578619.027;-8.761477166666667
2023-11-16 06:00:00+00:00;1562880.7;-9.813408166666667
2023-11-16 07:00:00+00:00;1541500.135;-10.287
2023-11-16 08:00:00+00:00;1523737.478;-10.287
2023-11-16 09:00:00+00:00;1508962.868;-10.287
2023-11-16 10:00:00+00:00;1481068.971;-9.6449595
2023-11-16 11:00:00+00:00;1475100.799;-9.275
2023-11-16 12:00:00+00:00;1510427.855;-9.6144265
2023-11-16 13:00:00+00:00;1584251.561;-10.1513415
2023-11-16 14:00:00+00:00;1699103.321;-9.020297500000002
2023-11-16 15:00:00+00:00;1754870.649;-8.25619
2023-11-16 16:00:00+00:00;1800210.659;-8.25619
2023-11-16 17:00:00+00:00;1852084.314;-8.331916
2023-11-16 18:00:00+00:00;1866053.846;-9.3625
2023-11-16 19:00:00+00:00;1814871.436;-9.3625
2023-11-16 20:00:00+00:00;2083445.927;-9.3625
2023-11-16 21:00:00+00:00;2113117.604;-10.249475
2023-11-16 22:00:00+00:00;2001276.599;-10.406
2023-11-16 23:00:00+00:00;1832501.627;-10.406
2023-11-17 00:00:00+00:00;1740411.994;-9.903
2023-11-17 01:00:00+00:00;1691010.217;-8.99
2023-11-17 02:00:00+00:00;1657993.283;-8.1125
2023-11-17 03:00:00+00:00;1664844.916;-7.325
2023-11-17 04:00:00+00:00;1720639.39;-7.325
2023-11-17 05:00:00+00:00;1665898.976;-7.325
2023-11-17 06:00:00+00:00;1655064.214;-6.4999925
2023-11-17 07:00:00+00:00;1631852.539;-6.22499
2023-11-17 08:00:00+00:00;1614009.111;-5.6715800000000005
2023-11-17 09:00:00+00:00;1605095.309;-4.25653
2023-11-17 10:00:00+00:00;1585663.534;-4.17499
2023-11-17 11:00:00+00:00;1583599.299;-4.17499
2023-11-17 12:00:00+00:00;1613848.375;-3.08119
2023-11-17 13:00:00+00:00;1679384.998;-3.08119
2023-11-17 14:00:00+00:00;1779089.076;-3.08119
2023-11-17 15:00:00+00:00;1840828.849;-3.08119
2023-11-17 16:00:00+00:00;1883681.368;-3.08119
2023-11-17 17:00:00+00:00;1909251.869;-3.08119
2023-11-17 18:00:00+00:00;1880581.118;-3.044328
2023-11-17 19:00:00+00:00;1824380.642;-2.9437
2023-11-17 20:00:00+00:00;2108177.154;-2.18601
2023-11-17 21:00:00+00:00;2135777.859;-1.875
2023-11-17 22:00:00+00:00;1976844.835;-1.875
2023-11-17 23:00:00+00:00;1807293.22;-1.875
2023-11-18 00:00:00+00:00;1695237.787;-1.875
2023-11-18 01:00:00+00:00;1622257.611;-1.875
2023-11-18 02:00:00+00:00;1581742.528;-2.096875
2023-11-18 03:00:00+00:00;1567863.998;-2.7625
2023-11-18 04:00:00+00:00;1557542.198;-2.7625
2023-11-18 05:00:00+00:00;1481429.038;-2.7625
2023-11-18 06:00:00+00:00;1545127.808;-2.7625
2023-11-18 07:00:00+00:00;1598638.26;-2.7115650000000002
2023-11-18 08:00:00+00:00;1627583.829;-1.7437999999999998
2023-11-18 09:00:00+00:00;1638328.954;-1.7437999999999998
2023-11-18 10:00:00+00:00;1627927.831;-1.7437999999999998
2023-11-18 11:00:00+00:00;1617166.276;-1.7437999999999998
2023-11-18 12:00:00+00:00;1627329.376;-1.7437999999999998
2023-11-18 13:00:00+00:00;1666789.552;-1.7437999999999998
2023-11-18 14:00:00+00:00;1746173.429;-1.7437999999999998
2023-11-18 15:00:00+00:00;1819342.38;-1.7437999999999998
2023-11-18 16:00:00+00:00;1905979.922;-1.7437999999999998
2023-11-18 17:00:00+00:00;1900059.682;-1.7437999999999998
2023-11-18 18:00:00+00:00;1818988.382;-1.7437999999999998
2023-11-18 19:00:00+00:00;1729139.73;-2.19938
2023-11-18 20:00:00+00:00;1999470.456;-2.7562
2023-11-18 21:00:00+00:00;2043568.769;-2.7562
2023-11-18 22:00:00+00:00;1883619.059;-2.7562
2023-11-18 23:00:00+00:00;1746277.546;-2.7562
2023-11-19 00:00:00+00:00;1649525.811;-2.7562
2023-11-19 01:00:00+00:00;1590636.252;-2.7562
2023-11-19 02:00:00+00:00;1571923.883;-2.426075
2023-11-19 03:00:00+00:00;1551655.262;-1.7437999999999998
2023-11-19 04:00:00+00:00;1533632.725;-1.7437999999999998
2023-11-19 05:00:00+00:00;1459415.148;-1.7437999999999998
2023-11-19 06:00:00+00:00;1524798.612;-1.7437999999999998
2023-11-19 07:00:00+00:00;1592167.27;-1.7437999999999998
2023-11-19 08:00:00+00:00;1631755.071;-1.7437999999999998
2023-11-19 09:00:00+00:00;1650033.924;-1.7437999999999998
2023-11-19 10:00:00+00:00;1639575.218;-1.7437999999999998
2023-11-19 11:00:00+00:00;1620123.572;-1.7437999999999998
2023-11-19 12:00:00+00:00;1613764.288;-1.7437999999999998
2023-11-19 13:00:00+00:00;1637929.446;-1.7437999999999998
2023-11-19 14:00:00+00:00;1699451.401;-1.7437999999999998
2023-11-19 15:00:00+00:00;1747937.693;-1.7437999999999998
2023-11-19 16:00:00+00:00;1805046.252;-1.7437999999999998
2023-11-19 17:00:00+00:00;1820934.212;-1.39582
2023-11-19 18:00:00+00:00;1758596.6;-1.3125
2023-11-19 19:00:00+00:00;1676565.034;-1.3125
2023-11-19 20:00:00+00:00;1927936.39;-1.3125
2023-11-19 21:00:00+00:00;1953315.088;-1.3125
2023-11-19 22:00:00+00:00;1814635.869;-1.8934595
2023-11-19 23:00:00+00:00;1666103.51;-2.36879
2023-11-20 00:00:00+00:00;1586511.595;-2.736255
2023-11-20 01:00:00+00:00;1529147.727;-3.4186899999999993
2023-11-20 02:00:00+00:00;1494652.905;-3.2311899999999993
2023-11-20 03:00:00+00:00;1498699.103;-2.66869
2023-11-20 04:00:00+00:00;1550336.865;-3.2487605000000004
2023-11-20 05:00:00+00:00;1486783.029;-3.6812899999999997
2023-11-20 06:00:00+00:00;1471221.722;-3.6812899999999997
2023-11-20 07:00:00+00:00;1449230.011;-3.6812899999999997
2023-11-20 08:00:00+00:00;1439406.604;-2.9170635000000003
2023-11-20 09:00:00+00:00;1440542.925;-2.625
2023-11-20 10:00:00+00:00;1427338.035;-2.625
2023-11-20 11:00:00+00:00;1421821.448;-2.625
2023-11-20 12:00:00+00:00;1440606.019;-2.625
2023-11-20 13:00:00+00:00;1513860.788;-2.625
2023-11-20 14:00:00+00:00;1620892.993;-2.625
2023-11-20 15:00:00+00:00;1667900.09;-2.625
2023-11-20 16:00:00+00:00;1703285.059;-2.625
2023-11-20 17:00:00+00:00;1749062.684;-2.9947015
2023-11-20 18:00:00+00:00;1750740.041;-3.6812899999999997
2023-11-20 19:00:00+00:00;1709314.782;-3.6812899999999997
2023-11-20 20:00:00+00:00;1998237.259;-3.6812899999999997
2023-11-20 21:00:00+00:00;2018466.773;-3.6812899999999997
2023-11-20 22:00:00+00:00;1876145.581;-3.6812899999999997
2023-11-20 23:00:00+00:00;1716287.766;-3.6812899999999997
2023-11-21 00:00:00+00:00;1647527.387;-3.6812899999999997
2023-11-21 01:00:00+00:00;1604873.663;-3.6812899999999997
2023-11-21 02:00:00+00:00;1596120.58;-3.783265
2023-11-21 03:00:00+00:00;1603423.969;-3.96879
2023-11-21 04:00:00+00:00;1639074.689;-3.96879
2023-11-21 05:00:00+00:00;1551299.906;-3.96879
2023-11-21 06:00:00+00:00;1520594.537;-3.96879
2023-11-21 07:00:00+00:00;1490398.45;-8.686099
2023-11-21 08:00:00+00:00;1482565.414;-9.65
2023-11-21 09:00:00+00:00;1482541.11;-8.667105263157895
2023-11-21 10:00:00+00:00;1466585.852;-7.6031154999999995
2023-11-21 11:00:00+00:00;1459762.129;-7.549989999999999
2023-11-21 12:00:00+00:00;1483357.736;-7.549989999999999
2023-11-21 13:00:00+00:00;1541413.316;-7.549989999999999
2023-11-21 14:00:00+00:00;1625457.123;-7.549989999999999
2023-11-21 15:00:00+00:00;1690940.703;-7.549989999999999
2023-11-21 16:00:00+00:00;1755994.053;-7.549989999999999
2023-11-21 17:00:00+00:00;1823058.804;-7.549989999999999
2023-11-21 18:00:00+00:00;1844895.016;-7.549989999999999
2023-11-21 19:00:00+00:00;1802844.512;-7.549989999999999
2023-11-21 20:00:00+00:00;2071226.327;-7.549989999999999
2023-11-21 21:00:00+00:00;2112641.322;-6.916276000000001
2023-11-21 22:00:00+00:00;1962400.628;-6.4938
2023-11-21 23:00:00+00:00;1818955.585;-6.4938
2023-11-22 00:00:00+00:00;1735054.716;-6.4938
2023-11-22 01:00:00+00:00;1688413.041;-6.4938
2023-11-22 02:00:00+00:00;1679218.914;-7.278119000000001
2023-11-22 03:00:00+00:00;1717125.405;-7.793699999999999
2023-11-22 04:00:00+00:00;1822305.942;-8.006198000000001
2023-11-22 05:00:00+00:00;1748719.335;-8.85619
2023-11-22 06:00:00+00:00;1728054.642;-8.85619
2023-11-22 07:00:00+00:00;1708192.818;-8.85619
2023-11-22 08:00:00+00:00;1703381.664;-8.195256500000001
2023-11-22 09:00:00+00:00;1703152.152;-7.786198000000001
2023-11-22 10:00:00+00:00;1689177.324;-7.506190000000001
2023-11-22 11:00:00+00:00;1669912.414;-7.506190000000001
2023-11-22 12:00:00+00:00;1684738.698;-7.003095
2023-11-22 13:00:00+00:00;1750446.367;-6.5
2023-11-22 14:00:00+00:00;1848065.796;-6.5
2023-11-22 15:00:00+00:00;1899177.29;-6.5
2023-11-22 16:00:00+00:00;1960975.385;-6.5
2023-11-22 17:00:00+00:00;2012437.995;-6.5
2023-11-22 18:00:00+00:00;1976496.601;-5.778078
2023-11-22 19:00:00+00:00;1864079.329;-5.44369
2023-11-22 20:00:00+00:00;2087462.398;-4.7571665
2023-11-22 21:00:00+00:00;2089744.978;-4.033125
2023-11-22 22:00:00+00:00;1919667.202;-3.375
2023-11-22 23:00:00+00:00;1772843.379;-3.070182
2023-11-23 00:00:00+00:00;1646339.145;-2.28129
2023-11-23 01:00:00+00:00;1551999.059;-2.1725309999999998
2023-11-23 02:00:00+00:00;1499463.57;-1.14155
2023-11-23 03:00:00+00:00;1489170.311;-1.05
2023-11-23 04:00:00+00:00;1527248.898;-1.05
2023-11-23 05:00:00+00:00;1439931.565;-1.05
2023-11-23 06:00:00+00:00;1404621.056;-1.05
2023-11-23 07:00:00+00:00;1371188.318;-1.05
2023-11-23 08:00:00+00:00;1356204.52;0.0
2023-11-23 09:00:00+00:00;1351017.169;0.0
2023-11-23 10:00:00+00:00;1334666.701;0.0
2023-11-23 11:00:00+00:00;1328239.136;0.0
2023-11-23 12:00:00+00:00;1352204.413;0.0
2023-11-23 13:00:00+00:00;1419446.371;0.0
2023-11-23 14:00:00+00:00;1516854.792;0.0
2023-11-23 15:00:00+00:00;1563547.225;0.0
2023-11-23 16:00:00+00:00;1600952.418;-0.25
2023-11-23 17:00:00+00:00;1648401.72;-1.0
2023-11-23 18:00:00+00:00;1652897.425;-1.0
2023-11-23 19:00:00+00:00;1602180.832;-1.2237580000000001
2023-11-23 20:00:00+00:00;1875485.286;-2.11879
2023-11-23 21:00:00+00:00;1896391.816;-2.11879
2023-11-23 22:00:00+00:00;1731803.556;-2.11879
2023-11-23 23:00:00+00:00;1600889.386;-2.5125400000000004
2023-11-24 00:00:00+00:00;1517445.242;-3.2482750000000005
2023-11-24 01:00:00+00:00;1452685.411;-4.3562
2023-11-24 02:00:00+00:00;1426178.147;-5.272155
2023-11-24 03:00:00+00:00;1445229.648;-5.6875
2023-11-24 04:00:00+00:00;1514725.682;-6.3618685
2023-11-24 05:00:00+00:00;1477626.406;-6.72499
2023-11-24 06:00:00+00:00;1485867.662;-6.72499
2023-11-24 07:00:00+00:00;1481019.112;-6.72499
2023-11-24 08:00:00+00:00;1488819.775;-6.72499
2023-11-24 09:00:00+00:00;1510115.946;-7.14999
2023-11-24 10:00:00+00:00;1521844.033;-7.78749
2023-11-24 11:00:00+00:00;1563380.469;-7.78749
2023-11-24 12:00:00+00:00;1642958.935;-7.78749
2023-11-24 13:00:00+00:00;1954711.205;-8.642759999999999
2023-11-24 14:00:00+00:00;2147003.489;-9.9
2023-11-24 15:00:00+00:00;2254352.918;-9.9
2023-11-24 16:00:00+00:00;2351452.221;-10.422
2023-11-24 17:00:00+00:00;2427544.516;-10.944
2023-11-24 18:00:00+00:00;2400741.288;-10.8421
2023-11-24 19:00:00+00:00;2321969.783;-9.925
2023-11-24 20:00:00+00:00;2524379.165;-9.925
2023-11-24 21:00:00+00:00;2478183.463;-9.925
2023-11-24 22:00:00+00:00;2231906.985;-9.925
2023-11-24 23:00:00+00:00;1995688.93;-10.603593499999999
2023-11-25 00:00:00+00:00;1883559.302;-10.96899
2023-11-25 01:00:00+00:00;1826191.015;-10.0869535
2023-11-25 02:00:00+00:00;1800809.801;-8.721756000000001
2023-11-25 03:00:00+00:00;1800275.349;-8.34999
2023-11-25 04:00:00+00:00;1820464.56;-7.4999899999999995
2023-11-25 05:00:00+00:00;1762477.391;-7.2368655
2023-11-25 06:00:00+00:00;1841891.708;-6.275
2023-11-25 07:00:00+00:00;1900365.515;-6.275
2023-11-25 08:00:00+00:00;1913271.181;-5.673465
2023-11-25 09:00:00+00:00;1910786.314;-5.1813
2023-11-25 10:00:00+00:00;1894893.729;-4.790475
2023-11-25 11:00:00+00:00;1875460.012;-4.1687
2023-11-25 12:00:00+00:00;1887560.928;-4.1687
2023-11-25 13:00:00+00:00;1952352.921;-4.222455
2023-11-25 14:00:00+00:00;2050556.291;-5.2438
2023-11-25 15:00:00+00:00;2139838.422;-5.2438
2023-11-25 16:00:00+00:00;2225960.359;-5.7190855
2023-11-25 17:00:00+00:00;2232390.583;-6.29999
2023-11-25 18:00:00+00:00;2155376.923;-6.29999
2023-11-25 19:00:00+00:00;2082329.778;-6.29999
2023-11-25 20:00:00+00:00;2373651.865;-6.29999
2023-11-25 21:00:00+00:00;2428835.663;-6.29999
2023-11-25 22:00:00+00:00;2320917.702;-6.29999
2023-11-25 23:00:00+00:00;2163907.568;-6.29999
2023-11-26 00:00:00+00:00;2071922.072;-6.94871
2023-11-26 01:00:00+00:00;2018666.281;-7.381190000000001
2023-11-26 02:00:00+00:00;1989977.149;-7.746609000000001
2023-11-26 03:00:00+00:00;1981911.735;-8.56432
2023-11-26 04:00:00+00:00;1977339.055;-9.375
2023-11-26 05:00:00+00:00;1917948.388;-10.134
2023-11-26 06:00:00+00:00;2006506.344;-10.387
2023-11-26 07:00:00+00:00;2082439.649;-10.387
2023-11-26 08:00:00+00:00;2130545.738;-10.387
2023-11-26 09:00:00+00:00;2154193.637;-10.387
2023-11-26 10:00:00+00:00;2138632.836;-10.387
2023-11-26 11:00:00+00:00;2122109.337;-11.3887
2023-11-26 12:00:00+00:00;2125895.458;-12.427900000000001
2023-11-26 13:00:00+00:00;2164966.449;-14.1
2023-11-26 14:00:00+00:00;2237129.475;-15.290299999999998
2023-11-26 15:00:00+00:00;2298124.704;-15.885798
2023-11-26 16:00:00+00:00;2366504.215;-16.78099
2023-11-26 17:00:00+00:00;2395915.996;-17.773739999999997
2023-11-26 18:00:00+00:00;2343262.444;-17.051397
2023-11-26 19:00:00+00:00;2275390.335;-16.35085
2023-11-26 20:00:00+00:00;2541474.241;-15.656
2023-11-26 21:00:00+00:00;2594905.312;-15.656
2023-11-26 22:00:00+00:00;2472085.486;-16.2
2023-11-26 23:00:00+00:00;2347656.254;-16.744
2023-11-27 00:00:00+00:00;2274378.687;-16.744
2023-11-27 01:00:00+00:00;2243137.176;-17.601142
2023-11-27 02:00:00+00:00;2249596.891;-18.113943499999998
2023-11-27 03:00:00+00:00;2291833.289;-18.631
2023-11-27 04:00:00+00:00;2356359.909;-18.631
2023-11-27 05:00:00+00:00;2266631.593;-17.958000000000002
2023-11-27 06:00:00+00:00;2252099.399;-16.57499
2023-11-27 07:00:00+00:00;2235501.342;-15.809197000000001
2023-11-27 08:00:00+00:00;2223830.77;-15.481
2023-11-27 09:00:00+00:00;2210578.902;-15.481
2023-11-27 10:00:00+00:00;2177018.408;-15.313448500000002
2023-11-27 11:00:00+00:00;2161649.499;-14.46899
2023-11-27 12:00:00+00:00;2181370.406;-14.46899
2023-11-27 13:00:00+00:00;2258894.388;-14.46899
2023-11-27 14:00:00+00:00;2362064.318;-14.921694500000001
2023-11-27 15:00:00+00:00;2402358.648;-15.475
2023-11-27 16:00:00+00:00;2420764.094;-15.475
2023-11-27 17:00:00+00:00;2450013.585;-15.475
2023-11-27 18:00:00+00:00;2440457.87;-16.4781905
2023-11-27 19:00:00+00:00;2405851.154;-16.53099
2023-11-27 20:00:00+00:00;2667444.985;-16.53099
2023-11-27 21:00:00+00:00;2696305.838;-16.53099
2023-11-27 22:00:00+00:00;2538887.451;-16.53099
2023-11-27 23:00:00+00:00;2414730.782;-16.055794499999998
2023-11-28 00:00:00+00:00;2319918.598;-14.735800000000001
2023-11-28 01:00:00+00:00;2241759.307;-14.0536
2023-11-28 02:00:00+00:00;2187650.376;-12.6182965
2023-11-28 03:00:00+00:00;2171523.654;-10.5582955
2023-11-28 04:00:00+00:00;2192448.642;-9.423
2023-11-28 05:00:00+00:00;2055909.119;-8.5668965
2023-11-28 06:00:00+00:00;1980530.727;-6.934315000000001
2023-11-28 07:00:00+00:00;1929339.057;-5.930265
2023-11-28 08:00:00+00:00;1897129.835;-4.9625
2023-11-28 09:00:00+00:00;1879469.356;-4.9625
2023-11-28 10:00:00+00:00;1841785.638;-4.9625
2023-11-28 11:00:00+00:00;1806379.188;-4.9625
2023-11-28 12:00:00+00:00;1807957.802;-4.1124920000000005
2023-11-28 13:00:00+00:00;1860361.734;-3.89999
2023-11-28 14:00:00+00:00;1956081.799;-2.9321395000000003
2023-11-28 15:00:00+00:00;2021870.238;-2.7419985000000002
2023-11-28 16:00:00+00:00;2063715.643;-2.29369
2023-11-28 17:00:00+00:00;2120503.637;-2.29369
2023-11-28 18:00:00+00:00;2096791.003;-2.29369
2023-11-28 19:00:00+00:00;2002564.973;-2.29369
2023-11-28 20:00:00+00:00;2246370.074;-2.29369
2023-11-28 21:00:00+00:00;2260943.824;-2.29369
2023-11-28 22:00:00+00:00;2112002.941;-2.29369
2023-11-28 23:00:00+00:00;1944718.065;-2.29369
2023-11-29 00:00:00+00:00;1818419.293;-2.29369
2023-11-29 01:00:00+00:00;1738557.655;-2.29369
2023-11-29 02:00:00+00:00;1699062.793;-2.353608
2023-11-29 03:00:00+00:00;1701788.467;-2.475
2023-11-29 04:00:00+00:00;1747895.952;-2.475
2023-11-29 05:00:00+00:00;1657601.98;-2.475
2023-11-29 06:00:00+00:00;1621764.086;-2.475
2023-11-29 07:00:00+00:00;1591674.193;-2.526875
2023-11-29 08:00:00+00:00;1579444.113;-3.5124999999999997
2023-11-29 09:00:00+00:00;1581271.657;-3.5125
2023-11-29 10:00:00+00:00;1566889.084;-3.5125
2023-11-29 11:00:00+00:00;1559795.867;-3.5125
2023-11-29 12:00:00+00:00;1582208.519;-3.5125
2023-11-29 13:00:00+00:00;1649119.496;-3.5125
2023-11-29 14:00:00+00:00;1745507.45;-3.5125
2023-11-29 15:00:00+00:00;1785998.593;-3.5125
2023-11-29 16:00:00+00:00;1826434.879;-3.5125
2023-11-29 17:00:00+00:00;1864505.718;-3.5125
2023-11-29 18:00:00+00:00;1860573.852;-3.5125
2023-11-29 19:00:00+00:00;1808532.917;-3.5125
2023-11-29 20:00:00+00:00;2075659.836;-3.5125
2023-11-29 21:00:00+00:00;2097019.27;-3.5125
2023-11-29 22:00:00+00:00;1946997.82;-3.5125
2023-11-29 23:00:00+00:00;1810377.563;-3.5125
2023-11-30 00:00:00+00:00;1722880.065;-3.5125
2023-11-30 01:00:00+00:00;1676267.44;-3.836887
2023-11-30 02:00:00+00:00;1669191.066;-4.569444
2023-11-30 03:00:00+00:00;1683995.454;-5.037495000000001
2023-11-30 04:00:00+00:00;1738031.096;-6.829779
2023-11-30 05:00:00+00:00;1665725.542;-8.07248
2023-11-30 06:00:00+00:00;1639748.073;-9.0736965
2023-11-30 07:00:00+00:00;1615541.462;-10.060033
2023-11-30 08:00:00+00:00;1609822.585;-10.5017475
2023-11-30 09:00:00+00:00;1611336.381;-8.1093705
2023-11-30 10:00:00+00:00;1605163.228;-7.5625
2023-11-30 11:00:00+00:00;1605510.264;-7.5625
2023-11-30 12:00:00+00:00;1634089.41;-7.5625
2023-11-30 13:00:00+00:00;1707427.913;-7.5625
2023-11-30 14:00:00+00:00;1801739.061;-7.5625
2023-11-30 15:00:00+00:00;1848777.157;-7.5625
2023-11-30 16:00:00+00:00;1890744.132;-7.5625
2023-11-30 17:00:00+00:00;1945690.972;-6.843263
2023-11-30 18:00:00+00:00;1960964.768;-6.487489999999999
2023-11-30 19:00:00+00:00;1923709.278;-6.692492
2023-11-30 20:00:00+00:00;2190859.423;-7.818137
2023-11-30 21:00:00+00:00;2217407.38;-8.53129
2023-11-30 22:00:00+00:00;2076468.424;-8.53129
2023-11-30 23:00:00+00:00;1934610.208;-8.53129
2023-12-01 00:00:00+00:00;1849461.179;-8.53129
2023-12-01 01:00:00+00:00;1790317.972;-8.53129
2023-12-01 02:00:00+00:00;1758382.889;-8.3914285
2023-12-01 03:00:00+00:00;1761088.955;-8.1813
2023-12-01 04:00:00+00:00;1819707.596;-8.1813
2023-12-01 05:00:00+00:00;1746195.446;-8.1813
2023-12-01 06:00:00+00:00;1729410.572;-8.1813
2023-12-01 07:00:00+00:00;1717348.186;-7.247451000000001
2023-12-01 08:00:00+00:00;1726239.546;-7.143690000000001
2023-12-01 09:00:00+00:00;1728726.985;-6.4612549999999995
2023-12-01 10:00:00+00:00;1719426.832;-6.09379
2023-12-01 11:00:00+00:00;1721972.268;-6.09379
2023-12-01 12:00:00+00:00;1753288.239;-6.09379
2023-12-01 13:00:00+00:00;1825218.592;-6.09379
2023-12-01 14:00:00+00:00;1916565.011;-6.09379
2023-12-01 15:00:00+00:00;1963634.767;-6.09379
2023-12-01 16:00:00+00:00;2013065.116;-6.09379
2023-12-01 17:00:00+00:00;2053937.902;-6.09379
2023-12-01 18:00:00+00:00;2038102.327;-6.09379
2023-12-01 19:00:00+00:00;1981532.336;-6.09379
2023-12-01 20:00:00+00:00;2267844.919;-6.09379
2023-12-01 21:00:00+00:00;2305299.655;-6.09379
2023-12-01 22:00:00+00:00;2163636.432;-6.09379
2023-12-01 23:00:00+00:00;2011069.538;-6.09379
2023-12-02 00:00:00+00:00;1922966.291;-6.1494805
2023-12-02 01:00:00+00:00;1882429.239;-7.131190000000001
2023-12-02 02:00:00+00:00;1840270.976;-7.1771484999999995
2023-12-02 03:00:00+00:00;1812160.88;-7.2625
2023-12-02 04:00:00+00:00;1808860.994;-7.2625
2023-12-02 05:00:00+00:00;1741460.077;-7.2625
2023-12-02 06:00:00+00:00;1822488.076;-7.2625
2023-12-02 07:00:00+00:00;1889541.099;-7.2625
2023-12-02 08:00:00+00:00;1924503.359;-7.2625
2023-12-02 09:00:00+00:00;1938556.022;-7.2625
2023-12-02 10:00:00+00:00;1934913.931;-7.2625
2023-12-02 11:00:00+00:00;1932153.3;-7.2625
2023-12-02 12:00:00+00:00;1959846.712;-7.2625
2023-12-02 13:00:00+00:00;2024567.427;-7.2625
2023-12-02 14:00:00+00:00;2112325.504;-7.2625
2023-12-02 15:00:00+00:00;2194233.628;-8.190571
2023-12-02 16:00:00+00:00;2269701.455;-8.648788
2023-12-02 17:00:00+00:00;2282241.999;-9.3375
2023-12-02 18:00:00+00:00;2210260.083;-9.6688595
2023-12-02 19:00:00+00:00;2129192.823;-10.419
2023-12-02 20:00:00+00:00;2408480.478;-10.419
2023-12-02 21:00:00+00:00;2477773.198;-10.419
2023-12-02 22:00:00+00:00;2345335.419;-10.419
2023-12-02 23:00:00+00:00;2185939.341;-10.419
2023-12-03 00:00:00+00:00;2091869.657;-10.419
2023-12-03 01:00:00+00:00;2034924.324;-10.419
2023-12-03 02:00:00+00:00;2010452.085;-10.202350000000001
2023-12-03 03:00:00+00:00;1976646.139;-9.8
2023-12-03 04:00:00+00:00;1964688.972;-9.8
2023-12-03 05:00:00+00:00;1878463.674;-9.8
2023-12-03 06:00:00+00:00;1948434.363;-9.8
2023-12-03 07:00:00+00:00;2022507.509;-9.483819500000001
2023-12-03 08:00:00+00:00;2075042.464;-8.7687
2023-12-03 09:00:00+00:00;2093045.887;-8.509325
2023-12-03 10:00:00+00:00;2086551.847;-7.731199999999999
2023-12-03 11:00:00+00:00;2072688.825;-7.731199999999999
2023-12-03 12:00:00+00:00;2077497.682;-7.731199999999999
2023-12-03 13:00:00+00:00;2121470.743;-7.731199999999999
2023-12-03 14:00:00+00:00;2183498.661;-6.780611
2023-12-03 15:00:00+00:00;2230331.315;-6.674989999999999
2023-12-03 16:00:00+00:00;2284538.652;-6.674989999999999
2023-12-03 17:00:00+00:00;2308560.561;-7.4103414999999995
2023-12-03 18:00:00+00:00;2264137.841;-7.8063
2023-12-03 19:00:00+00:00;2192066.786;-7.8063
2023-12-03 20:00:00+00:00;2453433.501;-7.8063
2023-12-03 21:00:00+00:00;2506498.673;-7.8063
2023-12-03 22:00:00+00:00;2403707.191;-7.8063
2023-12-03 23:00:00+00:00;2268738.506;-7.8063
2023-12-04 00:00:00+00:00;2191952.76;-7.8063
2023-12-04 01:00:00+00:00;2155990.83;-7.8063
2023-12-04 02:00:00+00:00;2153845.42;-8.502721
2023-12-04 03:00:00+00:00;2171297.384;-8.97499
2023-12-04 04:00:00+00:00;2224579.361;-8.97499
2023-12-04 05:00:00+00:00;2136447.968;-9.109416
2023-12-04 06:00:00+00:00;2113055.325;-10.012
2023-12-04 07:00:00+00:00;2089990.025;-10.49305
2023-12-04 08:00:00+00:00;2076491.985;-11.081
2023-12-04 09:00:00+00:00;2070345.597;-11.081
2023-12-04 10:00:00+00:00;2053133.141;-11.081
2023-12-04 11:00:00+00:00;2042088.593;-11.081
2023-12-04 12:00:00+00:00;2060500.071;-11.081
2023-12-04 13:00:00+00:00;2137436.68;-11.081
2023-12-04 14:00:00+00:00;2235081.189;-11.081
2023-12-04 15:00:00+00:00;2269247.755;-11.081
2023-12-04 16:00:00+00:00;2302053.322;-11.081
2023-12-04 17:00:00+00:00;2345781.731;-11.081
2023-12-04 18:00:00+00:00;2362565.762;-11.081
2023-12-04 19:00:00+00:00;2322014.314;-11.081
2023-12-04 20:00:00+00:00;2613456.301;-11.4485
2023-12-04 21:00:00+00:00;2649186.714;-12.131
2023-12-04 22:00:00+00:00;2539909.401;-12.131
2023-12-04 23:00:00+00:00;2381792.721;-12.131
2023-12-05 00:00:00+00:00;2282068.489;-12.131
2023-12-05 01:00:00+00:00;2218057.215;-12.131
2023-12-05 02:00:00+00:00;2194220.892;-12.170595500000001
2023-12-05 03:00:00+00:00;2211614.165;-12.21899
2023-12-05 04:00:00+00:00;2258810.247;-12.21899
2023-12-05 05:00:00+00:00;2159523.916;-12.21899
2023-12-05 06:00:00+00:00;2127281.113;-12.76884
2023-12-05 07:00:00+00:00;2096307.616;-13.09399
2023-12-05 08:00:00+00:00;2083331.653;-13.09399
2023-12-05 09:00:00+00:00;2069178.107;-13.0194435
2023-12-05 10:00:00+00:00;2046086.648;-12.881
2023-12-05 11:00:00+00:00;2028395.689;-12.881
2023-12-05 12:00:00+00:00;2046698.329;-13.2838
2023-12-05 13:00:00+00:00;2111092.031;-13.888
2023-12-05 14:00:00+00:00;2194894.114;-13.888
2023-12-05 15:00:00+00:00;2231709.857;-13.888
2023-12-05 16:00:00+00:00;2268489.157;-13.888
2023-12-05 17:00:00+00:00;2307417.374;-13.888
2023-12-05 18:00:00+00:00;2297325.922;-13.888
2023-12-05 19:00:00+00:00;2240222.326;-14.63795
2023-12-05 20:00:00+00:00;2520788.206;-15.15855
2023-12-05 21:00:00+00:00;2557722.964;-15.956
2023-12-05 22:00:00+00:00;2419422.394;-15.956
2023-12-05 23:00:00+00:00;2265260.307;-16.8541915
2023-12-06 00:00:00+00:00;2148850.903;-17.03099
2023-12-06 01:00:00+00:00;2100787.412;-17.450994
2023-12-06 02:00:00+00:00;2051845.995;-18.1511955
2023-12-06 03:00:00+00:00;2018165.529;-18.23699
2023-12-06 04:00:00+00:00;2026548.389;-18.23699
2023-12-06 05:00:00+00:00;1938874.252;-18.8133955
2023-12-06 06:00:00+00:00;2006269.198;-19.294
2023-12-06 07:00:00+00:00;2075893.087;-19.294
2023-12-06 08:00:00+00:00;2121891.828;-19.294
2023-12-06 09:00:00+00:00;2142772.625;-19.294
2023-12-06 10:00:00+00:00;2125554.005;-19.294
2023-12-06 11:00:00+00:00;2101222.739;-19.294
2023-12-06 12:00:00+00:00;2108009.07;-19.294
2023-12-06 13:00:00+00:00;2157595.635;-19.294
2023-12-06 14:00:00+00:00;2218832.537;-19.294
2023-12-06 15:00:00+00:00;2248372.173;-19.294
2023-12-06 16:00:00+00:00;2252471.401;-18.9394465
2023-12-06 17:00:00+00:00;2177379.153;-17.7133905
2023-12-06 18:00:00+00:00;2134079.709;-17.19999
2023-12-06 19:00:00+00:00;2085329.378;-17.173939999999998
2023-12-06 20:00:00+00:00;2377638.595;-16.138
2023-12-06 21:00:00+00:00;2428225.163;-16.138
2023-12-06 22:00:00+00:00;2286195.506;-15.570400000000001
2023-12-06 23:00:00+00:00;2127686.726;-14.698400000000001
2023-12-07 00:00:00+00:00;2026082.476;-14.087
2023-12-07 01:00:00+00:00;1961718.703;-13.3219
2023-12-07 02:00:00+00:00;1945196.881;-12.826395999999999
2023-12-07 03:00:00+00:00;1950238.62;-12.57499
2023-12-07 04:00:00+00:00;1984540.374;-11.835797
2023-12-07 05:00:00+00:00;1883843.724;-11.519
2023-12-07 06:00:00+00:00;1857942.739;-10.61545
2023-12-07 07:00:00+00:00;1841864.588;-10.456
2023-12-07 08:00:00+00:00;1834277.398;-9.379646
2023-12-07 09:00:00+00:00;1833329.071;-9.26249
2023-12-07 10:00:00+00:00;1820109.676;-9.26249
2023-12-07 11:00:00+00:00;1807491.225;-9.26249
2023-12-07 12:00:00+00:00;1826324.073;-9.26249
2023-12-07 13:00:00+00:00;1906826.741;-10.1333235
2023-12-07 14:00:00+00:00;2002645.194;-10.287
2023-12-07 15:00:00+00:00;2042419.551;-10.287
2023-12-07 16:00:00+00:00;2076307.286;-10.287
2023-12-07 17:00:00+00:00;2120107.966;-10.287
2023-12-07 18:00:00+00:00;2121097.897;-10.287
2023-12-07 19:00:00+00:00;2065636.275;-9.28749
2023-12-07 20:00:00+00:00;2339166.922;-9.28749
2023-12-07 21:00:00+00:00;2364404.05;-9.28749
2023-12-07 22:00:00+00:00;2214127.97;-9.28749
2023-12-07 23:00:00+00:00;2059509.017;-9.28749
2023-12-08 00:00:00+00:00;1969581.813;-10.009547000000001
2023-12-08 01:00:00+00:00;1920019.463;-10.319
2023-12-08 02:00:00+00:00;1901730.596;-10.438249500000001
2023-12-08 03:00:00+00:00;1902523.219;-10.619
2023-12-08 04:00:00+00:00;1939334.412;-10.619
2023-12-08 05:00:00+00:00;1860434.685;-10.619
2023-12-08 06:00:00+00:00;1849032.583;-10.619
2023-12-08 07:00:00+00:00;1838602.236;-9.988814
2023-12-08 08:00:00+00:00;1829838.836;-9.56869
2023-12-08 09:00:00+00:00;1833263.606;-9.13121
2023-12-08 10:00:00+00:00;1829367.358;-8.47499
2023-12-08 11:00:00+00:00;1838108.459;-8.47499
2023-12-08 12:00:00+00:00;1874427.535;-8.47499
2023-12-08 13:00:00+00:00;1952493.671;-8.47499
2023-12-08 14:00:00+00:00;2041983.138;-8.47499
2023-12-08 15:00:00+00:00;2089828.547;-9.3736005
2023-12-08 16:00:00+00:00;2135923.108;-9.50619
2023-12-08 17:00:00+00:00;2177885.346;-9.50619
2023-12-08 18:00:00+00:00;2170475.6;-9.50619
2023-12-08 19:00:00+00:00;2127440.711;-9.50619
2023-12-08 20:00:00+00:00;2429014.403;-9.50619
2023-12-08 21:00:00+00:00;2485031.449;-9.702802
2023-12-08 22:00:00+00:00;2336455.257;-10.519
2023-12-08 23:00:00+00:00;2202443.186;-10.519
2023-12-09 00:00:00+00:00;2108425.729;-10.519
2023-12-09 01:00:00+00:00;2046102.036;-10.519
2023-12-09 02:00:00+00:00;2012739.376;-10.6562
2023-12-09 03:00:00+00:00;1991704.281;-10.862
2023-12-09 04:00:00+00:00;2006415.615;-10.862
2023-12-09 05:00:00+00:00;1921431.703;-10.862
2023-12-09 06:00:00+00:00;1997261.728;-10.862
2023-12-09 07:00:00+00:00;2075629.036;-11.636
2023-12-09 08:00:00+00:00;2116577.942;-11.894
2023-12-09 09:00:00+00:00;2136197.135;-11.894
2023-12-09 10:00:00+00:00;2128881.996;-11.894
2023-12-09 11:00:00+00:00;2117141.207;-11.894
2023-12-09 12:00:00+00:00;2123854.121;-11.894
2023-12-09 13:00:00+00:00;2163699.556;-11.894
2023-12-09 14:00:00+00:00;2230807.508;-11.894
2023-12-09 15:00:00+00:00;2300303.117;-11.894
2023-12-09 16:00:00+00:00;2373015.705;-11.894
2023-12-09 17:00:00+00:00;2374834.716;-11.894
2023-12-09 18:00:00+00:00;2291576.819;-11.894
2023-12-09 19:00:00+00:00;2189678.331;-11.894
2023-12-09 20:00:00+00:00;2455773.388;-11.894
2023-12-09 21:00:00+00:00;2513319.245;-11.894
2023-12-09 22:00:00+00:00;2381307.031;-11.894
2023-12-09 23:00:00+00:00;2211837.655;-11.894
2023-12-10 00:00:00+00:00;2129828.721;-11.894
2023-12-10 01:00:00+00:00;2039296.435;-11.894
2023-12-10 02:00:00+00:00;1970120.945;-11.894
2023-12-10 03:00:00+00:00;1924664.042;-11.7392
2023-12-10 04:00:00+00:00;1901313.545;-10.856
2023-12-10 05:00:00+00:00;1818881.363;-10.856
2023-12-10 06:00:00+00:00;1884881.475;-10.856
2023-12-10 07:00:00+00:00;1961135.786;-10.856
2023-12-10 08:00:00+00:00;2017689.197;-10.856
2023-12-10 09:00:00+00:00;2048308.145;-10.856
2023-12-10 10:00:00+00:00;2047961.727;-10.856
2023-12-10 11:00:00+00:00;2039855.05;-10.856
2023-12-10 12:00:00+00:00;2039580.778;-10.856
2023-12-10 13:00:00+00:00;2066454.126;-10.856
2023-12-10 14:00:00+00:00;2110842.705;-10.856
2023-12-10 15:00:00+00:00;2147866.97;-10.856
2023-12-10 16:00:00+00:00;2201399.895;-10.856
2023-12-10 17:00:00+00:00;2222037.6;-10.856
2023-12-10 18:00:00+00:00;2169485.775;-11.0572
2023-12-10 19:00:00+00:00;2082135.89;-11.862
2023-12-10 20:00:00+00:00;2348558.908;-11.862
2023-12-10 21:00:00+00:00;2407711.997;-12.682500000000001
2023-12-10 22:00:00+00:00;2287970.427;-12.956
2023-12-10 23:00:00+00:00;2109473.654;-12.956
2023-12-11 00:00:00+00:00;2004719.894;-12.956
2023-12-11 01:00:00+00:00;1939723.366;-12.956
2023-12-11 02:00:00+00:00;1907205.089;-12.956
2023-12-11 03:00:00+00:00;1914837.796;-12.956
2023-12-11 04:00:00+00:00;1962440.734;-12.956
2023-12-11 05:00:00+00:00;1871081.958;-12.956
2023-12-11 06:00:00+00:00;1844515.294;-12.3452
2023-12-11 07:00:00+00:00;1819194.651;-11.938
2023-12-11 08:00:00+00:00;1811459.537;-11.816600000000001
2023-12-11 09:00:00+00:00;1819970.266;-10.862
2023-12-11 10:00:00+00:00;1820988.0;-10.862
2023-12-11 11:00:00+00:00;1814157.167;-10.862
2023-12-11 12:00:00+00:00;1834597.698;-10.862
2023-12-11 13:00:00+00:00;1901720.325;-10.862
2023-12-11 14:00:00+00:00;1990017.338;-10.862
2023-12-11 15:00:00+00:00;2026685.487;-10.862
2023-12-11 16:00:00+00:00;2060685.029;-10.862
2023-12-11 17:00:00+00:00;2108606.022;-10.862
2023-12-11 18:00:00+00:00;2114937.618;-10.862
2023-12-11 19:00:00+00:00;2070778.216;-10.862
2023-12-11 20:00:00+00:00;2356143.181;-10.862
2023-12-11 21:00:00+00:00;2394206.275;-10.862
2023-12-11 22:00:00+00:00;2273852.467;-10.862
2023-12-11 23:00:00+00:00;2106079.531;-10.862
2023-12-12 00:00:00+00:00;2030378.137;-10.52
2023-12-12 01:00:00+00:00;1968623.566;-10.406
2023-12-12 02:00:00+00:00;1946382.076;-10.5192495
2023-12-12 03:00:00+00:00;1965504.236;-10.831
2023-12-12 04:00:00+00:00;2017749.681;-10.831
2023-12-12 05:00:00+00:00;1932708.148;-11.041799999999999
2023-12-12 06:00:00+00:00;1911479.335;-12.1121975
2023-12-12 07:00:00+00:00;1895299.147;-12.773090499999999
2023-12-12 08:00:00+00:00;1892334.211;-11.787
2023-12-12 09:00:00+00:00;1899457.026;-11.787
2023-12-12 10:00:00+00:00;1893833.815;-11.787
2023-12-12 11:00:00+00:00;1894857.478;-12.0966
2023-12-12 12:00:00+00:00;1923362.797;-12.973650000000001
2023-12-12 13:00:00+00:00;1996219.611;-13.85
2023-12-12 14:00:00+00:00;2092916.835;-14.6996
2023-12-12 15:00:00+00:00;2135005.603;-14.912
2023-12-12 16:00:00+00:00;2177643.461;-15.78545
2023-12-12 17:00:00+00:00;2233081.806;-15.937999999999999
2023-12-12 18:00:00+00:00;2238469.426;-15.937999999999999
2023-12-12 19:00:00+00:00;2174640.435;-15.8276
2023-12-12 20:00:00+00:00;2447470.947;-14.7095485
2023-12-12 21:00:00+00:00;2477098.157;-13.80599
2023-12-12 22:00:00+00:00;2337543.524;-13.5324925
2023-12-12 23:00:00+00:00;2202004.581;-12.712
2023-12-13 00:00:00+00:00;2112094.807;-12.397
2023-12-13 01:00:00+00:00;2058622.961;-11.662
2023-12-13 02:00:00+00:00;2016219.34;-11.542800000000002
2023-12-13 03:00:00+00:00;2006314.887;-11.256
2023-12-13 04:00:00+00:00;2056806.506;-11.256
2023-12-13 05:00:00+00:00;1945972.328;-11.4117
2023-12-13 06:00:00+00:00;1912559.568;-12.294
2023-12-13 07:00:00+00:00;1888727.081;-12.294
2023-12-13 08:00:00+00:00;1880601.727;-12.294
2023-12-13 09:00:00+00:00;1876970.526;-12.294
2023-12-13 10:00:00+00:00;1859099.754;-12.294
2023-12-13 11:00:00+00:00;1848841.467;-12.294
2023-12-13 12:00:00+00:00;1864682.14;-12.294
2023-12-13 13:00:00+00:00;1933061.597;-12.44805
2023-12-13 14:00:00+00:00;2032479.824;-12.531
2023-12-13 15:00:00+00:00;2079556.455;-12.531
2023-12-13 16:00:00+00:00;2127557.356;-12.531
2023-12-13 17:00:00+00:00;2176402.724;-12.531
2023-12-13 18:00:00+00:00;2170018.515;-12.531
2023-12-13 19:00:00+00:00;2105879.328;-11.7194
2023-12-13 20:00:00+00:00;2380285.965;-11.525
2023-12-13 21:00:00+00:00;2396765.013;-10.533199999999999
2023-12-13 22:00:00+00:00;2251800.951;-10.481
2023-12-13 23:00:00+00:00;2120516.819;-10.481
2023-12-14 00:00:00+00:00;2030940.723;-10.049325
2023-12-14 01:00:00+00:00;1949706.973;-9.4
2023-12-14 02:00:00+00:00;1902817.818;-9.36875
2023-12-14 03:00:00+00:00;1903162.95;-9.275
2023-12-14 04:00:00+00:00;1944874.001;-9.275
2023-12-14 05:00:00+00:00;1852640.607;-9.275
2023-12-14 06:00:00+00:00;1823611.914;-9.275
2023-12-14 07:00:00+00:00;1802117.701;-9.275
2023-12-14 08:00:00+00:00;1790897.15;-9.275
2023-12-14 09:00:00+00:00;1792736.115;-9.275
2023-12-14 10:00:00+00:00;1774617.253;-9.2381955
2023-12-14 11:00:00+00:00;1768963.15;-9.13749
2023-12-14 12:00:00+00:00;1788171.672;-9.13749
2023-12-14 13:00:00+00:00;1847694.387;-9.13749
2023-12-14 14:00:00+00:00;1920558.488;-9.13749
2023-12-14 15:00:00+00:00;1948664.428;-9.13749
2023-12-14 16:00:00+00:00;1976026.708;-9.13749
2023-12-14 17:00:00+00:00;2032512.284;-9.13749
2023-12-14 18:00:00+00:00;2047542.799;-8.8047055
2023-12-14 19:00:00+00:00;1994094.15;-8.10619
2023-12-14 20:00:00+00:00;2269652.703;-8.10619
2023-12-14 21:00:00+00:00;2299687.15;-8.10619
2023-12-14 22:00:00+00:00;2156717.428;-8.10619
2023-12-14 23:00:00+00:00;2002066.207;-8.10619
2023-12-15 00:00:00+00:00;1904301.537;-8.10619
2023-12-15 01:00:00+00:00;1843101.853;-8.10619
2023-12-15 02:00:00+00:00;1812451.617;-7.893825
2023-12-15 03:00:00+00:00;1812085.999;-7.28749
2023-12-15 04:00:00+00:00;1842762.769;-7.28749
2023-12-15 05:00:00+00:00;1765991.467;-7.28749
2023-12-15 06:00:00+00:00;1746887.126;-7.28749
2023-12-15 07:00:00+00:00;1730966.674;-7.28749
2023-12-15 08:00:00+00:00;1722573.343;-7.28749
2023-12-15 09:00:00+00:00;1722430.962;-7.1875
2023-12-15 10:00:00+00:00;1704766.143;-7.1875
2023-12-15 11:00:00+00:00;1701147.509;-7.1875
2023-12-15 12:00:00+00:00;1726616.062;-7.1875
2023-12-15 13:00:00+00:00;1787480.992;-7.1875
2023-12-15 14:00:00+00:00;1861410.751;-7.1875
2023-12-15 15:00:00+00:00;1902863.062;-6.6581195
2023-12-15 16:00:00+00:00;1942077.786;-6.22499
2023-12-15 17:00:00+00:00;1981964.157;-6.22499
2023-12-15 18:00:00+00:00;1976388.693;-6.3487755
2023-12-15 19:00:00+00:00;1928779.738;-6.59999
2023-12-15 20:00:00+00:00;2209582.519;-6.59999
2023-12-15 21:00:00+00:00;2234618.466;-6.59999
2023-12-15 22:00:00+00:00;2065929.501;-6.59999
2023-12-15 23:00:00+00:00;1904909.989;-6.59999
2023-12-16 00:00:00+00:00;1802284.607;-6.59999
2023-12-16 01:00:00+00:00;1726716.577;-6.59999
2023-12-16 02:00:00+00:00;1688205.386;-6.2365585
2023-12-16 03:00:00+00:00;1677373.518;-5.5625
2023-12-16 04:00:00+00:00;1688457.722;-5.5625
2023-12-16 05:00:00+00:00;1629418.379;-5.5625
2023-12-16 06:00:00+00:00;1714950.321;-4.8502995
2023-12-16 07:00:00+00:00;1790027.275;-4.5125
2023-12-16 08:00:00+00:00;1829856.699;-4.4087499999999995
2023-12-16 09:00:00+00:00;1848203.813;-3.475
2023-12-16 10:00:00+00:00;1836741.468;-3.475
2023-12-16 11:00:00+00:00;1823331.858;-3.475
2023-12-16 12:00:00+00:00;1829790.068;-3.475
2023-12-16 13:00:00+00:00;1864375.708;-3.475
2023-12-16 14:00:00+00:00;1916415.109;-3.475
2023-12-16 15:00:00+00:00;1983953.136;-3.475
2023-12-16 16:00:00+00:00;2055231.492;-3.475
2023-12-16 17:00:00+00:00;2043715.441;-2.71375
2023-12-16 18:00:00+00:00;1929121.264;-2.0015150000000004
2023-12-16 19:00:00+00:00;1800459.808;-1.22655
2023-12-16 20:00:00+00:00;2037409.963;-0.975
2023-12-16 21:00:00+00:00;2063801.644;-0.08625000000000001
2023-12-16 22:00:00+00:00;1891551.694;0.50625
2023-12-16 23:00:00+00:00;1736315.815;0.50625
2023-12-17 00:00:00+00:00;1608453.679;0.50625
2023-12-17 01:00:00+00:00;1512509.595;0.50625
2023-12-17 02:00:00+00:00;1456133.483;0.3796875
2023-12-17 03:00:00+00:00;1430002.037;0.0
2023-12-17 04:00:00+00:00;1425999.362;0.0
2023-12-17 05:00:00+00:00;1369006.082;0.0
2023-12-17 06:00:00+00:00;1452614.009;-0.8766050000000002
2023-12-17 07:00:00+00:00;1542112.773;-1.0313
2023-12-17 08:00:00+00:00;1604087.164;-1.0313
2023-12-17 09:00:00+00:00;1635258.78;-0.40218800000000005
2023-12-17 10:00:00+00:00;1628827.072;0.0
2023-12-17 11:00:00+00:00;1622209.228;0.0
2023-12-17 12:00:00+00:00;1626912.429;0.9592345000000002
2023-12-17 13:00:00+00:00;1671431.153;1.0375
2023-12-17 14:00:00+00:00;1724708.02;1.0375
2023-12-17 15:00:00+00:00;1768970.558;1.0375
2023-12-17 16:00:00+00:00;1831331.374;1.0375
2023-12-17 17:00:00+00:00;1877205.969;1.0375
2023-12-17 18:00:00+00:00;1842992.302;1.0375
2023-12-17 19:00:00+00:00;1749591.826;1.0375
2023-12-17 20:00:00+00:00;1980049.799;1.0375
2023-12-17 21:00:00+00:00;2005022.098;1.0375
2023-12-17 22:00:00+00:00;1856453.986;0.43970850000000006
2023-12-17 23:00:00+00:00;1676832.281;0.0
2023-12-18 00:00:00+00:00;1569289.913;0.0
2023-12-18 01:00:00+00:00;1508176.72;0.0
2023-12-18 02:00:00+00:00;1486003.532;0.0
2023-12-18 03:00:00+00:00;1494181.412;0.0
2023-12-18 04:00:00+00:00;1546409.002;0.0
2023-12-18 05:00:00+00:00;1487098.633;0.0
2023-12-18 06:00:00+00:00;1481079.692;0.0
2023-12-18 07:00:00+00:00;1463846.729;0.0
2023-12-18 08:00:00+00:00;1458360.231;0.0
2023-12-18 09:00:00+00:00;1458953.695;0.6799790000000001
2023-12-18 10:00:00+00:00;1439670.573;1.0375
2023-12-18 11:00:00+00:00;1431288.57;1.0375
2023-12-18 12:00:00+00:00;1450062.617;0.8300000000000001
2023-12-18 13:00:00+00:00;1515261.573;0.0
2023-12-18 14:00:00+00:00;1606668.417;0.80496
2023-12-18 15:00:00+00:00;1646700.728;1.0062
2023-12-18 16:00:00+00:00;1683989.597;1.0062
2023-12-18 17:00:00+00:00;1734158.928;1.0062
2023-12-18 18:00:00+00:00;1736331.865;1.0062
2023-12-18 19:00:00+00:00;1678100.011;1.0062
2023-12-18 20:00:00+00:00;1934532.248;1.0062
2023-12-18 21:00:00+00:00;1946740.251;1.0062
2023-12-18 22:00:00+00:00;1770074.574;0.935749
2023-12-18 23:00:00+00:00;1607252.302;0.0
2023-12-19 00:00:00+00:00;1510220.219;0.0
2023-12-19 01:00:00+00:00;1448031.187;-0.8298885
2023-12-19 02:00:00+00:00;1405687.465;-0.903125
2023-12-19 03:00:00+00:00;1392755.002;-0.575
2023-12-19 04:00:00+00:00;1435501.123;-0.575
2023-12-19 05:00:00+00:00;1369851.5;-0.575
2023-12-19 06:00:00+00:00;1356279.094;-0.575
2023-12-19 07:00:00+00:00;1339195.392;0.24531250000000004
2023-12-19 08:00:00+00:00;1332959.618;0.51875
2023-12-19 09:00:00+00:00;1331547.66;0.4943915789473684
2023-12-19 10:00:00+00:00;1320674.478;0.525
2023-12-19 11:00:00+00:00;1319022.183;0.525
2023-12-19 12:00:00+00:00;1352977.322;0.525
2023-12-19 13:00:00+00:00;1439666.431;0.525
2023-12-19 14:00:00+00:00;1550791.471;0.525
2023-12-19 15:00:00+00:00;1612779.242;0.525
2023-12-19 16:00:00+00:00;1672458.645;0.525
2023-12-19 17:00:00+00:00;1741965.589;0.525
2023-12-19 18:00:00+00:00;1758904.016;0.525
2023-12-19 19:00:00+00:00;1699840.882;0.525
2023-12-19 20:00:00+00:00;1954446.405;0.11000400000000002
2023-12-19 21:00:00+00:00;1972599.529;-0.51249
2023-12-19 22:00:00+00:00;1814059.65;-0.51249
2023-12-19 23:00:00+00:00;1692408.494;-0.8778235000000001
2023-12-20 00:00:00+00:00;1584965.366;-1.5563
2023-12-20 01:00:00+00:00;1509474.843;-1.5563
2023-12-20 02:00:00+00:00;1466660.256;-1.8787760000000002
2023-12-20 03:00:00+00:00;1469464.604;-2.36249
2023-12-20 04:00:00+00:00;1526135.405;-2.36249
2023-12-20 05:00:00+00:00;1474002.502;-3.159365
2023-12-20 06:00:00+00:00;1475365.147;-3.42499
2023-12-20 07:00:00+00:00;1468628.354;-4.537893500000001
2023-12-20 08:00:00+00:00;1465005.852;-5.53129
2023-12-20 09:00:00+00:00;1461812.538;-6.470629
2023-12-20 10:00:00+00:00;1450869.006;-6.575
2023-12-20 11:00:00+00:00;1455312.633;-6.575
2023-12-20 12:00:00+00:00;1500909.927;-6.6825
2023-12-20 13:00:00+00:00;1590730.842;-7.65
2023-12-20 14:00:00+00:00;1703386.558;-7.65
2023-12-20 15:00:00+00:00;1770308.456;-7.65
2023-12-20 16:00:00+00:00;1836628.913;-7.65
2023-12-20 17:00:00+00:00;1919218.21;-7.65
2023-12-20 18:00:00+00:00;1940918.669;-8.1153245
2023-12-20 19:00:00+00:00;1894387.141;-9.2836945
2023-12-20 20:00:00+00:00;2160962.578;-9.86307
2023-12-20 21:00:00+00:00;2190549.042;-10.82499
2023-12-20 22:00:00+00:00;2035534.181;-10.82499
2023-12-20 23:00:00+00:00;1881028.384;-10.61749
2023-12-21 00:00:00+00:00;1776458.279;-9.78749
2023-12-21 01:00:00+00:00;1728140.31;-9.78749
2023-12-21 02:00:00+00:00;1705524.403;-9.32311
2023-12-21 03:00:00+00:00;1706264.266;-8.76249
2023-12-21 04:00:00+00:00;1752510.062;-8.117496
2023-12-21 05:00:00+00:00;1696250.468;-7.6875
2023-12-21 06:00:00+00:00;1704382.163;-7.6875
2023-12-21 07:00:00+00:00;1697280.475;-7.6875
2023-12-21 08:00:00+00:00;1698091.235;-7.6875
2023-12-21 09:00:00+00:00;1706930.657;-7.402174499999999
2023-12-21 10:00:00+00:00;1695089.45;-6.6188
2023-12-21 11:00:00+00:00;1695593.636;-6.6188
2023-12-21 12:00:00+00:00;1707389.158;-6.6188
2023-12-21 13:00:00+00:00;1760223.823;-7.473737
2023-12-21 14:00:00+00:00;1833846.122;-8.171895000000001
2023-12-21 15:00:00+00:00;1867567.623;-8.6875
2023-12-21 16:00:00+00:00;1903953.3;-9.374095
2023-12-21 17:00:00+00:00;1946424.077;-9.7438
2023-12-21 18:00:00+00:00;1946006.575;-9.7438
2023-12-21 19:00:00+00:00;1885612.144;-9.7438
2023-12-21 20:00:00+00:00;2151503.802;-9.7438
2023-12-21 21:00:00+00:00;2167412.449;-9.7438
2023-12-21 22:00:00+00:00;1993521.13;-9.7438
2023-12-21 23:00:00+00:00;1824314.489;-8.888445
2023-12-22 00:00:00+00:00;1723687.758;-8.7375
2023-12-22 01:00:00+00:00;1673865.984;-8.7375
2023-12-22 02:00:00+00:00;1631771.638;-7.803511
2023-12-22 03:00:00+00:00;1615857.546;-7.581190000000001
2023-12-22 04:00:00+00:00;1641537.051;-7.581190000000001
2023-12-22 05:00:00+00:00;1581445.384;-7.945169
2023-12-22 06:00:00+00:00;1614618.558;-8.5875
2023-12-22 07:00:00+00:00;1625787.584;-8.5875
2023-12-22 08:00:00+00:00;1642152.612;-8.5875
2023-12-22 09:00:00+00:00;1661616.725;-8.5875
2023-12-22 10:00:00+00:00;1667766.572;-8.5875
2023-12-22 11:00:00+00:00;1674654.527;-8.075125
2023-12-22 12:00:00+00:00;1693721.082;-7.581190000000001
2023-12-22 13:00:00+00:00;1743186.999;-7.581190000000001
2023-12-22 14:00:00+00:00;1804960.009;-7.100279500000001
2023-12-22 15:00:00+00:00;1840765.037;-6.5125
2023-12-22 16:00:00+00:00;1889842.483;-6.357805000000001
2023-12-22 17:00:00+00:00;1931556.969;-5.4812
2023-12-22 18:00:00+00:00;1922166.223;-5.4812
2023-12-22 19:00:00+00:00;1861345.805;-5.4812
2023-12-22 20:00:00+00:00;2123673.284;-5.4812
2023-12-22 21:00:00+00:00;2139327.626;-5.4812
2023-12-22 22:00:00+00:00;1971260.237;-4.456905263157895
2023-12-22 23:00:00+00:00;1784240.293;-4.4
2023-12-23 00:00:00+00:00;1676783.818;-4.4
2023-12-23 01:00:00+00:00;1599062.073;-4.4
2023-12-23 02:00:00+00:00;1526420.297;-4.159371500000001
2023-12-23 03:00:00+00:00;1483833.824;-3.71249
2023-12-23 04:00:00+00:00;1480326.213;-3.71249
2023-12-23 05:00:00+00:00;1432765.781;-3.71249
2023-12-23 06:00:00+00:00;1529903.246;-3.71249
2023-12-23 07:00:00+00:00;1623189.347;-3.71249
2023-12-23 08:00:00+00:00;1674558.082;-3.71249
2023-12-23 09:00:00+00:00;1705896.677;-3.71249
2023-12-23 10:00:00+00:00;1710204.841;-3.71249
2023-12-23 11:00:00+00:00;1708252.344;-3.71249
2023-12-23 12:00:00+00:00;1718859.079;-3.71249
2023-12-23 13:00:00+00:00;1761828.334;-2.66869
2023-12-23 14:00:00+00:00;1827902.336;-2.66869
2023-12-23 15:00:00+00:00;1892081.153;-2.66869
2023-12-23 16:00:00+00:00;1964754.666;-2.66869
2023-12-23 17:00:00+00:00;1994458.563;-2.66869
2023-12-23 18:00:00+00:00;1940317.942;-1.9943214999999999
2023-12-23 19:00:00+00:00;1849842.381;-1.6312000000000002
2023-12-23 20:00:00+00:00;2097688.196;-1.6312000000000002
2023-12-23 21:00:00+00:00;2124022.699;-1.6312000000000002
2023-12-23 22:00:00+00:00;1954307.061;-1.6312
2023-12-23 23:00:00+00:00;1773104.198;-1.6312000000000002
2023-12-24 00:00:00+00:00;1642404.783;-1.6312000000000002
2023-12-24 01:00:00+00:00;1549951.787;-1.6312000000000002
2023-12-24 02:00:00+00:00;1497079.967;-1.519655
2023-12-24 03:00:00+00:00;1467490.327;-1.3125
2023-12-24 04:00:00+00:00;1477308.668;-1.3125
2023-12-24 05:00:00+00:00;1470002.713;-1.3125
2023-12-24 06:00:00+00:00;1615752.008;-0.5018525
2023-12-24 07:00:00+00:00;1754030.853;0.0
2023-12-24 08:00:00+00:00;1836641.509;0.0
2023-12-24 09:00:00+00:00;1863136.002;0.0
2023-12-24 10:00:00+00:00;1854994.174;0.0
2023-12-24 11:00:00+00:00;1855204.144;0.0
2023-12-24 12:00:00+00:00;1849844.545;-0.45278999999999997
2023-12-24 13:00:00+00:00;1855666.213;-1.0062
2023-12-24 14:00:00+00:00;1838292.626;-1.0062
2023-12-24 15:00:00+00:00;1793037.0;-1.0062
2023-12-24 16:00:00+00:00;1766886.743;-1.0062
2023-12-24 17:00:00+00:00;1756113.828;-1.1143290000000001
2023-12-24 18:00:00+00:00;1734311.763;-2.08749
2023-12-24 19:00:00+00:00;1704529.722;-2.08749
2023-12-24 20:00:00+00:00;1993992.902;-2.1406149999999995
2023-12-24 21:00:00+00:00;2064389.397;-3.14999
2023-12-24 22:00:00+00:00;1944759.7;-3.14999
2023-12-24 23:00:00+00:00;1762311.193;-3.14999
2023-12-25 00:00:00+00:00;1632232.399;-3.3606755
2023-12-25 01:00:00+00:00;1549274.022;-4.20619
2023-12-25 02:00:00+00:00;1504041.812;-4.409470000000001
2023-12-25 03:00:00+00:00;1490196.549;-4.73749
2023-12-25 04:00:00+00:00;1493977.572;-4.73749
2023-12-25 05:00:00+00:00;1424989.432;-4.73749
2023-12-25 06:00:00+00:00;1485487.062;-4.73749
2023-12-25 07:00:00+00:00;1574295.165;-4.73749
2023-12-25 08:00:00+00:00;1650860.46;-4.73749
2023-12-25 09:00:00+00:00;1701222.006;-4.73749
2023-12-25 10:00:00+00:00;1717463.718;-4.73749
2023-12-25 11:00:00+00:00;1717798.467;-4.73749
2023-12-25 12:00:00+00:00;1721119.794;-4.73749
2023-12-25 13:00:00+00:00;1739474.238;-4.73749
2023-12-25 14:00:00+00:00;1768301.34;-4.0713515000000005
2023-12-25 15:00:00+00:00;1787999.678;-3.725
2023-12-25 16:00:00+00:00;1825446.428;-3.725
2023-12-25 17:00:00+00:00;1855872.899;-3.725
2023-12-25 18:00:00+00:00;1835101.915;-3.725
2023-12-25 19:00:00+00:00;1782829.122;-3.725
2023-12-25 20:00:00+00:00;2059352.062;-3.725
2023-12-25 21:00:00+00:00;2092482.054;-3.725
2023-12-25 22:00:00+00:00;1951851.224;-3.725
2023-12-25 23:00:00+00:00;1803548.917;-3.725
2023-12-26 00:00:00+00:00;1709804.451;-3.725
2023-12-26 01:00:00+00:00;1632875.499;-3.725
2023-12-26 02:00:00+00:00;1579528.157;-3.4340415
2023-12-26 03:00:00+00:00;1557626.009;-2.89369
2023-12-26 04:00:00+00:00;1558873.948;-2.89369
2023-12-26 05:00:00+00:00;1500498.462;-2.89369
2023-12-26 06:00:00+00:00;1574344.056;-2.89369
2023-12-26 07:00:00+00:00;1666382.086;-3.6331070000000003
2023-12-26 08:00:00+00:00;1731461.547;-3.95
2023-12-26 09:00:00+00:00;1771127.406;-3.95
2023-12-26 10:00:00+00:00;1773576.27;-3.95
2023-12-26 11:00:00+00:00;1763726.137;-3.95
2023-12-26 12:00:00+00:00;1773020.476;-3.95
2023-12-26 13:00:00+00:00;1815093.572;-3.95
2023-12-26 14:00:00+00:00;1867667.792;-3.95
2023-12-26 15:00:00+00:00;1905783.69;-3.95
2023-12-26 16:00:00+00:00;1959288.453;-3.95
2023-12-26 17:00:00+00:00;1980482.262;-3.95
2023-12-26 18:00:00+00:00;1942447.162;-3.95
2023-12-26 19:00:00+00:00;1876442.89;-3.95
2023-12-26 20:00:00+00:00;2142462.178;-3.95
2023-12-26 21:00:00+00:00;2175687.623;-3.95
2023-12-26 22:00:00+00:00;2035622.089;-3.95
2023-12-26 23:00:00+00:00;1866494.544;-3.95
2023-12-27 00:00:00+00:00;1781064.607;-3.95
2023-12-27 01:00:00+00:00;1717403.301;-3.95
2023-12-27 02:00:00+00:00;1672702.663;-4.986871
2023-12-27 03:00:00+00:00;1663744.378;-5.39369
2023-12-27 04:00:00+00:00;1674906.651;-5.39369
2023-12-27 05:00:00+00:00;1594950.235;-5.39369
2023-12-27 06:00:00+00:00;1649407.192;-5.39369
2023-12-27 07:00:00+00:00;1699966.272;-5.39369
2023-12-27 08:00:00+00:00;1737192.833;-5.39369
2023-12-27 09:00:00+00:00;1759381.547;-5.39369
2023-12-27 10:00:00+00:00;1756547.963;-5.39369
2023-12-27 11:00:00+00:00;1747168.841;-5.39369
2023-12-27 12:00:00+00:00;1756869.663;-5.39369
2023-12-27 13:00:00+00:00;1810694.07;-5.39369
2023-12-27 14:00:00+00:00;1882476.311;-5.39369
2023-12-27 15:00:00+00:00;1918951.234;-5.39369
2023-12-27 16:00:00+00:00;1964988.846;-5.39369
2023-12-27 17:00:00+00:00;2004981.239;-5.39369
2023-12-27 18:00:00+00:00;1982171.134;-5.39369
2023-12-27 19:00:00+00:00;1924201.86;-5.39369
2023-12-27 20:00:00+00:00;2205490.094;-5.39369
2023-12-27 21:00:00+00:00;2234425.621;-5.39369
2023-12-27 22:00:00+00:00;2083262.799;-4.56561
2023-12-27 23:00:00+00:00;1926369.593;-4.39369
2023-12-28 00:00:00+00:00;1825260.926;-4.39369
2023-12-28 01:00:00+00:00;1753988.574;-4.39369
2023-12-28 02:00:00+00:00;1711338.816;-4.3297490000000005
2023-12-28 03:00:00+00:00;1689139.587;-4.2312
2023-12-28 04:00:00+00:00;1687597.262;-4.2312
2023-12-28 05:00:00+00:00;1597826.301;-4.2312
2023-12-28 06:00:00+00:00;1637467.049;-4.2312
2023-12-28 07:00:00+00:00;1685676.479;-4.2312
2023-12-28 08:00:00+00:00;1723059.504;-4.2312
2023-12-28 09:00:00+00:00;1748406.014;-4.2312
2023-12-28 10:00:00+00:00;1748238.31;-4.2312
2023-12-28 11:00:00+00:00;1733202.6;-4.2312
2023-12-28 12:00:00+00:00;1731792.329;-4.2312
2023-12-28 13:00:00+00:00;1769436.453;-4.2312
2023-12-28 14:00:00+00:00;1826194.487;-4.2312
2023-12-28 15:00:00+00:00;1853107.397;-4.2312
2023-12-28 16:00:00+00:00;1895059.59;-4.5943215
2023-12-28 17:00:00+00:00;1935106.016;-5.26869
2023-12-28 18:00:00+00:00;1925110.857;-5.26869
2023-12-28 19:00:00+00:00;1877559.072;-5.26869
2023-12-28 20:00:00+00:00;2151213.118;-5.26869
2023-12-28 21:00:00+00:00;2179222.338;-5.26869
2023-12-28 22:00:00+00:00;2020549.483;-5.26869
2023-12-28 23:00:00+00:00;1859465.21;-5.26869
2023-12-29 00:00:00+00:00;1759571.233;-5.6862140000000005
2023-12-29 01:00:00+00:00;1689893.695;-6.3125
2023-12-29 02:00:00+00:00;1644910.739;-6.419705
2023-12-29 03:00:00+00:00;1619755.789;-6.6188
2023-12-29 04:00:00+00:00;1618487.311;-6.6188
2023-12-29 05:00:00+00:00;1535516.446;-6.6188
2023-12-29 06:00:00+00:00;1582310.819;-6.6188
2023-12-29 07:00:00+00:00;1633675.861;-6.6188
2023-12-29 08:00:00+00:00;1672622.63;-5.5812455
2023-12-29 09:00:00+00:00;1700262.701;-5.58119
2023-12-29 10:00:00+00:00;1704697.814;-5.58119
2023-12-29 11:00:00+00:00;1702335.737;-5.58119
2023-12-29 12:00:00+00:00;1721036.141;-5.886830000000001
2023-12-29 13:00:00+00:00;1772940.107;-7.286585
2023-12-29 14:00:00+00:00;1839093.632;-7.65629
2023-12-29 15:00:00+00:00;1884608.221;-7.65629
2023-12-29 16:00:00+00:00;1940355.779;-7.65629
2023-12-29 17:00:00+00:00;1990497.282;-8.315355
2023-12-29 18:00:00+00:00;1975830.419;-8.72499
2023-12-29 19:00:00+00:00;1914912.442;-9.400270500000001
2023-12-29 20:00:00+00:00;2194478.881;-9.78749
2023-12-29 21:00:00+00:00;2231295.539;-10.669364999999999
2023-12-29 22:00:00+00:00;2094308.035;-10.82499
2023-12-29 23:00:00+00:00;1927850.47;-10.82499
2023-12-30 00:00:00+00:00;1826235.555;-10.82499
2023-12-30 01:00:00+00:00;1770184.006;-10.82499
2023-12-30 02:00:00+00:00;1719500.138;-11.015944000000001
2023-12-30 03:00:00+00:00;1696136.524;-11.369
2023-12-30 04:00:00+00:00;1690067.681;-11.369
2023-12-30 05:00:00+00:00;1622891.838;-11.922199500000001
2023-12-30 06:00:00+00:00;1704250.008;-12.4
2023-12-30 07:00:00+00:00;1788585.161;-13.16875
2023-12-30 08:00:00+00:00;1853524.724;-13.425
2023-12-30 09:00:00+00:00;1899349.527;-13.181049999999999
2023-12-30 10:00:00+00:00;1911535.054;-12.331
2023-12-30 11:00:00+00:00;1915871.254;-12.331
2023-12-30 12:00:00+00:00;1939428.549;-12.704047
2023-12-30 13:00:00+00:00;1992198.206;-13.6126915
2023-12-30 14:00:00+00:00;2071269.237;-14.519
2023-12-30 15:00:00+00:00;2140391.581;-14.519
2023-12-30 16:00:00+00:00;2216769.189;-13.882650000000002
2023-12-30 17:00:00+00:00;2239583.162;-13.5763
2023-12-30 18:00:00+00:00;2195864.921;-14.6184
2023-12-30 19:00:00+00:00;2123437.012;-15.443999999999999
2023-12-30 20:00:00+00:00;2420353.337;-15.443999999999999
2023-12-30 21:00:00+00:00;2491218.906;-15.443999999999999
2023-12-30 22:00:00+00:00;2389079.708;-15.444000000000003
2023-12-30 23:00:00+00:00;2258086.158;-16.064344499999997
2023-12-31 00:00:00+00:00;2190301.276;-16.48699
2023-12-31 01:00:00+00:00;2138677.431;-15.983994999999998
2023-12-31 02:00:00+00:00;2127167.802;-15.0134
2023-12-31 03:00:00+00:00;2131727.576;-14.294
2023-12-31 04:00:00+00:00;2135069.326;-15.2273
2023-12-31 05:00:00+00:00;2056028.337;-15.331
2023-12-31 06:00:00+00:00;2137431.48;-14.8108
2023-12-31 07:00:00+00:00;2236272.233;-13.959999999999999
2023-12-31 08:00:00+00:00;2322035.686;-13.131
2023-12-31 09:00:00+00:00;2362961.086;-13.131
2023-12-31 10:00:00+00:00;2362222.683;-12.10385
2023-12-31 11:00:00+00:00;2352649.819;-12.58005
2023-12-31 12:00:00+00:00;2364854.667;-13.9519
2023-12-31 13:00:00+00:00;2423568.894;-14.269
2023-12-31 14:00:00+00:00;2500654.112;-14.3721
2023-12-31 15:00:00+00:00;2524168.409;-15.926400000000001
2023-12-31 16:00:00+00:00;2528974.917;-16.344
2023-12-31 17:00:00+00:00;2529576.282;-16.344
2023-12-31 18:00:00+00:00;2525517.682;-16.344
2023-12-31 19:00:00+00:00;2523931.657;-16.5452
2023-12-31 20:00:00+00:00;2820259.223;-17.35
2023-12-31 21:00:00+00:00;2903423.809;-17.4531
2023-12-31 22:00:00+00:00;2820723.896;-18.381
2023-12-31 23:00:00+00:00;2703801.883;-18.533649
2024-01-01 00:00:00+00:00;2618824.644;-19.43799
2024-01-01 01:00:00+00:00;2552998.045;-19.43799
2024-01-01 02:00:00+00:00;2525723.773;-20.683600000000002
2024-01-01 03:00:00+00:00;2514724.596;-20.85
2024-01-01 04:00:00+00:00;2502174.789;-20.85
2024-01-01 05:00:00+00:00;2373749.034;-21.232896500000003
2024-01-01 06:00:00+00:00;2428402.594;-22.39399
2024-01-01 07:00:00+00:00;2517381.14;-22.94399
2024-01-01 08:00:00+00:00;2606042.646;-22.94399
2024-01-01 09:00:00+00:00;2660975.094;-22.94399
2024-01-01 10:00:00+00:00;2672290.912;-22.94399
2024-01-01 11:00:00+00:00;2666434.225;-22.94399
2024-01-01 12:00:00+00:00;2683783.775;-23.809448
2024-01-01 13:00:00+00:00;2743993.728;-24.771800000000002
2024-01-01 14:00:00+00:00;2818722.886;-25.1
2024-01-01 15:00:00+00:00;2878231.252;-25.1
2024-01-01 16:00:00+00:00;2941654.417;-26.119
2024-01-01 17:00:00+00:00;2991190.362;-26.602745499999997
2024-01-01 18:00:00+00:00;2980014.916;-27.193989999999996
2024-01-01 19:00:00+00:00;2927435.619;-27.459242999999997
2024-01-01 20:00:00+00:00;3186292.819;-28.25
2024-01-01 21:00:00+00:00;3259836.475;-28.25
2024-01-01 22:00:00+00:00;3166699.146;-28.25
2024-01-01 23:00:00+00:00;3025835.91;-28.25
2024-01-02 00:00:00+00:00;2943214.801;-28.25
2024-01-02 01:00:00+00:00;2894702.941;-28.25
2024-01-02 02:00:00+00:00;2877773.793;-28.138350000000003
2024-01-02 03:00:00+00:00;2888814.989;-27.931
2024-01-02 04:00:00+00:00;2891991.91;-27.931
2024-01-02 05:00:00+00:00;2728819.824;-27.931
2024-01-02 06:00:00+00:00;2723543.221;-27.931
2024-01-02 07:00:00+00:00;2762849.283;-28.057047
2024-01-02 08:00:00+00:00;2799830.32;-28.274989999999995
2024-01-02 09:00:00+00:00;2818237.253;-28.274989999999995
2024-01-02 10:00:00+00:00;2827612.463;-28.274989999999995
2024-01-02 11:00:00+00:00;2816217.336;-28.274989999999995
2024-01-02 12:00:00+00:00;2819410.275;-28.274989999999995
2024-01-02 13:00:00+00:00;2867426.199;-28.274989999999995
2024-01-02 14:00:00+00:00;2950146.147;-29.093290000000003
2024-01-02 15:00:00+00:00;3005446.259;-29.443989999999996
2024-01-02 16:00:00+00:00;3054566.34;-29.443989999999996
2024-01-02 17:00:00+00:00;3089567.663;-29.443989999999996
2024-01-02 18:00:00+00:00;3085553.058;-29.443989999999996
2024-01-02 19:00:00+00:00;3080547.042;-29.443989999999996
2024-01-02 20:00:00+00:00;3347343.237;-29.443989999999996
2024-01-02 21:00:00+00:00;3422139.555;-29.443989999999996
2024-01-02 22:00:00+00:00;3295171.384;-29.443989999999996
2024-01-02 23:00:00+00:00;3214965.052;-29.443989999999996
2024-01-03 00:00:00+00:00;3118709.211;-29.443989999999996
2024-01-03 01:00:00+00:00;3051143.469;-29.443989999999996
2024-01-03 02:00:00+00:00;3023791.391;-29.27949
2024-01-03 03:00:00+00:00;3023034.13;-27.663
2024-01-03 04:00:00+00:00;3027639.119;-26.322300000000002
2024-01-03 05:00:00+00:00;2857832.767;-25.5066
2024-01-03 06:00:00+00:00;2867081.898;-24.460396
2024-01-03 07:00:00+00:00;2893215.682;-23.81899
2024-01-03 08:00:00+00:00;2918334.811;-23.515093
2024-01-03 09:00:00+00:00;2939851.974;-22.806
2024-01-03 10:00:00+00:00;2910698.574;-22.806
2024-01-03 11:00:00+00:00;2890886.702;-22.146
2024-01-03 12:00:00+00:00;2910492.849;-21.706
2024-01-03 13:00:00+00:00;2972060.062;-21.706
2024-01-03 14:00:00+00:00;3057349.734;-22.16455
2024-01-03 15:00:00+00:00;3112447.833;-23.28875
2024-01-03 16:00:00+00:00;3159508.013;-23.75
2024-01-03 17:00:00+00:00;3231423.777;-24.2252
2024-01-03 18:00:00+00:00;3249194.595;-24.806
2024-01-03 19:00:00+00:00;3218765.313;-24.806
2024-01-03 20:00:00+00:00;3469098.428;-25.352995
2024-01-03 21:00:00+00:00;3536446.542;-25.899989999999995
2024-01-03 22:00:00+00:00;3411740.984;-26.05659
2024-01-03 23:00:00+00:00;3237899.549;-26.943989999999996
2024-01-04 00:00:00+00:00;3144466.028;-26.943989999999996
2024-01-04 01:00:00+00:00;3098267.534;-27.373744499999997
2024-01-04 02:00:00+00:00;3087950.656;-28.1171
2024-01-04 03:00:00+00:00;3101354.996;-28.381
2024-01-04 04:00:00+00:00;3107269.84;-28.381
2024-01-04 05:00:00+00:00;2937200.175;-28.381
2024-01-04 06:00:00+00:00;2940350.428;-28.381
2024-01-04 07:00:00+00:00;2973584.668;-29.1866
2024-01-04 08:00:00+00:00;3000410.973;-29.387999999999998
2024-01-04 09:00:00+00:00;3019669.745;-28.899196
2024-01-04 10:00:00+00:00;3001909.174;-28.213494500000003
2024-01-04 11:00:00+00:00;2979192.975;-28.119350000000004
2024-01-04 12:00:00+00:00;2976141.746;-28.094
2024-01-04 13:00:00+00:00;3015096.917;-28.094
2024-01-04 14:00:00+00:00;3078637.541;-27.1988
2024-01-04 15:00:00+00:00;3121316.868;-26.975
2024-01-04 16:00:00+00:00;3150919.434;-26.975
2024-01-04 17:00:00+00:00;3183076.091;-26.975
2024-01-04 18:00:00+00:00;3178645.428;-26.763800000000003
2024-01-04 19:00:00+00:00;3171996.646;-25.919
2024-01-04 20:00:00+00:00;3481062.635;-25.919
2024-01-04 21:00:00+00:00;3550040.041;-25.919
2024-01-04 22:00:00+00:00;3418877.909;-26.8048
2024-01-04 23:00:00+00:00;3244833.687;-27.475
2024-01-05 00:00:00+00:00;3154336.983;-27.994
2024-01-05 01:00:00+00:00;3100498.522;-27.994
2024-01-05 02:00:00+00:00;3083629.697;-28.3599495
2024-01-05 03:00:00+00:00;3077166.194;-28.925
2024-01-05 04:00:00+00:00;3021365.004;-28.925
2024-01-05 05:00:00+00:00;2807965.56;-28.925
2024-01-05 06:00:00+00:00;2787873.223;-28.925
2024-01-05 07:00:00+00:00;2796102.896;-28.925
2024-01-05 08:00:00+00:00;2806130.783;-28.925
2024-01-05 09:00:00+00:00;2810620.841;-28.721197999999998
2024-01-05 10:00:00+00:00;2798391.53;-27.905989999999996
2024-01-05 11:00:00+00:00;2769156.593;-27.905989999999996
2024-01-05 12:00:00+00:00;2762866.693;-27.905989999999996
2024-01-05 13:00:00+00:00;2787143.579;-27.905989999999996
2024-01-05 14:00:00+00:00;2818111.061;-27.905989999999996
2024-01-05 15:00:00+00:00;2833698.539;-27.905989999999996
2024-01-05 16:00:00+00:00;2851801.184;-27.905989999999996
2024-01-05 17:00:00+00:00;2851011.878;-27.905989999999996
2024-01-05 18:00:00+00:00;2821765.659;-27.905989999999996
2024-01-05 19:00:00+00:00;2793171.456;-27.905989999999996
2024-01-05 20:00:00+00:00;3091236.269;-27.905989999999996
2024-01-05 21:00:00+00:00;3212708.808;-27.905989999999996
2024-01-05 22:00:00+00:00;3128172.887;-27.905989999999996
2024-01-05 23:00:00+00:00;3092892.112;-27.905989999999996
2024-01-06 00:00:00+00:00;2996141.789;-27.905989999999996
2024-01-06 01:00:00+00:00;2923843.838;-27.905989999999996
2024-01-06 02:00:00+00:00;2868279.813;-26.797800000000002
2024-01-06 03:00:00+00:00;2834257.162;-26.4494975
2024-01-06 04:00:00+00:00;2811436.131;-25.661989999999996
2024-01-06 05:00:00+00:00;2686078.298;-25.661989999999996
2024-01-06 06:00:00+00:00;2754520.036;-26.333389999999998
2024-01-06 07:00:00+00:00;2828289.467;-26.780989999999996
2024-01-06 08:00:00+00:00;2886212.751;-26.780989999999996
2024-01-06 09:00:00+00:00;2909280.776;-26.780989999999996
2024-01-06 10:00:00+00:00;2886770.915;-26.780989999999996
2024-01-06 11:00:00+00:00;2845376.447;-26.780989999999996
2024-01-06 12:00:00+00:00;2844692.814;-26.780989999999996
2024-01-06 13:00:00+00:00;2864680.915;-26.780989999999996
2024-01-06 14:00:00+00:00;2923180.044;-26.780989999999996
2024-01-06 15:00:00+00:00;2972274.18;-27.023042499999995
2024-01-06 16:00:00+00:00;3049145.873;-27.717249
2024-01-06 17:00:00+00:00;3096831.515;-26.824990000000003
2024-01-06 18:00:00+00:00;3069472.627;-25.8
2024-01-06 19:00:00+00:00;3002483.535;-25.151400000000002
2024-01-06 20:00:00+00:00;3277627.765;-24.719
2024-01-06 21:00:00+00:00;3367938.033;-23.74795
2024-01-06 22:00:00+00:00;3259487.074;-23.706
2024-01-06 23:00:00+00:00;3141388.647;-22.64999
2024-01-07 00:00:00+00:00;3041040.216;-21.56899
2024-01-07 01:00:00+00:00;2993411.508;-21.30649
2024-01-07 02:00:00+00:00;2982680.035;-20.19139
2024-01-07 03:00:00+00:00;2968016.358;-19.69999
2024-01-07 04:00:00+00:00;2952408.094;-19.09639
2024-01-07 05:00:00+00:00;2828514.289;-19.60774
2024-01-07 06:00:00+00:00;2876675.675;-20.648998
2024-01-07 07:00:00+00:00;2962034.303;-20.71615
2024-01-07 08:00:00+00:00;3010500.725;-19.1508495
2024-01-07 09:00:00+00:00;3033922.812;-18.0070925
2024-01-07 10:00:00+00:00;3014117.151;-17.78099
2024-01-07 11:00:00+00:00;2959336.671;-17.78099
2024-01-07 12:00:00+00:00;2933606.532;-17.02009
2024-01-07 13:00:00+00:00;2938298.071;-16.69399
2024-01-07 14:00:00+00:00;2963689.021;-16.69399
2024-01-07 15:00:00+00:00;2980898.027;-15.9101955
2024-01-07 16:00:00+00:00;3024682.038;-13.625200000000001
2024-01-07 17:00:00+00:00;3021948.103;-13.519
2024-01-07 18:00:00+00:00;2951944.1;-12.0137
2024-01-07 19:00:00+00:00;2850893.083;-10.047536
2024-01-07 20:00:00+00:00;3056976.928;-7.976971000000001
2024-01-07 21:00:00+00:00;3091886.716;-7.110680500000001
2024-01-07 22:00:00+00:00;2982664.851;-6.13119
2024-01-07 23:00:00+00:00;2787755.821;-6.13119
2024-01-08 00:00:00+00:00;2631463.169;-6.13119
2024-01-08 01:00:00+00:00;2523418.629;-6.13119
2024-01-08 02:00:00+00:00;2464718.775;-7.362708499999999
2024-01-08 03:00:00+00:00;2437389.421;-8.8452675
2024-01-08 04:00:00+00:00;2432633.106;-10.144
2024-01-08 05:00:00+00:00;2261735.414;-10.144
2024-01-08 06:00:00+00:00;2188868.533;-10.869893
2024-01-08 07:00:00+00:00;2138215.779;-11.18099
2024-01-08 08:00:00+00:00;2103780.456;-12.1270485
2024-01-08 09:00:00+00:00;2083881.863;-12.76065
2024-01-08 10:00:00+00:00;2038809.996;-13.331
2024-01-08 11:00:00+00:00;2000816.347;-13.331
2024-01-08 12:00:00+00:00;1997223.231;-13.331
2024-01-08 13:00:00+00:00;2038997.04;-12.68805
2024-01-08 14:00:00+00:00;2113861.013;-12.212
2024-01-08 15:00:00+00:00;2152316.603;-12.212
2024-01-08 16:00:00+00:00;2165616.091;-10.86925
2024-01-08 17:00:00+00:00;2192504.352;-9.488635
2024-01-08 18:00:00+00:00;2179722.746;-7.677481
2024-01-08 19:00:00+00:00;2113421.899;-6.277775
2024-01-08 20:00:00+00:00;2376152.992;-5.42999
2024-01-08 21:00:00+00:00;2401308.107;-4.227320000000001
2024-01-08 22:00:00+00:00;2260395.809;-3.0703264999999997
2024-01-08 23:00:00+00:00;2153735.288;-1.8207900000000001
2024-01-09 00:00:00+00:00;2052527.99;-1.6
2024-01-09 01:00:00+00:00;1959894.38;-0.6775
2024-01-09 02:00:00+00:00;1898067.01;-0.36156099999999997
2024-01-09 03:00:00+00:00;1868039.874;0.001493
2024-01-09 04:00:00+00:00;1879022.567;1.0375
2024-01-09 05:00:00+00:00;1737801.444;1.0375
2024-01-09 06:00:00+00:00;1682454.105;1.8687999999999998
2024-01-09 07:00:00+00:00;1645364.452;1.8687999999999998
2024-01-09 08:00:00+00:00;1616366.483;1.8687999999999998
2024-01-09 09:00:00+00:00;1596819.932;1.8687999999999998
2024-01-09 10:00:00+00:00;1565753.009;1.8687999999999998
2024-01-09 11:00:00+00:00;1550944.56;1.8687999999999998
2024-01-09 12:00:00+00:00;1554710.328;1.7675450000000001
2024-01-09 13:00:00+00:00;1605865.917;0.895346
2024-01-09 14:00:00+00:00;1700794.583;0.91875
2024-01-09 15:00:00+00:00;1757919.622;0.776875
2024-01-09 16:00:00+00:00;1785645.601;-0.5
2024-01-09 17:00:00+00:00;1822124.441;-1.478741
2024-01-09 18:00:00+00:00;1815980.596;-2.453385
2024-01-09 19:00:00+00:00;1753710.882;-2.60619
2024-01-09 20:00:00+00:00;2014788.981;-1.4938
2024-01-09 21:00:00+00:00;2039810.909;-1.4938
2024-01-09 22:00:00+00:00;1902497.272;-1.4938
2024-01-09 23:00:00+00:00;1771199.338;-1.4938
2024-01-10 00:00:00+00:00;1679260.299;-1.6962800000000002
2024-01-10 01:00:00+00:00;1635614.012;-2.5062
2024-01-10 02:00:00+00:00;1599295.133;-2.6599965
2024-01-10 03:00:00+00:00;1585054.505;-2.89999
2024-01-10 04:00:00+00:00;1609232.681;-2.3740344999999996
2024-01-10 05:00:00+00:00;1522658.374;-1.7312
2024-01-10 06:00:00+00:00;1496712.106;-1.7312
2024-01-10 07:00:00+00:00;1473794.407;-0.822805
2024-01-10 08:00:00+00:00;1460066.001;-0.6625
2024-01-10 09:00:00+00:00;1458950.902;-0.6625
2024-01-10 10:00:00+00:00;1456334.819;0.4290705
2024-01-10 11:00:00+00:00;1450188.465;2.3594194444444443
2024-01-10 12:00:00+00:00;1482277.651;2.618795
2024-01-10 13:00:00+00:00;1557758.04;2.618795
2024-01-10 14:00:00+00:00;1674360.076;2.5082174999999998
2024-01-10 15:00:00+00:00;1756713.619;2.112545
2024-01-10 16:00:00+00:00;1831819.485;2.0019685000000003
2024-01-10 17:00:00+00:00;1901421.76;1.2195624999999999
2024-01-10 18:00:00+00:00;1877430.523;1.00815
2024-01-10 19:00:00+00:00;1781743.838;-0.17515000000000003
2024-01-10 20:00:00+00:00;2024566.589;-1.053125
2024-01-10 21:00:00+00:00;2041023.336;-2.3529899999999997
2024-01-10 22:00:00+00:00;1910967.096;-3.5170250000000003
2024-01-10 23:00:00+00:00;1754300.818;-4.44392325
2024-01-11 00:00:00+00:00;1640256.671;-5.31264875
2024-01-11 01:00:00+00:00;1578111.149;-6.045
2024-01-11 02:00:00+00:00;1560542.029;-6.81701075
2024-01-11 03:00:00+00:00;1597073.551;-7.310285
2024-01-11 04:00:00+00:00;1682881.687;-8.169511250000001
2024-01-11 05:00:00+00:00;1633243.327;-8.843415
2024-01-11 06:00:00+00:00;1641976.162;-9.68445
2024-01-11 07:00:00+00:00;1646408.374;-10.364625
2024-01-11 08:00:00+00:00;1657078.789;-10.74719975
2024-01-11 09:00:00+00:00;1664884.303;-11.1578
2024-01-11 10:00:00+00:00;1659305.925;-11.4875
2024-01-11 11:00:00+00:00;1663770.048;-12.122425000000002
2024-01-11 12:00:00+00:00;1702625.646;-13.112075
2024-01-11 13:00:00+00:00;1806019.277;-13.61915
2024-01-11 14:00:00+00:00;1939457.13;-14.746574999999998
2024-01-11 15:00:00+00:00;2016322.914;-14.8385245
2024-01-11 16:00:00+00:00;2077053.493;-15.305995
2024-01-11 17:00:00+00:00;2141880.041;-15.230095
2024-01-11 18:00:00+00:00;2166567.381;-14.799995000000001
2024-01-11 19:00:00+00:00;2144139.54;-14.64534575
2024-01-11 20:00:00+00:00;2447917.693;-13.769
2024-01-11 21:00:00+00:00;2489222.044;-13.69025
2024-01-11 22:00:00+00:00;2353488.592;-12.99
2024-01-11 23:00:00+00:00;2230793.521;-12.7125
2024-01-12 00:00:00+00:00;2134430.366;-12.39514775
2024-01-12 01:00:00+00:00;2069631.681;-11.999995
2024-01-12 02:00:00+00:00;2022908.271;-12.13664675
2024-01-12 03:00:00+00:00;2016560.204;-12.451825000000001
2024-01-12 04:00:00+00:00;2051487.383;-13.025
2024-01-12 05:00:00+00:00;1944602.873;-13.890224750000002
2024-01-12 06:00:00+00:00;1912274.835;-14.5387
2024-01-12 07:00:00+00:00;1887909.311;-15.328899999999999
2024-01-12 08:00:00+00:00;1878813.853;-15.6042
2024-01-12 09:00:00+00:00;1884144.651;-15.962
2024-01-12 10:00:00+00:00;1876573.301;-16.4057
2024-01-12 11:00:00+00:00;1882532.511;-16.965725
2024-01-12 12:00:00+00:00;1924020.626;-17.8734
2024-01-12 13:00:00+00:00;2004587.762;-18.98012025
2024-01-12 14:00:00+00:00;2117400.153;-19.638949
2024-01-12 15:00:00+00:00;2202600.832;-20.613899999999997
2024-01-12 16:00:00+00:00;2291736.45;-20.81069925
2024-01-12 17:00:00+00:00;2373223.693;-21.243495
2024-01-12 18:00:00+00:00;2409598.305;-21.2454465
2024-01-12 19:00:00+00:00;2407472.615;-20.752975
2024-01-12 20:00:00+00:00;2726263.741;-20.762820512820515
2024-01-12 21:00:00+00:00;2794033.469;-20.252975
2024-01-12 22:00:00+00:00;2675341.843;-19.960461538461537
2024-01-12 23:00:00+00:00;2583941.902;-19.33055
2024-01-13 00:00:00+00:00;2517092.888;-18.37714725
2024-01-13 01:00:00+00:00;2461263.225;-17.108495249999997
2024-01-13 02:00:00+00:00;2421918.609;-15.862999250000001
2024-01-13 03:00:00+00:00;2377936.044;-14.605950000000002
2024-01-13 04:00:00+00:00;2335715.416;-13.70364975
2024-01-13 05:00:00+00:00;2209573.623;-12.788125
2024-01-13 06:00:00+00:00;2255608.934;-12.0251
2024-01-13 07:00:00+00:00;2285777.849;-11.682325
2024-01-13 08:00:00+00:00;2284204.687;-10.772
2024-01-13 09:00:00+00:00;2266395.547;-10.7192
2024-01-13 10:00:00+00:00;2232623.026;-10.244
2024-01-13 11:00:00+00:00;2194758.617;-10.244
2024-01-13 12:00:00+00:00;2174129.396;-10.244
2024-01-13 13:00:00+00:00;2188065.899;-10.244
2024-01-13 14:00:00+00:00;2239393.476;-10.244
2024-01-13 15:00:00+00:00;2318950.775;-10.244
2024-01-13 16:00:00+00:00;2388476.661;-10.48645
2024-01-13 17:00:00+00:00;2381979.749;-10.8095
2024-01-13 18:00:00+00:00;2285044.518;-11.05195
2024-01-13 19:00:00+00:00;2152944.915;-11.871825
2024-01-13 20:00:00+00:00;2404730.619;-12.45415
2024-01-13 21:00:00+00:00;2458781.895;-13.49385
2024-01-13 22:00:00+00:00;2354374.123;-14.35702025
2024-01-13 23:00:00+00:00;2190721.663;-15.14702475
2024-01-14 00:00:00+00:00;2078109.962;-15.49577475
2024-01-14 01:00:00+00:00;1989450.232;-15.869
2024-01-14 02:00:00+00:00;1932345.381;-15.936898249999999
2024-01-14 03:00:00+00:00;1900323.121;-16.062994999999997
2024-01-14 04:00:00+00:00;1890113.952;-16.062994999999997
2024-01-14 05:00:00+00:00;1797715.332;-16.062994999999997
2024-01-14 06:00:00+00:00;1865467.693;-16.062994999999997
2024-01-14 07:00:00+00:00;1940009.295;-15.64337
2024-01-14 08:00:00+00:00;1993543.271;-15.503495000000001
2024-01-14 09:00:00+00:00;2028179.355;-15.08387375
2024-01-14 10:00:00+00:00;2027555.789;-14.943999999999999
2024-01-14 11:00:00+00:00;2015719.751;-14.943999999999999
2024-01-14 12:00:00+00:00;2013030.345;-14.943999999999999
2024-01-14 13:00:00+00:00;2031956.672;-14.943999999999999
2024-01-14 14:00:00+00:00;2082736.039;-15.423525000000001
2024-01-14 15:00:00+00:00;2131906.557;-15.997
2024-01-14 16:00:00+00:00;2190746.411;-16.96787475
2024-01-14 17:00:00+00:00;2226356.698;-17.95475
2024-01-14 18:00:00+00:00;2192422.865;-18.57884525
2024-01-14 19:00:00+00:00;2117819.431;-18.992248749999998
2024-01-14 20:00:00+00:00;2387357.488;-19.125
2024-01-14 21:00:00+00:00;2444925.523;-19.331375
2024-01-14 22:00:00+00:00;2350088.976;-19.7536
2024-01-14 23:00:00+00:00;2221289.699;-20.426148
2024-01-15 00:00:00+00:00;2145053.093;-21.459370999999997
2024-01-15 01:00:00+00:00;2110743.721;-22.150775
2024-01-15 02:00:00+00:00;2115950.169;-23.12717325
2024-01-15 03:00:00+00:00;2144081.844;-23.508995
2024-01-15 04:00:00+00:00;2203551.397;-23.874395
2024-01-15 05:00:00+00:00;2116167.221;-24.350995
2024-01-15 06:00:00+00:00;2098657.84;-23.89017
2024-01-15 07:00:00+00:00;2093563.809;-23.800998
2024-01-15 08:00:00+00:00;2099907.07;-23.340171
2024-01-15 09:00:00+00:00;2125198.269;-22.931
2024-01-15 10:00:00+00:00;2115792.059;-22.931
2024-01-15 11:00:00+00:00;2107529.601;-22.931
2024-01-15 12:00:00+00:00;2135566.414;-23.345750000000002
2024-01-15 13:00:00+00:00;2220203.505;-23.484
2024-01-15 14:00:00+00:00;2351927.16;-24.38894625
2024-01-15 15:00:00+00:00;2428964.053;-24.477995
2024-01-15 16:00:00+00:00;2476259.572;-24.543195
2024-01-15 17:00:00+00:00;2526904.547;-24.493994999999998
2024-01-15 18:00:00+00:00;2538914.08;-24.118994999999998
2024-01-15 19:00:00+00:00;2499742.526;-24.217495
2024-01-15 20:00:00+00:00;2792832.459;-23.12762
2024-01-15 21:00:00+00:00;2853409.988;-22.599445749999997
2024-01-15 22:00:00+00:00;2726447.788;-21.275221249999998
2024-01-15 23:00:00+00:00;2607998.53;-20.278945
2024-01-16 00:00:00+00:00;2537438.344;-19.6126215
2024-01-16 01:00:00+00:00;2501528.211;-18.997
2024-01-16 02:00:00+00:00;2498392.036;-18.515023499999998
2024-01-16 03:00:00+00:00;2523432.827;-18.268994999999997
2024-01-16 04:00:00+00:00;2567660.349;-18.268994999999997
2024-01-16 05:00:00+00:00;2430660.82;-18.228545
2024-01-16 06:00:00+00:00;2383267.618;-17.754046153846154
2024-01-16 07:00:00+00:00;2360786.716;-17.49384525
2024-01-16 08:00:00+00:00;2359876.004;-16.683282051282053
2024-01-16 09:00:00+00:00;2358562.392;-16.4903
2024-01-16 10:00:00+00:00;2336020.935;-16.7728
2024-01-16 11:00:00+00:00;2319288.734;-17.491
2024-01-16 12:00:00+00:00;2348139.063;-18.62707175
2024-01-16 13:00:00+00:00;2430993.582;-19.917825
2024-01-16 14:00:00+00:00;2560888.291;-20.86057275
2024-01-16 15:00:00+00:00;2643199.099;-21.948613076923078
2024-01-16 16:00:00+00:00;2703043.714;-22.893280512820514
2024-01-16 17:00:00+00:00;2772430.81;-23.915458205128203
2024-01-16 18:00:00+00:00;2793807.665;-24.902716153846153
2024-01-16 19:00:00+00:00;2760644.69;-25.726346
2024-01-16 20:00:00+00:00;3060308.497;-26.272000000000002
2024-01-16 21:00:00+00:00;3129416.662;-26.688350000000003
2024-01-16 22:00:00+00:00;3016872.054;-26.794
2024-01-16 23:00:00+00:00;2894376.947;-26.794
2024-01-17 00:00:00+00:00;2824180.924;-26.755450000000003
2024-01-17 01:00:00+00:00;2764113.914;-26.665499999999998
2024-01-17 02:00:00+00:00;2725319.978;-26.626948499999997
2024-01-17 03:00:00+00:00;2719337.424;-26.972969999999997
2024-01-17 04:00:00+00:00;2736884.136;-27.052995
2024-01-17 05:00:00+00:00;2607627.61;-27.41397
2024-01-17 06:00:00+00:00;2573136.29;-27.068995
2024-01-17 07:00:00+00:00;2547924.822;-26.993995
2024-01-17 08:00:00+00:00;2537331.313;-26.568994285714286
2024-01-17 09:00:00+00:00;2496350.497;-26.568989999999996
2024-01-17 10:00:00+00:00;2416383.219;-26.568991999999998
2024-01-17 11:00:00+00:00;2348612.194;-26.568995
2024-01-17 12:00:00+00:00;2319582.005;-26.568995
2024-01-17 13:00:00+00:00;2365042.243;-26.568995
2024-01-17 14:00:00+00:00;2460630.597;-26.568995
2024-01-17 15:00:00+00:00;2514669.297;-26.568995
2024-01-17 16:00:00+00:00;2547663.18;-26.568995
2024-01-17 17:00:00+00:00;2598923.966;-26.568995
2024-01-17 18:00:00+00:00;2581618.067;-26.568995
2024-01-17 19:00:00+00:00;2492394.415;-26.568995
2024-01-17 20:00:00+00:00;2749518.419;-26.568995
2024-01-17 21:00:00+00:00;2788686.811;-26.568995
2024-01-17 22:00:00+00:00;2650971.862;-26.568995
2024-01-17 23:00:00+00:00;2542716.15;-26.568995
2024-01-18 00:00:00+00:00;2438267.647;-26.51619525
2024-01-18 01:00:00+00:00;2379357.059;-25.4608
2024-01-18 02:00:00+00:00;2343327.307;-23.77234875
2024-01-18 03:00:00+00:00;2326078.052;-22.299950000000003
2024-01-18 04:00:00+00:00;2336711.507;-20.754495
2024-01-18 05:00:00+00:00;2188310.772;-19.861995
2024-01-18 06:00:00+00:00;2132210.109;-19.861995
2024-01-18 07:00:00+00:00;2094439.424;-19.861995
2024-01-18 08:00:00+00:00;2075247.11;-19.861995
2024-01-18 09:00:00+00:00;2063942.719;-18.84024575
2024-01-18 10:00:00+00:00;2041979.524;-17.75
2024-01-18 11:00:00+00:00;2020919.684;-16.95249625
2024-01-18 12:00:00+00:00;2031022.935;-16.487596
2024-01-18 13:00:00+00:00;2080895.298;-15.638
2024-01-18 14:00:00+00:00;2158349.35;-15.60865
2024-01-18 15:00:00+00:00;2205291.804;-14.615149250000002
2024-01-18 16:00:00+00:00;2238101.624;-14.568999999999999
2024-01-18 17:00:00+00:00;2282043.803;-14.568999999999999
2024-01-18 18:00:00+00:00;2282089.034;-14.568999999999999
2024-01-18 19:00:00+00:00;2218640.991;-14.568999999999999
2024-01-18 20:00:00+00:00;2486529.096;-14.568999999999999
2024-01-18 21:00:00+00:00;2522928.656;-14.568999999999999
2024-01-18 22:00:00+00:00;2381622.376;-14.568999999999999
2024-01-18 23:00:00+00:00;2252098.435;-14.568999999999999
2024-01-19 00:00:00+00:00;2176555.841;-14.568999999999999
2024-01-19 01:00:00+00:00;2130895.34;-14.568999999999999
2024-01-19 02:00:00+00:00;2116790.524;-14.5669
2024-01-19 03:00:00+00:00;2126480.814;-14.562999999999999
2024-01-19 04:00:00+00:00;2174408.89;-14.562999999999999
2024-01-19 05:00:00+00:00;2077498.318;-14.562999999999999
2024-01-19 06:00:00+00:00;2062278.884;-14.98424975
2024-01-19 07:00:00+00:00;2053335.052;-15.587
2024-01-19 08:00:00+00:00;2057847.397;-15.587
2024-01-19 09:00:00+00:00;2064181.637;-15.587
2024-01-19 10:00:00+00:00;2058651.516;-15.587
2024-01-19 11:00:00+00:00;2073278.214;-15.087
2024-01-19 12:00:00+00:00;2112342.927;-14.587
2024-01-19 13:00:00+00:00;2193139.991;-15.3091
2024-01-19 14:00:00+00:00;2311825.41;-15.612
2024-01-19 15:00:00+00:00;2415520.947;-16.381500000000003
2024-01-19 16:00:00+00:00;2503085.037;-17.275197
2024-01-19 17:00:00+00:00;2565717.534;-17.699994999999998
2024-01-19 18:00:00+00:00;2564277.957;-18.67354975
2024-01-19 19:00:00+00:00;2534092.216;-18.8459
2024-01-19 20:00:00+00:00;2849836.838;-19.92695
2024-01-19 21:00:00+00:00;2922884.588;-20.856
2024-01-19 22:00:00+00:00;2815003.111;-21.32309775
2024-01-19 23:00:00+00:00;2686410.172;-22.8550995
2024-01-20 00:00:00+00:00;2612898.682;-23.67564675
2024-01-20 01:00:00+00:00;2558894.608;-24.243395
2024-01-20 02:00:00+00:00;2531473.66;-25.2021965
2024-01-20 03:00:00+00:00;2504083.318;-25.513
2024-01-20 04:00:00+00:00;2475762.856;-25.513
2024-01-20 05:00:00+00:00;2364756.135;-25.513
2024-01-20 06:00:00+00:00;2436327.908;-26.376495999999996
2024-01-20 07:00:00+00:00;2499186.602;-26.530995
2024-01-20 08:00:00+00:00;2523272.38;-26.530995
2024-01-20 09:00:00+00:00;2516125.184;-25.07894775
2024-01-20 10:00:00+00:00;2471286.419;-23.650295
2024-01-20 11:00:00+00:00;2423940.611;-22.709494999999997
2024-01-20 12:00:00+00:00;2404356.448;-22.236995
2024-01-20 13:00:00+00:00;2451513.397;-23.16039975
2024-01-20 14:00:00+00:00;2558620.987;-23.9716965
2024-01-20 15:00:00+00:00;2685461.422;-24.280994999999997
2024-01-20 16:00:00+00:00;2796617.695;-23.550248500000002
2024-01-20 17:00:00+00:00;2798994.265;-23.169
2024-01-20 18:00:00+00:00;2715070.855;-23.169
2024-01-20 19:00:00+00:00;2637001.218;-23.169
2024-01-20 20:00:00+00:00;2903445.754;-22.8465
2024-01-20 21:00:00+00:00;2966254.818;-22.094
2024-01-20 22:00:00+00:00;2833656.373;-22.094
2024-01-20 23:00:00+00:00;2722995.439;-20.43964825
2024-01-21 00:00:00+00:00;2617705.805;-19.138645750000002
2024-01-21 01:00:00+00:00;2519489.906;-18.430995
2024-01-21 02:00:00+00:00;2444609.361;-16.664498000000002
2024-01-21 03:00:00+00:00;2379082.556;-14.519300000000001
2024-01-21 04:00:00+00:00;2306909.659;-12.9132
2024-01-21 05:00:00+00:00;2158449.063;-11.88884625
2024-01-21 06:00:00+00:00;2188620.159;-10.63455
2024-01-21 07:00:00+00:00;2235575.473;-9.22591275
2024-01-21 08:00:00+00:00;2247412.049;-8.45144
2024-01-21 09:00:00+00:00;2243778.485;-7.30056625
2024-01-21 10:00:00+00:00;2205796.801;-6.4938
2024-01-21 11:00:00+00:00;2160274.537;-6.33628425
2024-01-21 12:00:00+00:00;2119810.148;-5.443695
2024-01-21 13:00:00+00:00;2104070.216;-5.443695
2024-01-21 14:00:00+00:00;2128631.052;-5.443695
2024-01-21 15:00:00+00:00;2167225.117;-5.443695
2024-01-21 16:00:00+00:00;2219099.218;-5.443695
2024-01-21 17:00:00+00:00;2222215.227;-5.443695
2024-01-21 18:00:00+00:00;2134230.409;-5.021217
2024-01-21 19:00:00+00:00;1998495.68;-4.3875
2024-01-21 20:00:00+00:00;2227359.413;-4.1737400000000004
2024-01-21 21:00:00+00:00;2239080.761;-3.3187000000000006
2024-01-21 22:00:00+00:00;2092318.949;-3.3187000000000006
2024-01-21 23:00:00+00:00;1938510.586;-2.306295
2024-01-22 00:00:00+00:00;1841836.265;-2.306295
2024-01-22 01:00:00+00:00;1785714.992;-2.306295
2024-01-22 02:00:00+00:00;1783809.396;-1.58651375
2024-01-22 03:00:00+00:00;1767241.475;-1.4375
2024-01-22 04:00:00+00:00;1779370.89;-1.4375
2024-01-22 05:00:00+00:00;1669208.6;-1.4375
2024-01-22 06:00:00+00:00;1638201.594;-1.4375
2024-01-22 07:00:00+00:00;1611913.73;-1.4375
2024-01-22 08:00:00+00:00;1606197.585;-1.4375
2024-01-22 09:00:00+00:00;1617325.252;-0.43125
2024-01-22 10:00:00+00:00;1614285.765;0.0
2024-01-22 11:00:00+00:00;1610835.41;0.0
2024-01-22 12:00:00+00:00;1628206.413;0.0
2024-01-22 13:00:00+00:00;1683287.146;0.0
2024-01-22 14:00:00+00:00;1763328.675;0.0
2024-01-22 15:00:00+00:00;1812874.356;0.0
2024-01-22 16:00:00+00:00;1837844.913;0.0
2024-01-22 17:00:00+00:00;1875127.671;0.0
2024-01-22 18:00:00+00:00;1851685.375;0.0
2024-01-22 19:00:00+00:00;1774538.817;0.0
2024-01-22 20:00:00+00:00;2025899.939;0.0
2024-01-22 21:00:00+00:00;2024536.743;0.0
2024-01-22 22:00:00+00:00;1851659.069;0.0
2024-01-22 23:00:00+00:00;1702044.143;0.0
2024-01-23 00:00:00+00:00;1619716.588;0.0
2024-01-23 01:00:00+00:00;1552934.912;0.0
2024-01-23 02:00:00+00:00;1525715.574;0.22363249999999998
2024-01-23 03:00:00+00:00;1503085.889;0.65
2024-01-23 04:00:00+00:00;1535462.742;0.65
2024-01-23 05:00:00+00:00;1452276.387;0.65
2024-01-23 06:00:00+00:00;1429316.024;0.65
2024-01-23 07:00:00+00:00;1404397.873;0.65
2024-01-23 08:00:00+00:00;1396951.811;0.65
2024-01-23 09:00:00+00:00;1398726.09;0.65
2024-01-23 10:00:00+00:00;1391155.132;0.65
2024-01-23 11:00:00+00:00;1386021.764;0.65
2024-01-23 12:00:00+00:00;1401712.274;0.65
2024-01-23 13:00:00+00:00;1464770.894;0.65
2024-01-23 14:00:00+00:00;1559175.695;0.65
2024-01-23 15:00:00+00:00;1604731.313;0.65
2024-01-23 16:00:00+00:00;1646842.634;0.65
2024-01-23 17:00:00+00:00;1704260.507;0.417501
2024-01-23 18:00:00+00:00;1701580.564;-0.512495
2024-01-23 19:00:00+00:00;1637248.178;-0.919232
2024-01-23 20:00:00+00:00;1907183.032;-1.5437
2024-01-23 21:00:00+00:00;1954559.667;-2.033075
2024-01-23 22:00:00+00:00;1830815.098;-2.9499500000000003
2024-01-23 23:00:00+00:00;1667152.654;-4.069585
2024-01-24 00:00:00+00:00;1559800.904;-4.7312
2024-01-24 01:00:00+00:00;1490116.283;-5.645035
2024-01-24 02:00:00+00:00;1471078.062;-6.0658235000000005
2024-01-24 03:00:00+00:00;1491118.662;-7.014996999999999
2024-01-24 04:00:00+00:00;1547898.706;-7.6375
2024-01-24 05:00:00+00:00;1489652.677;-8.21840725
2024-01-24 06:00:00+00:00;1475331.987;-8.693695
2024-01-24 07:00:00+00:00;1457493.534;-7.84064875
2024-01-24 08:00:00+00:00;1450032.158;-6.7734499999999995
2024-01-24 09:00:00+00:00;1449282.049;-6.5125
2024-01-24 10:00:00+00:00;1435053.753;-6.13625
2024-01-24 11:00:00+00:00;1426139.293;-5.4375
2024-01-24 12:00:00+00:00;1443826.378;-5.4375
2024-01-24 13:00:00+00:00;1513273.825;-5.4375
2024-01-24 14:00:00+00:00;1613538.59;-5.4375
2024-01-24 15:00:00+00:00;1687441.325;-5.4375
2024-01-24 16:00:00+00:00;1744278.209;-5.4375
2024-01-24 17:00:00+00:00;1803497.355;-5.4375
2024-01-24 18:00:00+00:00;1788922.586;-5.4375
2024-01-24 19:00:00+00:00;1717060.59;-5.4375
2024-01-24 20:00:00+00:00;1983289.091;-5.4375
2024-01-24 21:00:00+00:00;2035081.2;-5.4375
2024-01-24 22:00:00+00:00;1925736.658;-5.4375
2024-01-24 23:00:00+00:00;1755225.215;-5.839978
2024-01-25 00:00:00+00:00;1639283.266;-7.092478
2024-01-25 01:00:00+00:00;1570184.235;-8.109375
2024-01-25 02:00:00+00:00;1544339.412;-9.67079825
2024-01-25 03:00:00+00:00;1561783.095;-10.324995
2024-01-25 04:00:00+00:00;1622821.382;-11.09824875
2024-01-25 05:00:00+00:00;1558531.053;-11.539349249999999
2024-01-25 06:00:00+00:00;1552235.976;-12.430995
2024-01-25 07:00:00+00:00;1539057.7;-12.430995
2024-01-25 08:00:00+00:00;1541570.38;-12.430995
2024-01-25 09:00:00+00:00;1548251.342;-12.430995
2024-01-25 10:00:00+00:00;1539247.47;-12.430995
2024-01-25 11:00:00+00:00;1530184.307;-12.430995
2024-01-25 12:00:00+00:00;1556146.774;-12.430995
2024-01-25 13:00:00+00:00;1628973.184;-12.95219775
2024-01-25 14:00:00+00:00;1754081.186;-14.1328
2024-01-25 15:00:00+00:00;1845013.868;-14.9288
2024-01-25 16:00:00+00:00;1907509.592;-15.581
2024-01-25 17:00:00+00:00;1983598.847;-16.3334965
2024-01-25 18:00:00+00:00;2009240.474;-16.655994999999997
2024-01-25 19:00:00+00:00;1974447.593;-16.655994999999997
2024-01-25 20:00:00+00:00;2269058.357;-16.655994999999997
2024-01-25 21:00:00+00:00;2333190.553;-16.655994999999997
2024-01-25 22:00:00+00:00;2224201.441;-16.46844625
2024-01-25 23:00:00+00:00;2080136.408;-15.869
2024-01-26 00:00:00+00:00;1995912.898;-15.869
2024-01-26 01:00:00+00:00;1953347.569;-15.869
2024-01-26 02:00:00+00:00;1952873.363;-15.65325
2024-01-26 03:00:00+00:00;1992134.295;-15.006
2024-01-26 04:00:00+00:00;2068649.795;-15.006
2024-01-26 05:00:00+00:00;2010097.783;-15.006
2024-01-26 06:00:00+00:00;2013883.509;-15.006
2024-01-26 07:00:00+00:00;2009530.615;-15.006
2024-01-26 08:00:00+00:00;1985379.474;-14.008149750000001
2024-01-26 09:00:00+00:00;1941686.636;-12.881
2024-01-26 10:00:00+00:00;1870799.09;-12.881
2024-01-26 11:00:00+00:00;1830831.69;-12.124300000000002
2024-01-26 12:00:00+00:00;1872635.881;-11.8
2024-01-26 13:00:00+00:00;1954256.828;-11.8
2024-01-26 14:00:00+00:00;2072442.863;-11.8
2024-01-26 15:00:00+00:00;2160471.807;-11.8
2024-01-26 16:00:00+00:00;2215528.529;-11.1622
2024-01-26 17:00:00+00:00;2250702.189;-10.685149749999999
2024-01-26 18:00:00+00:00;2233963.751;-9.699995
2024-01-26 19:00:00+00:00;2163559.599;-9.699995
2024-01-26 20:00:00+00:00;2430337.245;-9.699995
2024-01-26 21:00:00+00:00;2452449.316;-8.77461925
2024-01-26 22:00:00+00:00;2287573.917;-8.625
2024-01-26 23:00:00+00:00;2123523.322;-8.625
2024-01-27 00:00:00+00:00;2015003.674;-7.581194999999999
2024-01-27 01:00:00+00:00;1936663.82;-7.581194999999999
2024-01-27 02:00:00+00:00;1866140.849;-7.3319065
2024-01-27 03:00:00+00:00;1825361.344;-6.7438
2024-01-27 04:00:00+00:00;1801813.73;-6.7438
2024-01-27 05:00:00+00:00;1718020.435;-6.7438
2024-01-27 06:00:00+00:00;1791760.459;-6.7438
2024-01-27 07:00:00+00:00;1852661.067;-6.7438
2024-01-27 08:00:00+00:00;1882715.252;-6.085610000000001
2024-01-27 09:00:00+00:00;1890666.743;-5.628699500000001
2024-01-27 10:00:00+00:00;1872491.786;-4.5980755
2024-01-27 11:00:00+00:00;1845650.083;-3.625
2024-01-27 12:00:00+00:00;1834056.888;-3.625
2024-01-27 13:00:00+00:00;1857893.779;-3.625
2024-01-27 14:00:00+00:00;1926677.114;-3.625
2024-01-27 15:00:00+00:00;2036221.269;-3.625
2024-01-27 16:00:00+00:00;2149047.649;-3.625
2024-01-27 17:00:00+00:00;2144217.31;-3.625
2024-01-27 18:00:00+00:00;2033731.588;-3.625
2024-01-27 19:00:00+00:00;1914163.49;-3.625
2024-01-27 20:00:00+00:00;2167797.965;-3.625
2024-01-27 21:00:00+00:00;2216534.436;-3.520575
2024-01-27 22:00:00+00:00;2072738.291;-2.5375
2024-01-27 23:00:00+00:00;1906435.338;-2.5375
2024-01-28 00:00:00+00:00;1755942.19;-2.5375
2024-01-28 01:00:00+00:00;1639825.202;-2.5375
2024-01-28 02:00:00+00:00;1562218.625;-2.396875
2024-01-28 03:00:00+00:00;1522543.761;-1.975
2024-01-28 04:00:00+00:00;1505686.03;-1.975
2024-01-28 05:00:00+00:00;1429292.54;-1.975
2024-01-28 06:00:00+00:00;1495196.403;-1.475
2024-01-28 07:00:00+00:00;1566739.232;-0.5563525
2024-01-28 08:00:00+00:00;1607418.182;0.86907675
2024-01-28 09:00:00+00:00;1626135.468;1.5313
2024-01-28 10:00:00+00:00;1614716.776;1.5313
2024-01-28 11:00:00+00:00;1599674.809;1.5313
2024-01-28 12:00:00+00:00;1590365.028;1.5313
2024-01-28 13:00:00+00:00;1606913.144;0.019143
2024-01-28 14:00:00+00:00;1658334.41;0.0
2024-01-28 15:00:00+00:00;1732347.538;0.0
2024-01-28 16:00:00+00:00;1810532.42;0.0
2024-01-28 17:00:00+00:00;1826628.288;0.5809650000000001
2024-01-28 18:00:00+00:00;1748048.816;1.0563
2024-01-28 19:00:00+00:00;1682780.35;1.0563
2024-01-28 20:00:00+00:00;1947868.084;1.0563
2024-01-28 21:00:00+00:00;1973087.948;1.0563
2024-01-28 22:00:00+00:00;1823045.095;1.0563
2024-01-28 23:00:00+00:00;1660327.487;1.0563
2024-01-29 00:00:00+00:00;1569713.449;1.0563
2024-01-29 01:00:00+00:00;1495781.227;1.0563
2024-01-29 02:00:00+00:00;1448645.391;1.8996650000000002
2024-01-29 03:00:00+00:00;1440003.546;2.0
2024-01-29 04:00:00+00:00;1483587.801;2.0
2024-01-29 05:00:00+00:00;1414754.096;2.0
2024-01-29 06:00:00+00:00;1397717.299;2.0
2024-01-29 07:00:00+00:00;1370330.397;2.0
2024-01-29 08:00:00+00:00;1350290.474;2.10188
2024-01-29 09:00:00+00:00;1336884.734;3.0188
2024-01-29 10:00:00+00:00;1314381.083;3.0188
2024-01-29 11:00:00+00:00;1298607.461;3.0188
2024-01-29 12:00:00+00:00;1310097.502;3.0188
2024-01-29 13:00:00+00:00;1373030.031;3.0188
2024-01-29 14:00:00+00:00;1482566.046;3.0188
2024-01-29 15:00:00+00:00;1559609.41;3.0188
2024-01-29 16:00:00+00:00;1612912.824;3.0188
2024-01-29 17:00:00+00:00;1668104.781;3.0188
2024-01-29 18:00:00+00:00;1666214.064;2.052655
2024-01-29 19:00:00+00:00;1612851.732;1.9875
2024-01-29 20:00:00+00:00;1883989.372;1.9875
2024-01-29 21:00:00+00:00;1919379.971;1.9875
2024-01-29 22:00:00+00:00;1798898.677;1.9875
2024-01-29 23:00:00+00:00;1678271.829;1.9875
2024-01-30 00:00:00+00:00;1584553.715;1.9875
2024-01-30 01:00:00+00:00;1506631.627;1.9875
2024-01-30 02:00:00+00:00;1474384.847;1.9087600000000002
2024-01-30 03:00:00+00:00;1485954.31;1.5938
2024-01-30 04:00:00+00:00;1556896.945;1.5938
2024-01-30 05:00:00+00:00;1509163.941;1.5938
2024-01-30 06:00:00+00:00;1509745.76;1.58867
2024-01-30 07:00:00+00:00;1492754.974;0.5375
2024-01-30 08:00:00+00:00;1470123.662;1.1925080000000001
2024-01-30 09:00:00+00:00;1442333.707;1.5438
2024-01-30 10:00:00+00:00;1395626.367;2.02754775
2024-01-30 11:00:00+00:00;1361893.211;2.618795
2024-01-30 12:00:00+00:00;1376513.92;2.618795
2024-01-30 13:00:00+00:00;1452398.802;1.86878375
2024-01-30 14:00:00+00:00;1581665.086;1.6063000000000003
2024-01-30 15:00:00+00:00;1681855.658;1.2300325
2024-01-30 16:00:00+00:00;1752412.286;0.53125
2024-01-30 17:00:00+00:00;1813395.966;0.53125
2024-01-30 18:00:00+00:00;1804322.131;0.53125
2024-01-30 19:00:00+00:00;1725437.409;-1.1315620000000002
2024-01-30 20:00:00+00:00;1971105.674;-1.5375
2024-01-30 21:00:00+00:00;1989673.992;-1.5375
2024-01-30 22:00:00+00:00;1832345.667;-1.5375
2024-01-30 23:00:00+00:00;1690333.42;-1.5375
2024-01-31 00:00:00+00:00;1575303.418;-2.29875
2024-01-31 01:00:00+00:00;1493091.259;-1.85625
2024-01-31 02:00:00+00:00;1450517.807;-1.4671750000000001
2024-01-31 03:00:00+00:00;1455152.655;-1.0687
2024-01-31 04:00:00+00:00;1508892.659;0.0
2024-01-31 05:00:00+00:00;1438678.382;0.0
2024-01-31 06:00:00+00:00;1411368.153;0.0
2024-01-31 07:00:00+00:00;1388368.386;0.0
2024-01-31 08:00:00+00:00;1383524.173;0.0
2024-01-31 09:00:00+00:00;1385143.558;0.556875
2024-01-31 10:00:00+00:00;1371658.919;1.0125
2024-01-31 11:00:00+00:00;1363852.829;1.0125
2024-01-31 12:00:00+00:00;1384485.982;1.0125
2024-01-31 13:00:00+00:00;1443861.217;0.13187949999999998
2024-01-31 14:00:00+00:00;1542031.067;0.0
2024-01-31 15:00:00+00:00;1620912.1;0.0
2024-01-31 16:00:00+00:00;1695044.983;0.0
2024-01-31 17:00:00+00:00;1773623.405;0.0
2024-01-31 18:00:00+00:00;1776275.262;0.0
2024-01-31 19:00:00+00:00;1706629.971;0.40248
2024-01-31 20:00:00+00:00;1963052.698;1.0062
2024-01-31 21:00:00+00:00;1972107.318;1.0062
2024-01-31 22:00:00+00:00;1820572.304;1.3020272499999999
2024-01-31 23:00:00+00:00;1663179.507;1.587495
2024-02-01 00:00:00+00:00;1563898.338;0.7321867500000001
2024-02-01 01:00:00+00:00;1497166.044;0.58125
2024-02-01 02:00:00+00:00;1455782.289;0.6640625
2024-02-01 03:00:00+00:00;1449990.358;0.9125
2024-02-01 04:00:00+00:00;1499552.885;0.9125
2024-02-01 05:00:00+00:00;1439321.419;0.9125
2024-02-01 06:00:00+00:00;1426170.858;0.9125
2024-02-01 07:00:00+00:00;1400811.697;0.9125
2024-02-01 08:00:00+00:00;1387891.149;0.9125
2024-02-01 09:00:00+00:00;1381313.091;0.9125
2024-02-01 10:00:00+00:00;1354372.737;0.91375
2024-02-01 11:00:00+00:00;1329609.414;1.1563
2024-02-01 12:00:00+00:00;1343275.726;1.8812915000000001
2024-02-01 13:00:00+00:00;1420085.102;2.174995
2024-02-01 14:00:00+00:00;1534134.785;2.174995
2024-02-01 15:00:00+00:00;1625401.26;1.409405
2024-02-01 16:00:00+00:00;1704140.487;-0.20499900000000001
2024-02-01 17:00:00+00:00;1783528.313;-1.024995
2024-02-01 18:00:00+00:00;1799095.072;-1.024995
2024-02-01 19:00:00+00:00;1750091.147;-1.024995
2024-02-01 20:00:00+00:00;2018597.792;-1.024995
2024-02-01 21:00:00+00:00;2042459.595;-1.024995
2024-02-01 22:00:00+00:00;1899584.475;-1.024995
2024-02-01 23:00:00+00:00;1770538.562;-1.024995
2024-02-02 00:00:00+00:00;1676424.26;-1.024995
2024-02-02 01:00:00+00:00;1601705.453;-1.024995
2024-02-02 02:00:00+00:00;1565237.331;-1.6415465
2024-02-02 03:00:00+00:00;1573778.354;-2.231195
2024-02-02 04:00:00+00:00;1636852.439;-3.3125
2024-02-02 05:00:00+00:00;1583316.756;-4.199645
2024-02-02 06:00:00+00:00;1589507.348;-5.1912400000000005
2024-02-02 07:00:00+00:00;1572139.69;-6.1626900000000004
2024-02-02 08:00:00+00:00;1543360.432;-6.39063
2024-02-02 09:00:00+00:00;1506690.491;-5.7438
2024-02-02 10:00:00+00:00;1459445.461;-5.2581365
2024-02-02 11:00:00+00:00;1433658.719;-4.076249750000001
2024-02-02 12:00:00+00:00;1457015.334;-4.025
2024-02-02 13:00:00+00:00;1537300.706;-4.1465245
2024-02-02 14:00:00+00:00;1656212.284;-5.099995
2024-02-02 15:00:00+00:00;1765419.577;-5.099995
2024-02-02 16:00:00+00:00;1849018.914;-4.09477925
2024-02-02 17:00:00+00:00;1894038.378;-3.975
2024-02-02 18:00:00+00:00;1860133.931;-3.975
2024-02-02 19:00:00+00:00;1789281.335;-3.975
2024-02-02 20:00:00+00:00;2067761.158;-3.975
2024-02-02 21:00:00+00:00;2096755.533;-3.975
2024-02-02 22:00:00+00:00;1939825.08;-3.540768421052632
2024-02-02 23:00:00+00:00;1777566.211;-2.9437
2024-02-03 00:00:00+00:00;1662814.561;-2.9437
2024-02-03 01:00:00+00:00;1580250.646;-2.9437
2024-02-03 02:00:00+00:00;1529855.778;-2.8199785000000004
2024-02-03 03:00:00+00:00;1487965.687;-2.531295128205128
2024-02-03 04:00:00+00:00;1470377.925;-2.5312949999999996
2024-02-03 05:00:00+00:00;1399959.435;-2.5312949999999996
2024-02-03 06:00:00+00:00;1470780.857;-2.5312949999999996
2024-02-03 07:00:00+00:00;1524373.498;-1.6812989999999999
2024-02-03 08:00:00+00:00;1541880.44;-0.8139565000000001
2024-02-03 09:00:00+00:00;1544549.929;0.9386265
2024-02-03 10:00:00+00:00;1522758.727;1.7861887500000002
2024-02-03 11:00:00+00:00;1502387.978;2.075
2024-02-03 12:00:00+00:00;1496587.46;1.7712500000000002
2024-02-03 13:00:00+00:00;1532597.169;0.710504
2024-02-03 14:00:00+00:00;1619172.384;-0.20249999999999999
2024-02-03 15:00:00+00:00;1762273.828;-1.0125
2024-02-03 16:00:00+00:00;1881615.771;-1.0125
2024-02-03 17:00:00+00:00;1899001.487;0.0
2024-02-03 18:00:00+00:00;1814110.393;-0.20124
2024-02-03 19:00:00+00:00;1715340.662;-1.0062
2024-02-03 20:00:00+00:00;1975804.515;-2.138071
2024-02-03 21:00:00+00:00;2031812.426;-3.4761949999999997
2024-02-03 22:00:00+00:00;1900097.382;-4.193695
2024-02-03 23:00:00+00:00;1745384.078;-4.193695
2024-02-04 00:00:00+00:00;1624386.508;-4.193695
2024-02-04 01:00:00+00:00;1540771.549;-4.193695
2024-02-04 02:00:00+00:00;1490541.265;-3.94527125
2024-02-04 03:00:00+00:00;1468375.64;-3.2
2024-02-04 04:00:00+00:00;1466532.294;-3.2
2024-02-04 05:00:00+00:00;1404333.273;-3.2
2024-02-04 06:00:00+00:00;1480562.96;-3.2
2024-02-04 07:00:00+00:00;1547797.793;-3.2
2024-02-04 08:00:00+00:00;1582535.77;-2.9421737500000003
2024-02-04 09:00:00+00:00;1587957.021;-2.168695
2024-02-04 10:00:00+00:00;1566808.075;-2.168695
2024-02-04 11:00:00+00:00;1544349.567;-2.168695
2024-02-04 12:00:00+00:00;1540389.316;-2.168695
2024-02-04 13:00:00+00:00;1564259.116;-2.168695
2024-02-04 14:00:00+00:00;1631740.668;-2.3410902499999997
2024-02-04 15:00:00+00:00;1734739.005;-2.862495
2024-02-04 16:00:00+00:00;1825077.033;-2.862495
2024-02-04 17:00:00+00:00;1860965.292;-2.862495
2024-02-04 18:00:00+00:00;1807166.02;-2.862495
2024-02-04 19:00:00+00:00;1713728.873;-3.8896397499999997
2024-02-04 20:00:00+00:00;1968878.869;-3.9437000000000006
2024-02-04 21:00:00+00:00;2010204.372;-3.9437000000000006
2024-02-04 22:00:00+00:00;1888765.25;-3.9437000000000006
2024-02-04 23:00:00+00:00;1760057.955;-3.9437000000000006
2024-02-05 00:00:00+00:00;1675500.61;-3.9437000000000006
2024-02-05 01:00:00+00:00;1624656.545;-3.9437000000000006
2024-02-05 02:00:00+00:00;1623204.457;-4.1796500000000005
2024-02-05 03:00:00+00:00;1634311.54;-4.8875
2024-02-05 04:00:00+00:00;1683721.425;-4.8875
2024-02-05 05:00:00+00:00;1621414.309;-4.8875
2024-02-05 06:00:00+00:00;1601809.049;-4.8875
2024-02-05 07:00:00+00:00;1575395.375;-4.887865
2024-02-05 08:00:00+00:00;1552184.664;-5.4375
2024-02-05 09:00:00+00:00;1539045.409;-5.4375
2024-02-05 10:00:00+00:00;1520908.715;-4.66874625
2024-02-05 11:00:00+00:00;1502544.407;-4.412495
2024-02-05 12:00:00+00:00;1519254.182;-4.5237454999999995
2024-02-05 13:00:00+00:00;1582935.587;-5.525
2024-02-05 14:00:00+00:00;1691344.209;-6.125657894736842
2024-02-05 15:00:00+00:00;1775932.237;-6.5625
2024-02-05 16:00:00+00:00;1833788.373;-6.5625
2024-02-05 17:00:00+00:00;1891391.579;-6.5625
2024-02-05 18:00:00+00:00;1907185.514;-6.81843475
2024-02-05 19:00:00+00:00;1857097.87;-8.38464975
2024-02-05 20:00:00+00:00;2136725.234;-10.136835000000001
2024-02-05 21:00:00+00:00;2181659.009;-10.853100000000001
2024-02-05 22:00:00+00:00;2086440.864;-12.0195
2024-02-05 23:00:00+00:00;1939600.338;-12.912
2024-02-06 00:00:00+00:00;1856858.124;-12.912
2024-02-06 01:00:00+00:00;1795445.839;-12.912
2024-02-06 02:00:00+00:00;1780639.689;-12.775599750000001
2024-02-06 03:00:00+00:00;1807020.328;-12.419
2024-02-06 04:00:00+00:00;1859547.719;-13.681000000000001
2024-02-06 05:00:00+00:00;1804753.927;-14.773248749999999
2024-02-06 06:00:00+00:00;1788404.123;-15.739146
2024-02-06 07:00:00+00:00;1778470.5;-16.581
2024-02-06 08:00:00+00:00;1770247.607;-16.581
2024-02-06 09:00:00+00:00;1766169.952;-15.731399999999999
2024-02-06 10:00:00+00:00;1731274.556;-15.02664775
2024-02-06 11:00:00+00:00;1706018.949;-14.430995
2024-02-06 12:00:00+00:00;1720587.646;-14.430995
2024-02-06 13:00:00+00:00;1790004.001;-14.430995
2024-02-06 14:00:00+00:00;1906712.849;-15.8744
2024-02-06 15:00:00+00:00;2005174.068;-17.1825
2024-02-06 16:00:00+00:00;2085225.996;-18.33095
2024-02-06 17:00:00+00:00;2169800.63;-19.119000000000003
2024-02-06 18:00:00+00:00;2198066.708;-19.638
2024-02-06 19:00:00+00:00;2187228.232;-19.66114975
2024-02-06 20:00:00+00:00;2461219.242;-20.693994999999997
2024-02-06 21:00:00+00:00;2513725.198;-20.693994999999997
2024-02-06 22:00:00+00:00;2402653.307;-20.693994999999997
2024-02-06 23:00:00+00:00;2303345.422;-21.08319675
2024-02-07 00:00:00+00:00;2231390.692;-21.806
2024-02-07 01:00:00+00:00;2178277.551;-21.806
2024-02-07 02:00:00+00:00;2148764.113;-21.752199
2024-02-07 03:00:00+00:00;2162449.153;-21.536994999999997
2024-02-07 04:00:00+00:00;2211683.654;-21.536994999999997
2024-02-07 05:00:00+00:00;2109495.978;-20.708695249999998
2024-02-07 06:00:00+00:00;2085828.255;-19.61814925
2024-02-07 07:00:00+00:00;2067915.759;-19.0412
2024-02-07 08:00:00+00:00;2054812.029;-18.3668
2024-02-07 09:00:00+00:00;2036197.978;-17.375
2024-02-07 10:00:00+00:00;1988276.562;-16.312994999999997
2024-02-07 11:00:00+00:00;1947676.118;-15.348799500000002
2024-02-07 12:00:00+00:00;1961854.309;-15.237
2024-02-07 13:00:00+00:00;2032068.672;-15.5427
2024-02-07 14:00:00+00:00;2160476.471;-17.241799750000002
2024-02-07 15:00:00+00:00;2306677.364;-18.369
2024-02-07 16:00:00+00:00;2414826.606;-18.594099
2024-02-07 17:00:00+00:00;2503910.596;-19.411994999999997
2024-02-07 18:00:00+00:00;2531330.177;-19.7000465
2024-02-07 19:00:00+00:00;2488470.881;-20.469
2024-02-07 20:00:00+00:00;2780415.196;-20.5360995
2024-02-07 21:00:00+00:00;2855246.195;-21.524994999999997
2024-02-07 22:00:00+00:00;2754067.126;-21.524994999999997
2024-02-07 23:00:00+00:00;2638903.305;-22.32019875
2024-02-08 00:00:00+00:00;2603084.138;-22.587
2024-02-08 01:00:00+00:00;2589285.798;-22.587
2024-02-08 02:00:00+00:00;2597360.735;-22.6023
2024-02-08 03:00:00+00:00;2620711.609;-22.638
2024-02-08 04:00:00+00:00;2670933.273;-22.638
2024-02-08 05:00:00+00:00;2573539.66;-22.638
2024-02-08 06:00:00+00:00;2549415.14;-22.638
2024-02-08 07:00:00+00:00;2518123.959;-22.479450000000003
2024-02-08 08:00:00+00:00;2480701.334;-21.273500000000002
2024-02-08 09:00:00+00:00;2430549.464;-20.50254975
2024-02-08 10:00:00+00:00;2354110.003;-19.270795
2024-02-08 11:00:00+00:00;2273080.391;-18.405994999999997
2024-02-08 12:00:00+00:00;2241883.877;-18.405994999999997
2024-02-08 13:00:00+00:00;2294185.051;-18.405994999999997
2024-02-08 14:00:00+00:00;2400718.484;-19.530499499999998
2024-02-08 15:00:00+00:00;2525000.435;-20.462
2024-02-08 16:00:00+00:00;2613264.038;-20.462
2024-02-08 17:00:00+00:00;2694277.126;-20.462
2024-02-08 18:00:00+00:00;2717233.824;-20.462
2024-02-08 19:00:00+00:00;2685155.835;-20.462
2024-02-08 20:00:00+00:00;2982358.649;-21.0571
2024-02-08 21:00:00+00:00;3061267.559;-21.9292
2024-02-08 22:00:00+00:00;2955875.406;-22.606
2024-02-08 23:00:00+00:00;2870638.824;-22.606
2024-02-09 00:00:00+00:00;2816432.356;-23.28849675
2024-02-09 01:00:00+00:00;2771847.807;-23.655994999999997
2024-02-09 02:00:00+00:00;2757823.623;-23.84679525
2024-02-09 03:00:00+00:00;2770228.282;-24.568994999999997
2024-02-09 04:00:00+00:00;2814079.194;-24.568994999999997
2024-02-09 05:00:00+00:00;2710381.688;-24.568994999999997
2024-02-09 06:00:00+00:00;2692764.413;-24.568994999999997
2024-02-09 07:00:00+00:00;2659211.637;-24.568994999999997
2024-02-09 08:00:00+00:00;2610719.457;-23.74194525
2024-02-09 09:00:00+00:00;2547099.593;-22.022844999999997
2024-02-09 10:00:00+00:00;2472534.718;-20.499595
2024-02-09 11:00:00+00:00;2372651.095;-19.73554825
2024-02-09 12:00:00+00:00;2325614.726;-19.381
2024-02-09 13:00:00+00:00;2352334.62;-19.381
2024-02-09 14:00:00+00:00;2443351.427;-20.134149999999998
2024-02-09 15:00:00+00:00;2573499.098;-21.544
2024-02-09 16:00:00+00:00;2674809.776;-21.544
2024-02-09 17:00:00+00:00;2742698.845;-21.544
2024-02-09 18:00:00+00:00;2738060.914;-21.544
2024-02-09 19:00:00+00:00;2704100.361;-21.544
2024-02-09 20:00:00+00:00;2980026.771;-21.08005
2024-02-09 21:00:00+00:00;3040838.121;-20.513
2024-02-09 22:00:00+00:00;2914118.425;-20.248
2024-02-09 23:00:00+00:00;2776711.965;-19.506
2024-02-10 00:00:00+00:00;2712385.85;-19.506
2024-02-10 01:00:00+00:00;2659627.387;-19.506
2024-02-10 02:00:00+00:00;2637465.869;-18.445248749999998
2024-02-10 03:00:00+00:00;2619167.915;-18.280994999999997
2024-02-10 04:00:00+00:00;2603396.775;-18.280994999999997
2024-02-10 05:00:00+00:00;2511622.467;-18.280994999999997
2024-02-10 06:00:00+00:00;2611336.974;-18.280994999999997
2024-02-10 07:00:00+00:00;2671975.111;-18.032495
2024-02-10 08:00:00+00:00;2647329.327;-17.193994999999997
2024-02-10 09:00:00+00:00;2584547.414;-15.84969975
2024-02-10 10:00:00+00:00;2523523.25;-15.1
2024-02-10 11:00:00+00:00;2421977.721;-14.32225
2024-02-10 12:00:00+00:00;2357219.367;-14.062999999999999
2024-02-10 13:00:00+00:00;2363250.965;-14.062999999999999
2024-02-10 14:00:00+00:00;2444794.379;-15.101949999999999
2024-02-10 15:00:00+00:00;2589496.43;-17.33285
2024-02-10 16:00:00+00:00;2726648.809;-18.791148
2024-02-10 17:00:00+00:00;2782376.671;-20.056848
2024-02-10 18:00:00+00:00;2717474.758;-21.2125
2024-02-10 19:00:00+00:00;2646751.593;-22.3598
2024-02-10 20:00:00+00:00;2890991.899;-23.503500000000003
2024-02-10 21:00:00+00:00;2985832.906;-24.420646249999997
2024-02-10 22:00:00+00:00;2881697.641;-24.78725842105263
2024-02-10 23:00:00+00:00;2761056.41;-25.736994999999997
2024-02-11 00:00:00+00:00;2687187.058;-25.736994999999997
2024-02-11 01:00:00+00:00;2645401.514;-25.736994999999997
2024-02-11 02:00:00+00:00;2625135.389;-25.68244575
2024-02-11 03:00:00+00:00;2629554.411;-25.381
2024-02-11 04:00:00+00:00;2648154.644;-25.381
2024-02-11 05:00:00+00:00;2535260.403;-25.381
2024-02-11 06:00:00+00:00;2609240.936;-25.1786
2024-02-11 07:00:00+00:00;2663186.56;-23.91524775
2024-02-11 08:00:00+00:00;2652646.313;-22.144548750000002
2024-02-11 09:00:00+00:00;2593367.568;-20.30789975
2024-02-11 10:00:00+00:00;2497933.508;-18.447498
2024-02-11 11:00:00+00:00;2402136.798;-16.29945
2024-02-11 12:00:00+00:00;2342536.849;-15.919
2024-02-11 13:00:00+00:00;2338572.996;-16.0331
2024-02-11 14:00:00+00:00;2411228.121;-17.938499999999998
2024-02-11 15:00:00+00:00;2535129.648;-19.4903
2024-02-11 16:00:00+00:00;2646510.801;-20.4196
2024-02-11 17:00:00+00:00;2674195.082;-21.25
2024-02-11 18:00:00+00:00;2600592.155;-22.0577
2024-02-11 19:00:00+00:00;2524665.694;-22.294
2024-02-11 20:00:00+00:00;2785327.547;-23.1436
2024-02-11 21:00:00+00:00;2850301.245;-23.356
2024-02-11 22:00:00+00:00;2768375.58;-24.371550000000003
2024-02-11 23:00:00+00:00;2620443.117;-24.425
2024-02-12 00:00:00+00:00;2550776.335;-25.217000000000002
2024-02-12 01:00:00+00:00;2507665.27;-25.481
2024-02-12 02:00:00+00:00;2498181.158;-25.600799000000002
2024-02-12 03:00:00+00:00;2510745.108;-26.024995
2024-02-12 04:00:00+00:00;2555541.972;-26.024995
2024-02-12 05:00:00+00:00;2439264.388;-26.024995
2024-02-12 06:00:00+00:00;2407125.705;-26.024995
2024-02-12 07:00:00+00:00;2365077.097;-24.99939675
2024-02-12 08:00:00+00:00;2313300.853;-23.12114975
2024-02-12 09:00:00+00:00;2255843.489;-20.929696749999998
2024-02-12 10:00:00+00:00;2181854.71;-20.08735
2024-02-12 11:00:00+00:00;2123872.792;-19.111995
2024-02-12 12:00:00+00:00;2102549.885;-18.53119775
2024-02-12 13:00:00+00:00;2146079.538;-18.1101
2024-02-12 14:00:00+00:00;2252051.026;-19.735850000000003
2024-02-12 15:00:00+00:00;2346554.8;-20.899700000000003
2024-02-12 16:00:00+00:00;2424526.554;-21.7719975
2024-02-12 17:00:00+00:00;2495512.027;-22.321395
2024-02-12 18:00:00+00:00;2510426.472;-23.331
2024-02-12 19:00:00+00:00;2465704.502;-23.331
2024-02-12 20:00:00+00:00;2746280.289;-23.331
2024-02-12 21:00:00+00:00;2808177.865;-23.331
2024-02-12 22:00:00+00:00;2677435.697;-23.331
2024-02-12 23:00:00+00:00;2556258.332;-23.331
2024-02-13 00:00:00+00:00;2491485.203;-23.331
2024-02-13 01:00:00+00:00;2449229.352;-23.331
2024-02-13 02:00:00+00:00;2433169.711;-22.303597500000002
2024-02-13 03:00:00+00:00;2438174.461;-21.431
2024-02-13 04:00:00+00:00;2463669.342;-21.431
2024-02-13 05:00:00+00:00;2345827.429;-21.431
2024-02-13 06:00:00+00:00;2308825.036;-21.431
2024-02-13 07:00:00+00:00;2268001.884;-20.605998
2024-02-13 08:00:00+00:00;2224061.127;-18.706197
2024-02-13 09:00:00+00:00;2185034.484;-17.47924875
2024-02-13 10:00:00+00:00;2130887.863;-16.149994999999997
2024-02-13 11:00:00+00:00;2091147.021;-15.106
2024-02-13 12:00:00+00:00;2091410.005;-14.3125
2024-02-13 13:00:00+00:00;2145477.567;-14.037
2024-02-13 14:00:00+00:00;2243195.995;-14.5559975
2024-02-13 15:00:00+00:00;2325166.964;-15.074994999999998
2024-02-13 16:00:00+00:00;2401063.026;-15.074994999999998
2024-02-13 17:00:00+00:00;2465120.002;-15.074994999999998
2024-02-13 18:00:00+00:00;2458507.282;-15.33274625
2024-02-13 19:00:00+00:00;2375985.573;-16.106
2024-02-13 20:00:00+00:00;2623254.185;-16.106
2024-02-13 21:00:00+00:00;2667651.066;-16.106
2024-02-13 22:00:00+00:00;2536401.483;-16.106
2024-02-13 23:00:00+00:00;2417938.279;-16.106
2024-02-14 00:00:00+00:00;2339076.14;-16.106
2024-02-14 01:00:00+00:00;2262978.181;-16.106
2024-02-14 02:00:00+00:00;2203656.588;-15.931000000000001
2024-02-14 03:00:00+00:00;2190169.062;-15.406
2024-02-14 04:00:00+00:00;2218445.24;-14.92495
2024-02-14 05:00:00+00:00;2095053.938;-13.842400000000001
2024-02-14 06:00:00+00:00;2041139.724;-12.78604775
2024-02-14 07:00:00+00:00;1997695.74;-12.167095
2024-02-14 08:00:00+00:00;1970858.645;-11.180995
2024-02-14 09:00:00+00:00;1953425.842;-10.328695249999999
2024-02-14 10:00:00+00:00;1917167.814;-8.8819485
2024-02-14 11:00:00+00:00;1890607.564;-7.974995
2024-02-14 12:00:00+00:00;1889613.396;-7.974995
2024-02-14 13:00:00+00:00;1932365.176;-8.53408
2024-02-14 14:00:00+00:00;2016409.442;-8.981195
2024-02-14 15:00:00+00:00;2091388.844;-8.981195
2024-02-14 16:00:00+00:00;2164821.232;-8.981195
2024-02-14 17:00:00+00:00;2235413.997;-8.981195
2024-02-14 18:00:00+00:00;2229344.227;-8.981195
2024-02-14 19:00:00+00:00;2131834.065;-8.981195
2024-02-14 20:00:00+00:00;2374615.962;-8.981195
2024-02-14 21:00:00+00:00;2394957.627;-8.981195
2024-02-14 22:00:00+00:00;2287859.119;-8.981195
2024-02-14 23:00:00+00:00;2126250.801;-8.981195
2024-02-15 00:00:00+00:00;2010350.374;-8.981195
2024-02-15 01:00:00+00:00;1928438.486;-8.981195
2024-02-15 02:00:00+00:00;1885911.839;-8.95464625
2024-02-15 03:00:00+00:00;1889034.805;-8.875
2024-02-15 04:00:00+00:00;1935802.416;-8.875
2024-02-15 05:00:00+00:00;1836358.03;-8.875
2024-02-15 06:00:00+00:00;1794519.546;-8.875
2024-02-15 07:00:00+00:00;1756818.849;-8.665000000000001
2024-02-15 08:00:00+00:00;1728948.84;-7.825
2024-02-15 09:00:00+00:00;1711366.545;-6.975
2024-02-15 10:00:00+00:00;1680220.726;-5.975
2024-02-15 11:00:00+00:00;1658653.075;-5.7125
2024-02-15 12:00:00+00:00;1663383.424;-5.7125
2024-02-15 13:00:00+00:00;1702962.62;-5.7125
2024-02-15 14:00:00+00:00;1778471.534;-5.7125
2024-02-15 15:00:00+00:00;1845480.379;-5.7125
2024-02-15 16:00:00+00:00;1897789.965;-5.7125
2024-02-15 17:00:00+00:00;1952097.229;-5.7125
2024-02-15 18:00:00+00:00;1958150.746;-5.7125
2024-02-15 19:00:00+00:00;1890890.801;-5.7125
2024-02-15 20:00:00+00:00;2148322.151;-4.92344125
2024-02-15 21:00:00+00:00;2164681.675;-4.693695
2024-02-15 22:00:00+00:00;2000419.717;-4.693695
2024-02-15 23:00:00+00:00;1856419.772;-4.693695
2024-02-16 00:00:00+00:00;1761885.833;-4.693695
2024-02-16 01:00:00+00:00;1701202.029;-4.42497
2024-02-16 02:00:00+00:00;1675207.799;-3.6019154999999996
2024-02-16 03:00:00+00:00;1675115.811;-3.45
2024-02-16 04:00:00+00:00;1701718.913;-3.45
2024-02-16 05:00:00+00:00;1621449.13;-3.45
2024-02-16 06:00:00+00:00;1601128.238;-3.45
2024-02-16 07:00:00+00:00;1580828.767;-2.9268485
2024-02-16 08:00:00+00:00;1573524.944;-1.91995
2024-02-16 09:00:00+00:00;1580672.735;-1.3562
2024-02-16 10:00:00+00:00;1573639.16;-1.238458
2024-02-16 11:00:00+00:00;1576272.773;-0.78123625
2024-02-16 12:00:00+00:00;1600120.687;-0.68125
2024-02-16 13:00:00+00:00;1646727.198;-0.887499
2024-02-16 14:00:00+00:00;1724131.772;-1.7124949999999999
2024-02-16 15:00:00+00:00;1797008.378;-1.7124949999999999
2024-02-16 16:00:00+00:00;1866778.91;-1.7124949999999999
2024-02-16 17:00:00+00:00;1907692.086;-1.7124949999999999
2024-02-16 18:00:00+00:00;1864528.628;-1.7090299999999998
2024-02-16 19:00:00+00:00;1784639.636;-1.706195
2024-02-16 20:00:00+00:00;2043249.544;-1.706195
2024-02-16 21:00:00+00:00;2055091.783;-1.706195
2024-02-16 22:00:00+00:00;1876304.135;-1.7061950000000001
2024-02-16 23:00:00+00:00;1703953.567;-1.706195
2024-02-17 00:00:00+00:00;1590190.503;-1.706195
2024-02-17 01:00:00+00:00;1513667.606;-1.706195
2024-02-17 02:00:00+00:00;1484931.92;-1.8310502499999999
2024-02-17 03:00:00+00:00;1473303.58;-2.1499949999999997
2024-02-17 04:00:00+00:00;1470507.097;-2.1499949999999997
2024-02-17 05:00:00+00:00;1400282.373;-2.1499949999999997
2024-02-17 06:00:00+00:00;1468904.929;-2.1499949999999997
2024-02-17 07:00:00+00:00;1533732.589;-2.1499949999999997
2024-02-17 08:00:00+00:00;1576406.328;-2.1499949999999997
2024-02-17 09:00:00+00:00;1606041.344;-2.1499949999999997
2024-02-17 10:00:00+00:00;1612885.259;-2.1499949999999997
2024-02-17 11:00:00+00:00;1620824.858;-2.1499949999999997
2024-02-17 12:00:00+00:00;1637886.272;-2.1499949999999997
2024-02-17 13:00:00+00:00;1673020.396;-2.8609649999999998
2024-02-17 14:00:00+00:00;1743085.387;-3.243795
2024-02-17 15:00:00+00:00;1858369.454;-3.243795
2024-02-17 16:00:00+00:00;1997431.373;-3.243795
2024-02-17 17:00:00+00:00;2037513.821;-3.243795
2024-02-17 18:00:00+00:00;1940713.012;-3.5644064999999996
2024-02-17 19:00:00+00:00;1833332.965;-4.3125
2024-02-17 20:00:00+00:00;2101935.684;-4.3125
2024-02-17 21:00:00+00:00;2165876.859;-4.801875000000001
2024-02-17 22:00:00+00:00;2054950.698;-5.4
2024-02-17 23:00:00+00:00;1933813.948;-6.31683
2024-02-18 00:00:00+00:00;1823865.548;-7.15404175
2024-02-18 01:00:00+00:00;1737898.424;-7.8311452500000005
2024-02-18 02:00:00+00:00;1695576.688;-8.699995
2024-02-18 03:00:00+00:00;1684790.305;-9.074995
2024-02-18 04:00:00+00:00;1693977.585;-9.184395499999999
2024-02-18 05:00:00+00:00;1642949.807;-10.4725985
2024-02-18 06:00:00+00:00;1734379.197;-11.180995
2024-02-18 07:00:00+00:00;1780032.098;-10.370248749999998
2024-02-18 08:00:00+00:00;1759592.192;-8.862784000000001
2024-02-18 09:00:00+00:00;1712506.994;-7.339585
2024-02-18 10:00:00+00:00;1644079.547;-6.561441500000001
2024-02-18 11:00:00+00:00;1588305.975;-5.8875
2024-02-18 12:00:00+00:00;1566562.407;-5.8875
2024-02-18 13:00:00+00:00;1585170.247;-6.055304250000001
2024-02-18 14:00:00+00:00;1661521.274;-7.324945
2024-02-18 15:00:00+00:00;1806179.567;-8.65744525
2024-02-18 16:00:00+00:00;1969390.171;-10.011169
2024-02-18 17:00:00+00:00;2047005.637;-10.385000000000002
2024-02-18 18:00:00+00:00;2030196.906;-11.720949999999998
2024-02-18 19:00:00+00:00;1969083.565;-11.9164
2024-02-18 20:00:00+00:00;2228908.934;-10.151250000000001
2024-02-18 21:00:00+00:00;2289213.35;-9.7520485
2024-02-18 22:00:00+00:00;2190067.245;-9.012495
2024-02-18 23:00:00+00:00;2062658.949;-8.25923525
2024-02-19 00:00:00+00:00;1966111.057;-7.943695
2024-02-19 01:00:00+00:00;1886285.505;-7.1656450000000005
2024-02-19 02:00:00+00:00;1857015.941;-6.997535000000001
2024-02-19 03:00:00+00:00;1864588.304;-7.362495
2024-02-19 04:00:00+00:00;1901307.925;-7.362495
2024-02-19 05:00:00+00:00;1800791.906;-7.362495
2024-02-19 06:00:00+00:00;1765899.684;-7.362495
2024-02-19 07:00:00+00:00;1720126.354;-6.75062275
2024-02-19 08:00:00+00:00;1674023.604;-6.25
2024-02-19 09:00:00+00:00;1639247.885;-5.23688
2024-02-19 10:00:00+00:00;1593961.382;-4.946895
2024-02-19 11:00:00+00:00;1563260.716;-4.131195
2024-02-19 12:00:00+00:00;1563356.467;-4.131195
2024-02-19 13:00:00+00:00;1614422.104;-4.131195
2024-02-19 14:00:00+00:00;1689703.505;-4.131195
2024-02-19 15:00:00+00:00;1767094.852;-4.131195
2024-02-19 16:00:00+00:00;1830185.107;-4.131195
2024-02-19 17:00:00+00:00;1874326.944;-4.131195
2024-02-19 18:00:00+00:00;1867027.51;-4.131195
2024-02-19 19:00:00+00:00;1811730.071;-3.491784473684211
2024-02-19 20:00:00+00:00;2079583.517;-3.118795
2024-02-19 21:00:00+00:00;2110960.203;-3.118795
2024-02-19 22:00:00+00:00;1964366.411;-3.118795
2024-02-19 23:00:00+00:00;1827314.418;-3.118795
2024-02-20 00:00:00+00:00;1742433.748;-3.118795
2024-02-20 01:00:00+00:00;1686088.517;-2.50345775
2024-02-20 02:00:00+00:00;1655092.803;-1.867499
2024-02-20 03:00:00+00:00;1650196.165;-1.337495
2024-02-20 04:00:00+00:00;1684413.968;-1.337495
2024-02-20 05:00:00+00:00;1598645.97;-1.337495
2024-02-20 06:00:00+00:00;1573261.861;-1.337495
2024-02-20 07:00:00+00:00;1540536.808;-1.337495
2024-02-20 08:00:00+00:00;1514983.532;-1.27062025
2024-02-20 09:00:00+00:00;1491231.418;0.0
2024-02-20 10:00:00+00:00;1451960.28;0.0
2024-02-20 11:00:00+00:00;1426891.632;0.0
2024-02-20 12:00:00+00:00;1440497.504;0.0
2024-02-20 13:00:00+00:00;1491062.898;-0.35874825
2024-02-20 14:00:00+00:00;1577626.184;-1.024995
2024-02-20 15:00:00+00:00;1654321.427;-1.024995
2024-02-20 16:00:00+00:00;1735557.909;-2.0581199999999997
2024-02-20 17:00:00+00:00;1797214.863;-2.112495
2024-02-20 18:00:00+00:00;1796757.531;-2.112495
2024-02-20 19:00:00+00:00;1734541.057;-2.112495
2024-02-20 20:00:00+00:00;1990486.87;-2.112495
2024-02-20 21:00:00+00:00;2030864.625;-2.112495
2024-02-20 22:00:00+00:00;1913143.733;-1.64278725
2024-02-20 23:00:00+00:00;1746091.175;-1.0687
2024-02-21 00:00:00+00:00;1643981.48;-1.0687
2024-02-21 01:00:00+00:00;1567209.737;-1.0687
2024-02-21 02:00:00+00:00;1527764.667;-1.0624600000000002
2024-02-21 03:00:00+00:00;1531820.98;-1.0375
2024-02-21 04:00:00+00:00;1575882.908;-1.0375
2024-02-21 05:00:00+00:00;1499241.965;-0.250094
2024-02-21 06:00:00+00:00;1481081.504;0.0
2024-02-21 07:00:00+00:00;1464733.71;0.317213
2024-02-21 08:00:00+00:00;1448630.229;1.610045
2024-02-21 09:00:00+00:00;1443582.288;2.0937949999999996
2024-02-21 10:00:00+00:00;1425068.915;2.0937949999999996
2024-02-21 11:00:00+00:00;1412433.422;2.0937949999999996
2024-02-21 12:00:00+00:00;1423720.773;2.0937949999999996
2024-02-21 13:00:00+00:00;1474376.768;2.0937949999999996
2024-02-21 14:00:00+00:00;1562161.655;1.0044075
2024-02-21 15:00:00+00:00;1653494.745;0.96875
2024-02-21 16:00:00+00:00;1745086.422;0.96875
2024-02-21 17:00:00+00:00;1811489.257;0.96875
2024-02-21 18:00:00+00:00;1792799.913;0.96875
2024-02-21 19:00:00+00:00;1706517.814;0.96875
2024-02-21 20:00:00+00:00;1961785.532;0.96875
2024-02-21 21:00:00+00:00;1982378.988;0.96875
2024-02-21 22:00:00+00:00;1834689.253;0.528125
2024-02-21 23:00:00+00:00;1682247.625;-0.50625
2024-02-22 00:00:00+00:00;1596406.605;-0.525
2024-02-22 01:00:00+00:00;1521554.974;-0.525
2024-02-22 02:00:00+00:00;1467814.68;-0.5275000000000001
2024-02-22 03:00:00+00:00;1461438.62;-0.5375
2024-02-22 04:00:00+00:00;1498165.156;-0.5375
2024-02-22 05:00:00+00:00;1424115.497;-0.5375
2024-02-22 06:00:00+00:00;1411184.195;-0.5375
2024-02-22 07:00:00+00:00;1389265.179;0.1974965
2024-02-22 08:00:00+00:00;1374040.083;0.512495
2024-02-22 09:00:00+00:00;1365954.14;1.4462495
2024-02-22 10:00:00+00:00;1343553.581;2.5874949999999997
2024-02-22 11:00:00+00:00;1330340.212;3.17370275
2024-02-22 12:00:00+00:00;1349235.854;3.6438
2024-02-22 13:00:00+00:00;1396346.489;3.0619
2024-02-22 14:00:00+00:00;1475406.773;2.3828050000000003
2024-02-22 15:00:00+00:00;1555798.69;1.5062
2024-02-22 16:00:00+00:00;1637246.782;1.5062
2024-02-22 17:00:00+00:00;1704481.282;1.5062
2024-02-22 18:00:00+00:00;1703306.966;1.5062
2024-02-22 19:00:00+00:00;1630778.176;1.5062
2024-02-22 20:00:00+00:00;1901343.547;1.5062
2024-02-22 21:00:00+00:00;1923976.12;1.5062
2024-02-22 22:00:00+00:00;1771904.951;1.5062
2024-02-22 23:00:00+00:00;1616407.076;1.5062
2024-02-23 00:00:00+00:00;1516790.883;1.5062
2024-02-23 01:00:00+00:00;1456271.681;1.5062
2024-02-23 02:00:00+00:00;1440368.936;1.459325
2024-02-23 03:00:00+00:00;1432768.884;1.3187
2024-02-23 04:00:00+00:00;1459324.48;1.3187
2024-02-23 05:00:00+00:00;1381394.309;1.3187
2024-02-23 06:00:00+00:00;1382247.79;1.3187
2024-02-23 07:00:00+00:00;1379366.096;1.62059
2024-02-23 08:00:00+00:00;1381358.747;2.325
2024-02-23 09:00:00+00:00;1395070.031;2.92659
2024-02-23 10:00:00+00:00;1387389.462;3.4188
2024-02-23 11:00:00+00:00;1383857.484;4.9312309999999995
2024-02-23 12:00:00+00:00;1404679.382;3.771741
2024-02-23 13:00:00+00:00;1465951.433;3.493795
2024-02-23 14:00:00+00:00;1537411.643;3.493795
2024-02-23 15:00:00+00:00;1607038.003;2.4981295
2024-02-23 16:00:00+00:00;1688695.312;2.3875
2024-02-23 17:00:00+00:00;1736491.362;2.3875
2024-02-23 18:00:00+00:00;1702816.733;2.3875
2024-02-23 19:00:00+00:00;1639560.773;2.3875
2024-02-23 20:00:00+00:00;1922269.537;2.3875
2024-02-23 21:00:00+00:00;1941812.574;2.3875
2024-02-23 22:00:00+00:00;1772235.228;2.3875
2024-02-23 23:00:00+00:00;1583771.342;2.3875
2024-02-24 00:00:00+00:00;1461279.81;2.3875
2024-02-24 01:00:00+00:00;1378679.048;2.3875
2024-02-24 02:00:00+00:00;1328299.147;2.33410425
2024-02-24 03:00:00+00:00;1312671.575;2.112495
2024-02-24 04:00:00+00:00;1318289.796;2.112495
2024-02-24 05:00:00+00:00;1281067.65;2.112495
2024-02-24 06:00:00+00:00;1352854.008;2.112495
2024-02-24 07:00:00+00:00;1392195.02;2.2690650000000003
2024-02-24 08:00:00+00:00;1399421.327;3.1562949999999996
2024-02-24 09:00:00+00:00;1391860.594;3.1562949999999996
2024-02-24 10:00:00+00:00;1371259.482;3.7372077500000005
2024-02-24 11:00:00+00:00;1359256.399;4.2125
2024-02-24 12:00:00+00:00;1367529.981;4.2125
2024-02-24 13:00:00+00:00;1410472.252;4.2125
2024-02-24 14:00:00+00:00;1488099.877;4.0075
2024-02-24 15:00:00+00:00;1612488.058;3.1875
2024-02-24 16:00:00+00:00;1750153.077;2.8992750000000003
2024-02-24 17:00:00+00:00;1766960.395;2.1438
2024-02-24 18:00:00+00:00;1668889.56;2.1438
2024-02-24 19:00:00+00:00;1559458.358;2.1438
2024-02-24 20:00:00+00:00;1812339.331;2.1438
2024-02-24 21:00:00+00:00;1847056.096;1.219425
2024-02-24 22:00:00+00:00;1694911.94;1.0563
2024-02-24 23:00:00+00:00;1533843.163;1.0563
2024-02-25 00:00:00+00:00;1425207.304;1.0563
2024-02-25 01:00:00+00:00;1353534.844;1.0563
2024-02-25 02:00:00+00:00;1314724.505;0.9844125
2024-02-25 03:00:00+00:00;1297882.227;0.76875
2024-02-25 04:00:00+00:00;1302602.016;0.76875
2024-02-25 05:00:00+00:00;1250562.51;0.76875
2024-02-25 06:00:00+00:00;1321951.099;0.76875
2024-02-25 07:00:00+00:00;1379177.027;0.76875
2024-02-25 08:00:00+00:00;1410645.557;1.6037500000000002
2024-02-25 09:00:00+00:00;1428343.549;2.38999725
2024-02-25 10:00:00+00:00;1421922.883;3.1249962499999997
2024-02-25 11:00:00+00:00;1422259.423;3.9125
2024-02-25 12:00:00+00:00;1416298.749;3.9125
2024-02-25 13:00:00+00:00;1429291.49;3.9125
2024-02-25 14:00:00+00:00;1465553.65;3.9125
2024-02-25 15:00:00+00:00;1534946.708;3.9125
2024-02-25 16:00:00+00:00;1656819.086;3.9125
2024-02-25 17:00:00+00:00;1703375.108;3.9125
2024-02-25 18:00:00+00:00;1648480.019;3.691259
2024-02-25 19:00:00+00:00;1555534.971;2.806295
2024-02-25 20:00:00+00:00;1808747.115;2.806295
2024-02-25 21:00:00+00:00;1838177.052;2.806295
2024-02-25 22:00:00+00:00;1702575.94;2.806295
2024-02-25 23:00:00+00:00;1572604.84;2.806295
2024-02-26 00:00:00+00:00;1459522.582;2.806295
2024-02-26 01:00:00+00:00;1383963.647;2.806295
2024-02-26 02:00:00+00:00;1348373.698;2.6867312500000002
2024-02-26 03:00:00+00:00;1352271.293;2.2562
2024-02-26 04:00:00+00:00;1397841.784;2.2562
2024-02-26 05:00:00+00:00;1347376.578;2.2562
2024-02-26 06:00:00+00:00;1347137.194;2.2562
2024-02-26 07:00:00+00:00;1331972.544;2.2562
2024-02-26 08:00:00+00:00;1319676.734;2.65438675
2024-02-26 09:00:00+00:00;1312482.346;2.92285525
2024-02-26 10:00:00+00:00;1292479.086;3.95
2024-02-26 11:00:00+00:00;1277754.587;3.95
2024-02-26 12:00:00+00:00;1286850.818;3.95
2024-02-26 13:00:00+00:00;1333798.01;3.95
2024-02-26 14:00:00+00:00;1416902.021;3.696465
2024-02-26 15:00:00+00:00;1489286.754;2.95
2024-02-26 16:00:00+00:00;1562183.665;2.95
2024-02-26 17:00:00+00:00;1624387.934;2.95
2024-02-26 18:00:00+00:00;1623664.712;2.527518
2024-02-26 19:00:00+00:00;1569882.557;1.8937950000000001
2024-02-26 20:00:00+00:00;1828928.041;1.8937950000000001
2024-02-26 21:00:00+00:00;1844789.546;1.8412927499999998
2024-02-26 22:00:00+00:00;1695609.832;0.84375
2024-02-26 23:00:00+00:00;1548890.852;0.84375
2024-02-27 00:00:00+00:00;1468943.009;0.84375
2024-02-27 01:00:00+00:00;1416229.476;0.84375
2024-02-27 02:00:00+00:00;1381312.851;0.6328125
2024-02-27 03:00:00+00:00;1385152.187;0.0
2024-02-27 04:00:00+00:00;1435757.381;0.0
2024-02-27 05:00:00+00:00;1376229.871;0.0
2024-02-27 06:00:00+00:00;1371230.612;0.0
2024-02-27 07:00:00+00:00;1353343.449;0.0
2024-02-27 08:00:00+00:00;1339133.65;0.0
2024-02-27 09:00:00+00:00;1334621.62;0.0
2024-02-27 10:00:00+00:00;1317395.065;0.686492
2024-02-27 11:00:00+00:00;1296394.466;1.0
2024-02-27 12:00:00+00:00;1309498.647;1.0
2024-02-27 13:00:00+00:00;1359393.816;1.0
2024-02-27 14:00:00+00:00;1453705.256;1.0
2024-02-27 15:00:00+00:00;1545283.677;0.2
2024-02-27 16:00:00+00:00;1645551.864;-0.9856250000000001
2024-02-27 17:00:00+00:00;1722545.831;-1.49961275
2024-02-27 18:00:00+00:00;1747869.197;-2.0874949999999997
2024-02-27 19:00:00+00:00;1691209.987;-2.0874949999999997
2024-02-27 20:00:00+00:00;1954489.142;-2.0874949999999997
2024-02-27 21:00:00+00:00;1984645.461;-2.8399985
2024-02-27 22:00:00+00:00;1846280.122;-3.1625
2024-02-27 23:00:00+00:00;1715363.707;-3.1625
2024-02-28 00:00:00+00:00;1627698.33;-3.1625
2024-02-28 01:00:00+00:00;1564726.187;-3.1625
2024-02-28 02:00:00+00:00;1517911.238;-2.44437375
2024-02-28 03:00:00+00:00;1510884.357;-2.018695
2024-02-28 04:00:00+00:00;1556207.263;-2.018695
2024-02-28 05:00:00+00:00;1490630.508;-1.54903225
2024-02-28 06:00:00+00:00;1482786.321;-0.975
2024-02-28 07:00:00+00:00;1460704.131;-0.2086035
2024-02-28 08:00:00+00:00;1444389.676;0.8231249999999999
2024-02-28 09:00:00+00:00;1433698.001;1.5625
2024-02-28 10:00:00+00:00;1406809.626;1.5625
2024-02-28 11:00:00+00:00;1391146.407;1.59757
2024-02-28 12:00:00+00:00;1401659.113;2.424995
2024-02-28 13:00:00+00:00;1449443.905;2.424995
2024-02-28 14:00:00+00:00;1534889.521;2.10670243902439
2024-02-28 15:00:00+00:00;1622174.089;1.337495
2024-02-28 16:00:00+00:00;1730509.066;1.29496675
2024-02-28 17:00:00+00:00;1809464.159;0.0
2024-02-28 18:00:00+00:00;1791766.214;0.0
2024-02-28 19:00:00+00:00;1700338.048;0.0
2024-02-28 20:00:00+00:00;1946322.754;0.0
2024-02-28 21:00:00+00:00;1967610.01;0.0
2024-02-28 22:00:00+00:00;1828556.128;0.0
2024-02-28 23:00:00+00:00;1650089.436;0.0
2024-02-29 00:00:00+00:00;1544932.169;0.0
2024-02-29 01:00:00+00:00;1479747.717;0.0
2024-02-29 02:00:00+00:00;1447759.007;0.0
2024-02-29 03:00:00+00:00;1447746.678;0.0
2024-02-29 04:00:00+00:00;1485463.385;0.0
2024-02-29 05:00:00+00:00;1419927.034;0.0
2024-02-29 06:00:00+00:00;1407919.814;0.0
2024-02-29 07:00:00+00:00;1383583.858;1.0563
2024-02-29 08:00:00+00:00;1361452.559;1.16067
2024-02-29 09:00:00+00:00;1348203.423;2.1
2024-02-29 10:00:00+00:00;1331895.942;2.1
2024-02-29 11:00:00+00:00;1322051.702;3.06187025
2024-02-29 12:00:00+00:00;1337297.641;3.112495
2024-02-29 13:00:00+00:00;1390992.606;3.112495
2024-02-29 14:00:00+00:00;1477882.78;3.07905525
2024-02-29 15:00:00+00:00;1548954.626;2.0
2024-02-29 16:00:00+00:00;1641820.892;2.0
2024-02-29 17:00:00+00:00;1724302.303;2.0
2024-02-29 18:00:00+00:00;1741162.941;2.0
2024-02-29 19:00:00+00:00;1679398.647;2.0
2024-02-29 20:00:00+00:00;1958278.717;2.0
2024-02-29 21:00:00+00:00;1999235.308;2.0
2024-02-29 22:00:00+00:00;1865772.781;2.0
2024-02-29 23:00:00+00:00;1693968.114;2.0
2024-03-01 00:00:00+00:00;1573243.359;2.0
2024-03-01 01:00:00+00:00;1486251.777;2.0
2024-03-01 02:00:00+00:00;1439995.448;1.95517
2024-03-01 03:00:00+00:00;1436609.387;1.8438000000000003
2024-03-01 04:00:00+00:00;1466721.676;1.8438000000000003
2024-03-01 05:00:00+00:00;1411009.817;1.8438000000000003
2024-03-01 06:00:00+00:00;1413624.845;1.8438000000000003
2024-03-01 07:00:00+00:00;1398900.716;1.8438000000000003
2024-03-01 08:00:00+00:00;1385519.973;1.8438000000000003
2024-03-01 09:00:00+00:00;1378143.612;2.10784875
2024-03-01 10:00:00+00:00;1351416.965;2.8999949999999997
2024-03-01 11:00:00+00:00;1357424.23;2.8999949999999997
2024-03-01 12:00:00+00:00;1369488.861;2.8999949999999997
2024-03-01 13:00:00+00:00;1417941.397;2.8999949999999997
2024-03-01 14:00:00+00:00;1498282.221;3.207495
2024-03-01 15:00:00+00:00;1589322.327;3.924995
2024-03-01 16:00:00+00:00;1709668.517;2.92520975
2024-03-01 17:00:00+00:00;1781007.357;2.8313
2024-03-01 18:00:00+00:00;1750210.434;2.8313
2024-03-01 19:00:00+00:00;1687732.859;2.8313
2024-03-01 20:00:00+00:00;1978575.29;2.8313
2024-03-01 21:00:00+00:00;2001539.681;2.8313
2024-03-01 22:00:00+00:00;1851365.437;2.8313
2024-03-01 23:00:00+00:00;1662562.886;2.3582
2024-03-02 00:00:00+00:00;1538282.553;1.7813000000000003
2024-03-02 01:00:00+00:00;1457781.038;1.7813000000000003
2024-03-02 02:00:00+00:00;1411485.445;1.7363
2024-03-02 03:00:00+00:00;1393890.234;1.5563
2024-03-02 04:00:00+00:00;1399864.086;1.5563
2024-03-02 05:00:00+00:00;1361207.402;1.5563
2024-03-02 06:00:00+00:00;1429072.64;1.5563
2024-03-02 07:00:00+00:00;1471220.586;1.5563
2024-03-02 08:00:00+00:00;1486336.068;1.6644200000000002
2024-03-02 09:00:00+00:00;1497587.435;2.6375
2024-03-02 10:00:00+00:00;1489050.568;2.6375
2024-03-02 11:00:00+00:00;1467553.907;2.6375
2024-03-02 12:00:00+00:00;1462092.998;2.6375
2024-03-02 13:00:00+00:00;1495302.115;2.6375
2024-03-02 14:00:00+00:00;1563952.151;2.6375
2024-03-02 15:00:00+00:00;1678469.916;2.6375
2024-03-02 16:00:00+00:00;1821889.353;2.6375
2024-03-02 17:00:00+00:00;1857050.177;2.6375
2024-03-02 18:00:00+00:00;1757503.552;2.6375
2024-03-02 19:00:00+00:00;1650488.268;2.6375
2024-03-02 20:00:00+00:00;1925949.482;1.76098
2024-03-02 21:00:00+00:00;1952823.679;1.6063000000000003
2024-03-02 22:00:00+00:00;1840554.163;1.6063000000000003
2024-03-02 23:00:00+00:00;1654684.08;1.6063000000000003
2024-03-03 00:00:00+00:00;1521826.769;1.6063000000000003
2024-03-03 01:00:00+00:00;1431193.265;1.6063000000000003
2024-03-03 02:00:00+00:00;1379507.438;1.4391
2024-03-03 03:00:00+00:00;1358851.906;0.9375
2024-03-03 04:00:00+00:00;1360581.313;0.9375
2024-03-03 05:00:00+00:00;1315256.404;0.9375
2024-03-03 06:00:00+00:00;1382481.737;0.9375
2024-03-03 07:00:00+00:00;1435488.462;0.9375
2024-03-03 08:00:00+00:00;1460407.3;0.9375
2024-03-03 09:00:00+00:00;1463677.392;1.272745
2024-03-03 10:00:00+00:00;1435589.105;2.3092585
2024-03-03 11:00:00+00:00;1392914.809;2.7137465
2024-03-03 12:00:00+00:00;1370924.157;1.9875
2024-03-03 13:00:00+00:00;1383610.869;1.9875
2024-03-03 14:00:00+00:00;1434114.478;1.9875
2024-03-03 15:00:00+00:00;1538738.749;1.9875
2024-03-03 16:00:00+00:00;1667112.824;1.9875
2024-03-03 17:00:00+00:00;1735325.971;1.9875
2024-03-03 18:00:00+00:00;1693842.621;1.9875
2024-03-03 19:00:00+00:00;1609110.684;1.9875
2024-03-03 20:00:00+00:00;1862045.278;1.9875
2024-03-03 21:00:00+00:00;1890028.832;1.9875
2024-03-03 22:00:00+00:00;1766651.03;1.9875
2024-03-03 23:00:00+00:00;1596598.408;1.9875
2024-03-04 00:00:00+00:00;1504960.338;1.0196875
2024-03-04 01:00:00+00:00;1478224.718;0.96875
2024-03-04 02:00:00+00:00;1452460.932;1.0625149999999999
2024-03-04 03:00:00+00:00;1452487.653;1.2813
2024-03-04 04:00:00+00:00;1490443.245;1.2813
2024-03-04 05:00:00+00:00;1437930.358;1.2813
2024-03-04 06:00:00+00:00;1422760.205;1.3177750000000001
2024-03-04 07:00:00+00:00;1390877.535;2.368795
2024-03-04 08:00:00+00:00;1362012.072;2.832835
2024-03-04 09:00:00+00:00;1345701.632;3.66092
2024-03-04 10:00:00+00:00;1313389.843;4.443695
2024-03-04 11:00:00+00:00;1279642.511;4.443695
2024-03-04 12:00:00+00:00;1276643.219;4.443695
2024-03-04 13:00:00+00:00;1319270.006;4.443695
2024-03-04 14:00:00+00:00;1400931.147;4.443695
2024-03-04 15:00:00+00:00;1483897.049;2.61580125
2024-03-04 16:00:00+00:00;1582677.665;0.2475
2024-03-04 17:00:00+00:00;1662150.639;-0.5356095000000001
2024-03-04 18:00:00+00:00;1670361.608;-1.0375
2024-03-04 19:00:00+00:00;1629654.068;-1.0375
2024-03-04 20:00:00+00:00;1902883.129;-1.99375
2024-03-04 21:00:00+00:00;1917579.81;-2.1
2024-03-04 22:00:00+00:00;1772289.68;-2.84602
2024-03-04 23:00:00+00:00;1645096.204;-3.2987500000000005
2024-03-05 00:00:00+00:00;1586823.885;-4.2125
2024-03-05 01:00:00+00:00;1544226.317;-4.9305065
2024-03-05 02:00:00+00:00;1522852.534;-5.417496
2024-03-05 03:00:00+00:00;1530851.663;-5.9375
2024-03-05 04:00:00+00:00;1587354.537;-5.9375
2024-03-05 05:00:00+00:00;1539960.552;-5.9375
2024-03-05 06:00:00+00:00;1498612.814;-5.4218975
2024-03-05 07:00:00+00:00;1413655.655;-4.43096225
2024-03-05 08:00:00+00:00;1337182.85;-3.1
2024-03-05 09:00:00+00:00;1279992.327;-1.97301675
2024-03-05 10:00:00+00:00;1230500.454;-0.7
2024-03-05 11:00:00+00:00;1187353.44;-0.7
2024-03-05 12:00:00+00:00;1185421.556;-0.7
2024-03-05 13:00:00+00:00;1238548.89;-0.7
2024-03-05 14:00:00+00:00;1333088.802;-0.7
2024-03-05 15:00:00+00:00;1452184.65;-0.7
2024-03-05 16:00:00+00:00;1597032.208;-0.7
2024-03-05 17:00:00+00:00;1722728.255;-0.7
2024-03-05 18:00:00+00:00;1751329.392;-1.504952
2024-03-05 19:00:00+00:00;1710187.207;-1.70619
2024-03-05 20:00:00+00:00;1993919.866;-1.70619
2024-03-05 21:00:00+00:00;2038454.702;-1.70619
2024-03-05 22:00:00+00:00;1915180.342;-1.70619
2024-03-05 23:00:00+00:00;1819109.637;-1.70619
2024-03-06 00:00:00+00:00;1754540.597;-1.70619
2024-03-06 01:00:00+00:00;1716144.682;-1.70619
2024-03-06 02:00:00+00:00;1691856.884;-2.0510405
2024-03-06 03:00:00+00:00;1712589.292;-2.64999
2024-03-06 04:00:00+00:00;1776360.86;-2.64999
2024-03-06 05:00:00+00:00;1714625.783;-2.64999
2024-03-06 06:00:00+00:00;1656792.945;-2.599675
2024-03-06 07:00:00+00:00;1555677.557;-1.64369
2024-03-06 08:00:00+00:00;1460796.831;-0.7687380000000001
2024-03-06 09:00:00+00:00;1395832.959;-0.55
2024-03-06 10:00:00+00:00;1320141.326;-0.13000000000000003
2024-03-06 11:00:00+00:00;1275254.946;0.5
2024-03-06 12:00:00+00:00;1276678.102;0.3490625
2024-03-06 13:00:00+00:00;1325285.182;-0.9675225000000001
2024-03-06 14:00:00+00:00;1420333.055;-1.5313
2024-03-06 15:00:00+00:00;1530745.334;-2.242205
2024-03-06 16:00:00+00:00;1677297.316;-2.625
2024-03-06 17:00:00+00:00;1796597.478;-2.625
2024-03-06 18:00:00+00:00;1804456.781;-2.625
2024-03-06 19:00:00+00:00;1748167.987;-2.625
2024-03-06 20:00:00+00:00;2033829.951;-2.7834434999999997
2024-03-06 21:00:00+00:00;2069316.942;-3.6812899999999997
2024-03-06 22:00:00+00:00;1928289.004;-3.6812899999999997
2024-03-06 23:00:00+00:00;1788258.713;-3.6812899999999997
2024-03-07 00:00:00+00:00;1706471.068;-3.6812899999999997
2024-03-07 01:00:00+00:00;1660361.334;-3.6812899999999997
2024-03-07 02:00:00+00:00;1644026.155;-3.756265
2024-03-07 03:00:00+00:00;1651058.247;-3.9811899999999993
2024-03-07 04:00:00+00:00;1693841.435;-3.9811899999999993
2024-03-07 05:00:00+00:00;1620779.743;-3.9811899999999993
2024-03-07 06:00:00+00:00;1590000.688;-3.9811899999999993
2024-03-07 07:00:00+00:00;1559621.498;-3.9811899999999993
2024-03-07 08:00:00+00:00;1546983.965;-3.6164955
2024-03-07 09:00:00+00:00;1515642.877;-2.92499
2024-03-07 10:00:00+00:00;1478577.232;-2.92499
2024-03-07 11:00:00+00:00;1446569.258;-2.6662445000000004
2024-03-07 12:00:00+00:00;1448535.332;-2.35
2024-03-07 13:00:00+00:00;1498833.704;-2.35
2024-03-07 14:00:00+00:00;1564105.094;-2.35
2024-03-07 15:00:00+00:00;1646064.355;-3.4375
2024-03-07 16:00:00+00:00;1761873.528;-3.4375
2024-03-07 17:00:00+00:00;1867906.279;-3.4375
2024-03-07 18:00:00+00:00;1892224.071;-3.4375
2024-03-07 19:00:00+00:00;1855340.0;-3.4375
2024-03-07 20:00:00+00:00;2137439.472;-3.4375
2024-03-07 21:00:00+00:00;2165938.938;-3.4375
2024-03-07 22:00:00+00:00;2016165.821;-3.4375
2024-03-07 23:00:00+00:00;1882696.151;-3.4375
2024-03-08 00:00:00+00:00;1791818.998;-3.4375
2024-03-08 01:00:00+00:00;1724075.527;-3.4375
2024-03-08 02:00:00+00:00;1686118.223;-3.6672015
2024-03-08 03:00:00+00:00;1675746.161;-4.09379
2024-03-08 04:00:00+00:00;1716579.264;-4.09379
2024-03-08 05:00:00+00:00;1649720.662;-4.09379
2024-03-08 06:00:00+00:00;1634586.997;-3.1436245
2024-03-08 07:00:00+00:00;1601016.376;-2.10625
2024-03-08 08:00:00+00:00;1570734.572;-0.8712500000000001
2024-03-08 09:00:00+00:00;1555001.449;0.50625
2024-03-08 10:00:00+00:00;1515446.819;0.750062
2024-03-08 11:00:00+00:00;1495557.251;1.5563
2024-03-08 12:00:00+00:00;1510665.93;1.5563
2024-03-08 13:00:00+00:00;1564004.537;1.5563
2024-03-08 14:00:00+00:00;1651770.643;0.7922
2024-03-08 15:00:00+00:00;1724686.867;0.5375
2024-03-08 16:00:00+00:00;1819569.421;0.5375
2024-03-08 17:00:00+00:00;1893023.502;0.5375
2024-03-08 18:00:00+00:00;1871384.313;0.09712849999999998
2024-03-08 19:00:00+00:00;1840967.471;-0.525
2024-03-08 20:00:00+00:00;2107192.284;-0.525
2024-03-08 21:00:00+00:00;2137910.673;-0.525
2024-03-08 22:00:00+00:00;1979163.433;-0.525
2024-03-08 23:00:00+00:00;1809628.047;
2024-03-09 00:00:00+00:00;1717314.785;
2024-03-09 01:00:00+00:00;1646960.441;-1.58749
2024-03-09 02:00:00+00:00;1611218.236;-1.71874
2024-03-09 03:00:00+00:00;1581282.912;-1.96249
2024-03-09 04:00:00+00:00;1572082.33;-1.96249
2024-03-09 05:00:00+00:00;1528554.729;-1.96249
2024-03-09 06:00:00+00:00;1599600.865;-1.96249
2024-03-09 07:00:00+00:00;1618566.62;-1.0507765
2024-03-09 08:00:00+00:00;1618658.147;-0.94375
2024-03-09 09:00:00+00:00;1598191.974;0.51249
2024-03-09 10:00:00+00:00;1574720.567;0.51249
2024-03-09 11:00:00+00:00;1553527.572;0.51249
2024-03-09 12:00:00+00:00;1547980.101;1.22124
2024-03-09 13:00:00+00:00;1586868.767;1.52499
2024-03-09 14:00:00+00:00;1672590.375;1.0737450000000002
2024-03-09 15:00:00+00:00;1797073.05;-0.38239300000000004
2024-03-09 16:00:00+00:00;1910037.39;-1.0375
2024-03-09 17:00:00+00:00;1947848.718;-1.0375
2024-03-09 18:00:00+00:00;1906168.086;-1.0375
2024-03-09 19:00:00+00:00;1834593.121;-1.0375
2024-03-09 20:00:00+00:00;2133448.902;-1.0375
2024-03-09 21:00:00+00:00;2182564.645;-1.0375
2024-03-09 22:00:00+00:00;2032058.31;-1.0375
2024-03-09 23:00:00+00:00;1866883.806;-1.0375
2024-03-10 00:00:00+00:00;1775339.205;-0.41500000000000004
2024-03-10 01:00:00+00:00;1718459.638;0.0
2024-03-10 02:00:00+00:00;1687253.672;-0.18375000000000002
2024-03-10 03:00:00+00:00;1673571.743;-0.525
2024-03-10 04:00:00+00:00;1673587.404;-0.525
2024-03-10 05:00:00+00:00;1622654.722;-0.525
2024-03-10 06:00:00+00:00;1655138.897;-0.421875
2024-03-10 07:00:00+00:00;1641205.738;0.50625
2024-03-10 08:00:00+00:00;1599077.065;1.534939
2024-03-10 09:00:00+00:00;1552739.702;1.58129
2024-03-10 10:00:00+00:00;1495835.184;2.4578100000000003
2024-03-10 11:00:00+00:00;1445689.819;3.6337494999999995
2024-03-10 12:00:00+00:00;1420712.678;3.6875
2024-03-10 13:00:00+00:00;1435233.947;3.6875
2024-03-10 14:00:00+00:00;1476279.889;3.4508045000000003
2024-03-10 15:00:00+00:00;1568304.528;1.6949650000000003
2024-03-10 16:00:00+00:00;1739980.899;-0.18937500000000002
2024-03-10 17:00:00+00:00;1854747.743;-0.525
2024-03-10 18:00:00+00:00;1829465.148;-1.0406499999999999
2024-03-10 19:00:00+00:00;1747851.374;-1.5563
2024-03-10 20:00:00+00:00;2009332.511;-1.5563
2024-03-10 21:00:00+00:00;2062848.229;-1.5563
2024-03-10 22:00:00+00:00;1935277.54;-1.9194215
2024-03-10 23:00:00+00:00;1833626.98;-2.59379
2024-03-11 00:00:00+00:00;1768338.334;-2.59379
2024-03-11 01:00:00+00:00;1699544.61;-2.81129
2024-03-11 02:00:00+00:00;1666632.747;-3.6878385000000002
2024-03-11 03:00:00+00:00;1672960.627;-3.7
2024-03-11 04:00:00+00:00;1733867.964;-3.7
2024-03-11 05:00:00+00:00;1665653.28;-3.7
2024-03-11 06:00:00+00:00;1601240.891;-3.7
2024-03-11 07:00:00+00:00;1499168.458;-3.7
2024-03-11 08:00:00+00:00;1401781.089;-2.7774910000000004
2024-03-11 09:00:00+00:00;1329352.595;-2.67499
2024-03-11 10:00:00+00:00;1265079.403;-2.5677315
2024-03-11 11:00:00+00:00;1225420.539;-1.6563000000000003
2024-03-11 12:00:00+00:00;1218263.74;-1.6563000000000003
2024-03-11 13:00:00+00:00;1275956.792;-1.6563000000000003
2024-03-11 14:00:00+00:00;1371732.322;-1.6563000000000003
2024-03-11 15:00:00+00:00;1461472.118;-1.6563000000000003
2024-03-11 16:00:00+00:00;1592049.196;-1.6563000000000003
2024-03-11 17:00:00+00:00;1725794.526;-1.6563000000000003
2024-03-11 18:00:00+00:00;1770347.847;-1.6563000000000003
2024-03-11 19:00:00+00:00;1734402.899;-1.6563000000000003
2024-03-11 20:00:00+00:00;2029356.006;-1.6563000000000003
2024-03-11 21:00:00+00:00;2097203.531;-1.6563000000000003
2024-03-11 22:00:00+00:00;1983945.867;-1.6563000000000003
2024-03-11 23:00:00+00:00;1836659.335;-1.6563000000000003
2024-03-12 00:00:00+00:00;1772222.318;-1.6563000000000003
2024-03-12 01:00:00+00:00;1726604.444;-1.6563000000000003
2024-03-12 02:00:00+00:00;1720391.345;-1.951595
2024-03-12 03:00:00+00:00;1750044.914;-2.5
2024-03-12 04:00:00+00:00;1831119.744;-2.5
2024-03-12 05:00:00+00:00;1758197.005;-2.5
2024-03-12 06:00:00+00:00;1668961.992;-2.5
2024-03-12 07:00:00+00:00;1539909.07;-1.9860955
2024-03-12 08:00:00+00:00;1428450.124;-1.456193076923077
2024-03-12 09:00:00+00:00;1341427.084;-1.4561942857142858
2024-03-12 10:00:00+00:00;1265822.716;-1.4561942857142858
2024-03-12 11:00:00+00:00;1211535.156;-0.6760900000000001
2024-03-12 12:00:00+00:00;1201172.821;0.0
2024-03-12 13:00:00+00:00;1251896.004;0.0
2024-03-12 14:00:00+00:00;1353387.779;0.0
2024-03-12 15:00:00+00:00;1461150.939;-0.47855749999999997
2024-03-12 16:00:00+00:00;1609058.679;-2.781690714285714
2024-03-12 17:00:00+00:00;1753646.37;-3.2749942857142855
2024-03-12 18:00:00+00:00;1779172.576;-3.2749942857142855
2024-03-12 19:00:00+00:00;1741585.074;-3.614487142857143
2024-03-12 20:00:00+00:00;2025105.523;-4.331194285714286
2024-03-12 21:00:00+00:00;2072031.785;-4.331194285714286
2024-03-12 22:00:00+00:00;1938205.781;-4.331194285714286
2024-03-12 23:00:00+00:00;1804827.61;-4.331194285714286
2024-03-13 00:00:00+00:00;1731723.32;-4.331194285714286
2024-03-13 01:00:00+00:00;1690989.649;-4.331194285714286
2024-03-13 02:00:00+00:00;1684119.396;-4.151286071428571
2024-03-13 03:00:00+00:00;1703350.089;-3.9437
2024-03-13 04:00:00+00:00;1768191.338;-3.9437
2024-03-13 05:00:00+00:00;1679037.04;-3.9437
2024-03-13 06:00:00+00:00;1602898.94;-3.9437
2024-03-13 07:00:00+00:00;1513385.087;-3.470729642857143
2024-03-13 08:00:00+00:00;1450007.604;-2.180626785714286
2024-03-13 09:00:00+00:00;1415366.469;-1.307119642857143
2024-03-13 10:00:00+00:00;1384554.227;-0.83125
2024-03-13 11:00:00+00:00;1369611.317;-0.83125
2024-03-13 12:00:00+00:00;1381916.378;-0.83125
2024-03-13 13:00:00+00:00;1436863.948;-1.7353125000000003
2024-03-13 14:00:00+00:00;1540367.303;-1.8438
2024-03-13 15:00:00+00:00;1616966.262;-2.8321875
2024-03-13 16:00:00+00:00;1704803.757;-2.868794285714286
2024-03-13 17:00:00+00:00;1808661.784;-2.868794285714286
2024-03-13 18:00:00+00:00;1814049.57;-2.868794285714286
2024-03-13 19:00:00+00:00;1739117.996;-2.868794285714286
2024-03-13 20:00:00+00:00;1997163.52;-3.8341564285714287
2024-03-13 21:00:00+00:00;2014571.825;-3.95
2024-03-13 22:00:00+00:00;1872501.74;-3.95
2024-03-13 23:00:00+00:00;1678572.083;-3.95
2024-03-14 00:00:00+00:00;1571911.299;-3.95
2024-03-14 01:00:00+00:00;1505866.05;-3.7317060714285715
2024-03-14 02:00:00+00:00;1484485.612;-2.8181039285714284
2024-03-14 03:00:00+00:00;1474801.915;-2.6875
2024-03-14 04:00:00+00:00;1513548.298;-1.9450107142857145
2024-03-14 05:00:00+00:00;1440725.616;-1.2207539285714286
2024-03-14 06:00:00+00:00;1412032.51;-0.19008071428571424
2024-03-14 07:00:00+00:00;1385150.879;0.5124942857142857
2024-03-14 08:00:00+00:00;1378466.777;0.5124942857142857
2024-03-14 09:00:00+00:00;1378986.316;1.4241371428571428
2024-03-14 10:00:00+00:00;1364484.684;2.618794285714286
2024-03-14 11:00:00+00:00;1351243.484;2.618794285714286
2024-03-14 12:00:00+00:00;1361560.441;2.618794285714286
2024-03-14 13:00:00+00:00;1414679.847;2.6062942857142857
2024-03-14 14:00:00+00:00;1496705.355;2.2688
2024-03-14 15:00:00+00:00;1565163.669;2.2688
2024-03-14 16:00:00+00:00;1645595.332;2.2688
2024-03-14 17:00:00+00:00;1731349.612;2.2688
2024-03-14 18:00:00+00:00;1729448.322;2.2688
2024-03-14 19:00:00+00:00;1643318.03;2.2688
2024-03-14 20:00:00+00:00;1916125.609;2.2688
2024-03-14 21:00:00+00:00;1939776.037;2.2688
2024-03-14 22:00:00+00:00;1790397.901;2.2688
2024-03-14 23:00:00+00:00;1624548.262;2.2688
2024-03-15 00:00:00+00:00;1496570.955;2.2688
2024-03-15 01:00:00+00:00;1405405.76;1.751982142857143
2024-03-15 02:00:00+00:00;1352381.885;1.3174607142857142
2024-03-15 03:00:00+00:00;1345092.817;1.4313
2024-03-15 04:00:00+00:00;1390719.096;1.4313
2024-03-15 05:00:00+00:00;1326720.022;1.8364121428571427
2024-03-15 06:00:00+00:00;1292979.485;2.8922014285714286
2024-03-15 07:00:00+00:00;1246911.945;3.556294285714286
2024-03-15 08:00:00+00:00;1213833.555;3.556294285714286
2024-03-15 09:00:00+00:00;1199114.063;3.556294285714286
2024-03-15 10:00:00+00:00;1181512.658;3.556294285714286
2024-03-15 11:00:00+00:00;1169209.909;3.556294285714286
2024-03-15 12:00:00+00:00;1188195.223;3.556294444444444
2024-03-15 13:00:00+00:00;1240821.29;3.5107589285714282
2024-03-15 14:00:00+00:00;1323427.925;2.9188
2024-03-15 15:00:00+00:00;1412719.312;1.9182571428571429
2024-03-15 16:00:00+00:00;1519081.626;1.8812
2024-03-15 17:00:00+00:00;1600534.747;1.8812
2024-03-15 18:00:00+00:00;1583119.234;1.5776960714285715
2024-03-15 19:00:00+00:00;1506187.995;1.4562942857142858
2024-03-15 20:00:00+00:00;1783808.825;1.4562942857142858
2024-03-15 21:00:00+00:00;1799942.728;1.4562942857142858
2024-03-15 22:00:00+00:00;1625506.464;1.4562944444444443
2024-03-15 23:00:00+00:00;1451451.071;1.4562942857142858
2024-03-16 00:00:00+00:00;1340020.623;1.4562942857142858
2024-03-16 01:00:00+00:00;1273377.554;0.9222942857142857
2024-03-16 02:00:00+00:00;1237262.684;0.0
2024-03-16 03:00:00+00:00;1234500.979;0.0
2024-03-16 04:00:00+00:00;1252244.749;-1.018575
2024-03-16 05:00:00+00:00;1218904.847;-1.0563
2024-03-16 06:00:00+00:00;1289605.151;-1.0563
2024-03-16 07:00:00+00:00;1334364.812;-0.025358571428571428
2024-03-16 08:00:00+00:00;1356820.01;0.0
2024-03-16 09:00:00+00:00;1364995.702;0.0
2024-03-16 10:00:00+00:00;1351391.906;0.0
2024-03-16 11:00:00+00:00;1347836.969;0.0
2024-03-16 12:00:00+00:00;1387938.34;0.0
2024-03-16 13:00:00+00:00;1438980.894;0.035925
2024-03-16 14:00:00+00:00;1485070.66;1.0062
2024-03-16 15:00:00+00:00;1595646.872;0.6827785714285713
2024-03-16 16:00:00+00:00;1738977.105;-1.1238560714285715
2024-03-16 17:00:00+00:00;1806138.686;-2.4502514285714283
2024-03-16 18:00:00+00:00;1736282.948;-3.1499942857142855
2024-03-16 19:00:00+00:00;1607935.713;-3.712497142857143
2024-03-16 20:00:00+00:00;1880221.907;-4.2
2024-03-16 21:00:00+00:00;1960090.511;-4.354470714285715
2024-03-16 22:00:00+00:00;1835425.581;-5.281294285714286
2024-03-16 23:00:00+00:00;1666243.244;-6.128356071428572
2024-03-17 00:00:00+00:00;1559162.295;-7.215223571428572
2024-03-17 01:00:00+00:00;1493936.926;-8.4999775
2024-03-17 02:00:00+00:00;1471759.234;-9.691067857142857
2024-03-17 03:00:00+00:00;1476387.854;-10.025
2024-03-17 04:00:00+00:00;1504771.991;-10.890035357142859
2024-03-17 05:00:00+00:00;1480880.201;-10.755714285714287
2024-03-17 06:00:00+00:00;1563999.865;-9.581360714285713
2024-03-17 07:00:00+00:00;1622514.804;-7.628544642857142
2024-03-17 08:00:00+00:00;1656756.631;-6.361107857142857
2024-03-17 09:00:00+00:00;1672890.676;-5.8562
2024-03-17 10:00:00+00:00;1651326.528;-5.8562
2024-03-17 11:00:00+00:00;1620511.063;-5.702888928571428
2024-03-17 12:00:00+00:00;1595489.064;-4.8063
2024-03-17 13:00:00+00:00;1581072.568;-4.315875
2024-03-17 14:00:00+00:00;1605600.916;-2.792368214285714
2024-03-17 15:00:00+00:00;1685896.378;-2.552234642857143
2024-03-17 16:00:00+00:00;1833677.159;-5.930916428571429
2024-03-17 17:00:00+00:00;1976510.243;-7.934821428571429
2024-03-17 18:00:00+00:00;1980225.222;-9.396622142857142
2024-03-17 19:00:00+00:00;1910324.084;-10.491937142857141
2024-03-17 20:00:00+00:00;2184857.256;-11.277529999999999
2024-03-17 21:00:00+00:00;2257408.692;-11.968994285714286
2024-03-17 22:00:00+00:00;2154392.071;-11.968994285714286
2024-03-17 23:00:00+00:00;2025645.153;-12.324494285714284
2024-03-18 00:00:00+00:00;1974464.415;-13.074994285714284
2024-03-18 01:00:00+00:00;1941726.019;-13.074994285714284
2024-03-18 02:00:00+00:00;1942817.3;-12.981496428571429
2024-03-18 03:00:00+00:00;1973578.647;-12.837
2024-03-18 04:00:00+00:00;2048215.983;-12.82275
2024-03-18 05:00:00+00:00;1949053.389;-10.789651785714286
2024-03-18 06:00:00+00:00;1834034.953;-8.203140714285714
2024-03-18 07:00:00+00:00;1688111.832;-6.436570714285715
2024-03-18 08:00:00+00:00;1575709.976;-5.124553571428572
2024-03-18 09:00:00+00:00;1495555.093;-3.642857142857143
2024-03-18 10:00:00+00:00;1416939.538;-2.4969346428571426
2024-03-18 11:00:00+00:00;1353539.757;-1.6008339285714286
2024-03-18 12:00:00+00:00;1326566.79;-0.2198571428571429
2024-03-18 13:00:00+00:00;1356642.009;0.0
2024-03-18 14:00:00+00:00;1442900.015;1.4710046428571428
2024-03-18 15:00:00+00:00;1535977.227;2.7439225
2024-03-18 16:00:00+00:00;1668776.621;-0.7316882142857144
2024-03-18 17:00:00+00:00;1820007.641;-2.0937944444444443
2024-03-18 18:00:00+00:00;1880668.149;-2.950144642857143
2024-03-18 19:00:00+00:00;1851008.117;-3.5825857142857145
2024-03-18 20:00:00+00:00;2153176.847;-4.432141785714286
2024-03-18 21:00:00+00:00;2207230.062;-5.237494285714286
2024-03-18 22:00:00+00:00;2088729.084;-6.020762142857143
2024-03-18 23:00:00+00:00;1964117.514;-7.2469407142857145
2024-03-19 00:00:00+00:00;1871316.462;-7.421023214285715
2024-03-19 01:00:00+00:00;1800308.629;-8.425
2024-03-19 02:00:00+00:00;1780661.396;-8.643955357142858
2024-03-19 03:00:00+00:00;1804727.843;-9.106194285714285
2024-03-19 04:00:00+00:00;1873968.465;-9.865341071428572
2024-03-19 05:00:00+00:00;1775490.07;-9.039107142857143
2024-03-19 06:00:00+00:00;1679490.957;-7.2134
2024-03-19 07:00:00+00:00;1588665.477;-5.4917653571428575
2024-03-19 08:00:00+00:00;1521974.12;-4.312494285714286
2024-03-19 09:00:00+00:00;1480321.508;-3.310012142857143
2024-03-19 10:00:00+00:00;1430403.465;-2.0544839285714285
2024-03-19 11:00:00+00:00;1393894.13;-0.9723357142857143
2024-03-19 12:00:00+00:00;1387137.269;0.5
2024-03-19 13:00:00+00:00;1435754.247;1.4977785714285716
2024-03-19 14:00:00+00:00;1524642.266;3.5497864285714287
2024-03-19 15:00:00+00:00;1601896.796;4.580085357142857
2024-03-19 16:00:00+00:00;1704313.926;0.006252857142857131
2024-03-19 17:00:00+00:00;1823678.245;-2.0625
2024-03-19 18:00:00+00:00;1841002.91;-2.581696428571429
2024-03-19 19:00:00+00:00;1773575.001;-3.8125
2024-03-19 20:00:00+00:00;2027419.807;-4.1875
2024-03-19 21:00:00+00:00;2075136.776;-4.1875
2024-03-19 22:00:00+00:00;1940504.819;-4.1875
2024-03-19 23:00:00+00:00;1761747.36;-4.1875
2024-03-20 00:00:00+00:00;1648537.837;-4.615431785714286
2024-03-20 01:00:00+00:00;1567886.574;-5.275
2024-03-20 02:00:00+00:00;1529585.481;-5.387946428571429
2024-03-20 03:00:00+00:00;1542582.938;-5.5625
2024-03-20 04:00:00+00:00;1603114.895;-5.5625
2024-03-20 05:00:00+00:00;1520584.998;-4.800254642857142
2024-03-20 06:00:00+00:00;1458190.015;-2.863800714285714
2024-03-20 07:00:00+00:00;1404059.341;-1.1365167857142857
2024-03-20 08:00:00+00:00;1373612.478;0.19212785714285716
2024-03-20 09:00:00+00:00;1350112.88;1.0375
2024-03-20 10:00:00+00:00;1319917.826;2.2676464285714286
2024-03-20 11:00:00+00:00;1303698.246;3.6941964285714284
2024-03-20 12:00:00+00:00;1309669.385;4.1875
2024-03-20 13:00:00+00:00;1364550.582;4.1875
2024-03-20 14:00:00+00:00;1465067.686;4.893133928571429
2024-03-20 15:00:00+00:00;1550792.649;4.907484642857143
2024-03-20 16:00:00+00:00;1657241.105;3.0104053571428575
2024-03-20 17:00:00+00:00;1770974.789;2.0062
2024-03-20 18:00:00+00:00;1764338.498;1.3281428571428573
2024-03-20 19:00:00+00:00;1683174.24;0.975
2024-03-20 20:00:00+00:00;1944620.944;0.975
2024-03-20 21:00:00+00:00;1974971.182;0.975
2024-03-20 22:00:00+00:00;1839386.611;0.975
2024-03-20 23:00:00+00:00;1657518.212;0.975
2024-03-21 00:00:00+00:00;1557556.781;0.975
2024-03-21 01:00:00+00:00;1489863.802;0.975
2024-03-21 02:00:00+00:00;1445715.077;0.6616071428571428
2024-03-21 03:00:00+00:00;1448771.503;0.0
2024-03-21 04:00:00+00:00;1503650.397;0.0
2024-03-21 05:00:00+00:00;1433187.603;0.08270071428571428
2024-03-21 06:00:00+00:00;1394311.224;1.05
2024-03-21 07:00:00+00:00;1354092.185;1.5960996428571428
2024-03-21 08:00:00+00:00;1334500.171;1.6
2024-03-21 09:00:00+00:00;1324271.585;1.6
2024-03-21 10:00:00+00:00;1292305.624;2.5633928571428575
2024-03-21 11:00:00+00:00;1269298.97;2.6375
2024-03-21 12:00:00+00:00;1273553.805;2.6375
2024-03-21 13:00:00+00:00;1340773.779;2.6375
2024-03-21 14:00:00+00:00;1421546.775;2.6375
2024-03-21 15:00:00+00:00;1476077.563;2.6375
2024-03-21 16:00:00+00:00;1547998.84;2.2421678571428574
2024-03-21 17:00:00+00:00;1653019.187;1.6312
2024-03-21 18:00:00+00:00;1678389.307;1.6312
2024-03-21 19:00:00+00:00;1613345.19;1.6312
2024-03-21 20:00:00+00:00;1894061.997;1.6312
2024-03-21 21:00:00+00:00;1925002.018;1.6312
2024-03-21 22:00:00+00:00;1772786.9;1.4003964285714285
2024-03-21 23:00:00+00:00;1621442.219;0.575
2024-03-22 00:00:00+00:00;1537647.159;0.575
2024-03-22 01:00:00+00:00;1482771.162;0.575
2024-03-22 02:00:00+00:00;1457423.69;0.6111607142857143
2024-03-22 03:00:00+00:00;1444403.346;0.6875
2024-03-22 04:00:00+00:00;1482135.323;0.6875
2024-03-22 05:00:00+00:00;1421664.339;0.6875
2024-03-22 06:00:00+00:00;1401395.694;0.9565603571428571
2024-03-22 07:00:00+00:00;1367897.3;1.8187
2024-03-22 08:00:00+00:00;1352486.269;2.206449642857143
2024-03-22 09:00:00+00:00;1347675.088;3.2761442857142855
2024-03-22 10:00:00+00:00;1333834.03;4.040744285714285
2024-03-22 11:00:00+00:00;1327496.197;5.031294285714286
2024-03-22 12:00:00+00:00;1346816.281;5.031294285714286
2024-03-22 13:00:00+00:00;1400641.537;5.031294285714286
2024-03-22 14:00:00+00:00;1480711.418;4.138437142857143
2024-03-22 15:00:00+00:00;1555849.823;3.7942299999999998
2024-03-22 16:00:00+00:00;1644679.398;2.9249942857142854
2024-03-22 17:00:00+00:00;1722612.044;2.7347667857142857
2024-03-22 18:00:00+00:00;1700351.619;1.875
2024-03-22 19:00:00+00:00;1613825.531;1.875
2024-03-22 20:00:00+00:00;1896361.307;1.875
2024-03-22 21:00:00+00:00;1916183.746;1.875
2024-03-22 22:00:00+00:00;1743046.299;1.875
2024-03-22 23:00:00+00:00;1597245.925;1.875
2024-03-23 00:00:00+00:00;1480780.888;1.875
2024-03-23 01:00:00+00:00;1402813.238;1.875
2024-03-23 02:00:00+00:00;1350910.19;0.790615
2024-03-23 03:00:00+00:00;1334698.686;0.0
2024-03-23 04:00:00+00:00;1347354.173;0.0
2024-03-23 05:00:00+00:00;1308381.758;0.0
2024-03-23 06:00:00+00:00;1363062.872;0.0
2024-03-23 07:00:00+00:00;1390846.893;1.3243228571428571
2024-03-23 08:00:00+00:00;1417425.908;2.4202785714285717
2024-03-23 09:00:00+00:00;1455133.256;3.1625
2024-03-23 10:00:00+00:00;1437750.385;2.8310107142857146
2024-03-23 11:00:00+00:00;1405265.205;2.1312
2024-03-23 12:00:00+00:00;1375076.397;2.1312
2024-03-23 13:00:00+00:00;1382911.101;1.6448785714285716
2024-03-23 14:00:00+00:00;1445824.448;0.5704321428571428
2024-03-23 15:00:00+00:00;1553423.497;0.0
2024-03-23 16:00:00+00:00;1706511.104;-0.9313157142857144
2024-03-23 17:00:00+00:00;1792711.248;-1.785144642857143
2024-03-23 18:00:00+00:00;1732323.922;-2.075
2024-03-23 19:00:00+00:00;1613473.081;-3.0934785714285717
2024-03-23 20:00:00+00:00;1881490.592;-3.1312
2024-03-23 21:00:00+00:00;1942287.777;-3.1312
2024-03-23 22:00:00+00:00;1834928.809;-3.6033714285714287
2024-03-23 23:00:00+00:00;1653041.725;-4.1875
2024-03-24 00:00:00+00:00;1548901.325;-4.1875
2024-03-24 01:00:00+00:00;1475271.321;-4.420003214285715
2024-03-24 02:00:00+00:00;1430437.652;-5.332158928571429
2024-03-24 03:00:00+00:00;1416387.952;-5.518694285714285
2024-03-24 04:00:00+00:00;1425868.227;-5.518694285714285
2024-03-24 05:00:00+00:00;1391082.59;-5.518694285714285
2024-03-24 06:00:00+00:00;1449123.759;-5.339016785714286
2024-03-24 07:00:00+00:00;1486206.134;-3.8415464285714287
2024-03-24 08:00:00+00:00;1500062.923;-2.411248214285714
2024-03-24 09:00:00+00:00;1498190.842;-0.8385857142857143
2024-03-24 10:00:00+00:00;1473663.319;-0.09517285714285714
2024-03-24 11:00:00+00:00;1443007.12;-0.12521785714285713
2024-03-24 12:00:00+00:00;1424853.794;0.18192750000000002
2024-03-24 13:00:00+00:00;1435750.351;-0.6807949999999999
2024-03-24 14:00:00+00:00;1482666.123;-1.0249942857142857
2024-03-24 15:00:00+00:00;1572266.677;-0.32433178571428567
2024-03-24 16:00:00+00:00;1702555.998;-3.039255714285715
2024-03-24 17:00:00+00:00;1802846.655;-3.2562
2024-03-24 18:00:00+00:00;1778584.714;-3.2562
2024-03-24 19:00:00+00:00;1676712.616;-4.074177857142858
2024-03-24 20:00:00+00:00;1935173.843;-4.331194285714286
2024-03-24 21:00:00+00:00;1983231.165;-4.331194285714286
2024-03-24 22:00:00+00:00;1870310.257;-4.331194285714286
2024-03-24 23:00:00+00:00;1715599.504;-4.331194285714286
2024-03-25 00:00:00+00:00;1613518.662;-4.331194285714286
2024-03-25 01:00:00+00:00;1548183.135;-4.331194285714286
2024-03-25 02:00:00+00:00;1515527.045;-5.124087142857142
2024-03-25 03:00:00+00:00;1533230.136;-5.537494285714286
2024-03-25 04:00:00+00:00;1593382.984;-6.433755
2024-03-25 05:00:00+00:00;1520873.132;-5.5309767857142855
2024-03-25 06:00:00+00:00;1473500.066;-4.264852142857143
2024-03-25 07:00:00+00:00;1419615.883;-1.0486892857142858
2024-03-25 08:00:00+00:00;1379252.429;0.0
2024-03-25 09:00:00+00:00;1361152.003;-0.18303464285714285
2024-03-25 10:00:00+00:00;1336498.56;0.36607142857142855
2024-03-25 11:00:00+00:00;1324889.153;1.0375
2024-03-25 12:00:00+00:00;1339549.381;1.0375
2024-03-25 13:00:00+00:00;1400226.406;1.0375
2024-03-25 14:00:00+00:00;1494262.531;1.0375
2024-03-25 15:00:00+00:00;1557170.058;-0.8794671428571429
2024-03-25 16:00:00+00:00;1624837.065;-2.7856946428571434
2024-03-25 17:00:00+00:00;1715338.6;-3.1312
2024-03-25 18:00:00+00:00;1741249.122;-4.1859303571428566
2024-03-25 19:00:00+00:00;1691622.709;-4.224994285714286
2024-03-25 20:00:00+00:00;1984265.689;-4.224994285714286
2024-03-25 21:00:00+00:00;2026233.717;-4.4473167857142855
2024-03-25 22:00:00+00:00;1884270.289;-5.733678571428571
2024-03-25 23:00:00+00:00;1746639.474;-6.8832321428571435
2024-03-26 00:00:00+00:00;1675893.352;-8.2187775
2024-03-26 01:00:00+00:00;1626940.411;-8.406294285714285
2024-03-26 02:00:00+00:00;1607465.405;-8.287751428571429
2024-03-26 03:00:00+00:00;1610752.25;-8.037494285714285
2024-03-26 04:00:00+00:00;1670748.976;-7.63503
2024-03-26 05:00:00+00:00;1585248.804;-5.750481071428572
2024-03-26 06:00:00+00:00;1504212.88;-4.230767857142857
2024-03-26 07:00:00+00:00;1414741.789;-3.423819642857143
2024-03-26 08:00:00+00:00;1349919.12;-2.6722807142857143
2024-03-26 09:00:00+00:00;1313642.142;-1.323764285714286
2024-03-26 10:00:00+00:00;1269396.387;-1.2203125000000001
2024-03-26 11:00:00+00:00;1241389.235;-0.68125
2024-03-26 12:00:00+00:00;1235061.033;-0.68125
2024-03-26 13:00:00+00:00;1269736.681;-0.68125
2024-03-26 14:00:00+00:00;1352800.275;-0.68125
2024-03-26 15:00:00+00:00;1433051.012;1.8211807142857144
2024-03-26 16:00:00+00:00;1541478.527;-1.0215464285714286
2024-03-26 17:00:00+00:00;1685017.414;-4.978101071428571
2024-03-26 18:00:00+00:00;1767455.538;-6.714294285714286
2024-03-26 19:00:00+00:00;1725033.925;-7.611887142857142
2024-03-26 20:00:00+00:00;2001355.583;-8.568694285714285
2024-03-26 21:00:00+00:00;2031038.029;-9.116994285714286
2024-03-26 22:00:00+00:00;1869610.066;-9.637494285714284
2024-03-26 23:00:00+00:00;1719897.873;-10.592549642857145
2024-03-27 00:00:00+00:00;1632187.928;-10.662
2024-03-27 01:00:00+00:00;1597155.152;-11.280285714285714
2024-03-27 02:00:00+00:00;1564091.528;-11.790285714285714
2024-03-27 03:00:00+00:00;1567049.762;-11.888
2024-03-27 04:00:00+00:00;1616700.027;-11.163713571428572
2024-03-27 05:00:00+00:00;1530351.117;-8.587726428571429
2024-03-27 06:00:00+00:00;1468539.652;-5.049933571428572
2024-03-27 07:00:00+00:00;1394627.519;-2.9928575
2024-03-27 08:00:00+00:00;1341256.531;-1.506195
2024-03-27 09:00:00+00:00;1301531.835;-0.09954964285714286
2024-03-27 10:00:00+00:00;1263948.765;1.2239789285714286
2024-03-27 11:00:00+00:00;1230547.014;2.644990357142857
2024-03-27 12:00:00+00:00;1223349.256;4.554305357142857
2024-03-27 13:00:00+00:00;1265438.681;4.840196785714285
2024-03-27 14:00:00+00:00;1357844.628;3.4236714285714287
2024-03-27 15:00:00+00:00;1447039.036;2.864523214285714
2024-03-27 16:00:00+00:00;1557712.85;1.3058046428571426
2024-03-27 17:00:00+00:00;1689551.751;0.0
2024-03-27 18:00:00+00:00;1709979.358;0.0
2024-03-27 19:00:00+00:00;1627461.179;0.0
2024-03-27 20:00:00+00:00;1888035.643;0.0
2024-03-27 21:00:00+00:00;1901206.478;0.0
2024-03-27 22:00:00+00:00;1733269.473;0.0
2024-03-27 23:00:00+00:00;1588514.889;0.0
2024-03-28 00:00:00+00:00;1478383.289;0.0
2024-03-28 01:00:00+00:00;1418026.829;0.0
2024-03-28 02:00:00+00:00;1385227.621;0.15868214285714285
2024-03-28 03:00:00+00:00;1384209.882;0.525
2024-03-28 04:00:00+00:00;1431251.065;0.525
2024-03-28 05:00:00+00:00;1340990.32;0.7513489285714287
2024-03-28 06:00:00+00:00;1271608.514;2.024075357142857
2024-03-28 07:00:00+00:00;1190686.249;3.0450871428571427
2024-03-28 08:00:00+00:00;1127143.427;5.654869285714286
2024-03-28 09:00:00+00:00;1086048.043;6.838637142857143
2024-03-28 10:00:00+00:00;1043971.634;7.912494285714286
2024-03-28 11:00:00+00:00;1019317.093;7.912494285714286
2024-03-28 12:00:00+00:00;1021108.115;8.322560714285714
2024-03-28 13:00:00+00:00;1056085.099;8.9563
2024-03-28 14:00:00+00:00;1134736.537;8.525028571428573
2024-03-28 15:00:00+00:00;1201120.35;7.945835714285715
2024-03-28 16:00:00+00:00;1309572.604;6.342904285714286
2024-03-28 17:00:00+00:00;1435177.009;5.080369642857143
2024-03-28 18:00:00+00:00;1471699.46;4.775
2024-03-28 19:00:00+00:00;1413913.297;3.7806232142857144
2024-03-28 20:00:00+00:00;1694375.429;2.888905714285714
2024-03-28 21:00:00+00:00;1712808.521;2.6688
2024-03-28 22:00:00+00:00;1535961.793;2.6688
2024-03-28 23:00:00+00:00;1368187.304;2.6688
2024-03-29 00:00:00+00:00;1267956.069;2.6688
2024-03-29 01:00:00+00:00;1235700.788;2.6688
2024-03-29 02:00:00+00:00;1208258.424;2.4602532142857143
2024-03-29 03:00:00+00:00;1186433.963;2.0125
2024-03-29 04:00:00+00:00;1187436.924;2.0125
2024-03-29 05:00:00+00:00;1138463.883;2.0125
2024-03-29 06:00:00+00:00;1192660.161;2.0125
2024-03-29 07:00:00+00:00;1234081.011;2.0125
2024-03-29 08:00:00+00:00;1255841.293;2.0125
2024-03-29 09:00:00+00:00;1257364.393;2.0125
2024-03-29 10:00:00+00:00;1240613.474;2.0125
2024-03-29 11:00:00+00:00;1241096.769;2.0125
2024-03-29 12:00:00+00:00;1261865.933;2.0125
2024-03-29 13:00:00+00:00;1280195.294;2.0125
2024-03-29 14:00:00+00:00;1321652.788;2.0125
2024-03-29 15:00:00+00:00;1382307.23;2.0125
2024-03-29 16:00:00+00:00;1467501.266;2.0125
2024-03-29 17:00:00+00:00;1533680.761;2.0125
2024-03-29 18:00:00+00:00;1508113.275;2.0125
2024-03-29 19:00:00+00:00;1416082.336;2.0125
2024-03-29 20:00:00+00:00;1682823.181;1.614732142857143
2024-03-29 21:00:00+00:00;1730483.982;1.0
2024-03-29 22:00:00+00:00;1585280.027;1.0
2024-03-29 23:00:00+00:00;1411039.188;1.0
2024-03-30 00:00:00+00:00;1297221.226;0.6785714285714286
2024-03-30 01:00:00+00:00;1231503.154;0.0
2024-03-30 02:00:00+00:00;1195647.794;0.0
2024-03-30 03:00:00+00:00;1189344.607;0.0
2024-03-30 04:00:00+00:00;1201690.176;0.0
2024-03-30 05:00:00+00:00;1163562.091;0.5538928571428572
2024-03-30 06:00:00+00:00;1216549.315;1.2486453571428573
2024-03-30 07:00:00+00:00;1247357.844;2.0687
2024-03-30 08:00:00+00:00;1249890.435;2.5678535714285715
2024-03-30 09:00:00+00:00;1240999.779;3.1438
2024-03-30 10:00:00+00:00;1226016.57;3.8472321428571434
2024-03-30 11:00:00+00:00;1198988.05;3.5752435714285715
2024-03-30 12:00:00+00:00;1218711.207;3.0499942857142854
2024-03-30 13:00:00+00:00;1220019.973;3.0499942857142854
2024-03-30 14:00:00+00:00;1243959.594;2.5624967857142855
2024-03-30 15:00:00+00:00;1321195.492;2.0
2024-03-30 16:00:00+00:00;1443070.212;1.676675
2024-03-30 17:00:00+00:00;1538445.687;0.975
2024-03-30 18:00:00+00:00;1530472.257;0.975
2024-03-30 19:00:00+00:00;1437655.577;0.975
2024-03-30 20:00:00+00:00;1702533.77;0.975
2024-03-30 21:00:00+00:00;1757779.88;0.33214285714285713
2024-03-30 22:00:00+00:00;1630985.236;-0.525
2024-03-30 23:00:00+00:00;1474326.991;-0.7142628571428571
2024-03-31 00:00:00+00:00;1376234.782;-1.5563
2024-03-31 01:00:00+00:00;1327412.626;-1.6105250000000002
2024-03-31 02:00:00+00:00;1274644.849;-1.725
2024-03-31 03:00:00+00:00;1264929.646;-1.6255785714285715
2024-03-31 04:00:00+00:00;1202722.042;-0.675
2024-03-31 05:00:00+00:00;1238230.039;0.18258714285714284
2024-03-31 06:00:00+00:00;1288921.278;0.9995303571428572
2024-03-31 07:00:00+00:00;1320147.982;1.5687
2024-03-31 08:00:00+00:00;1339782.422;3.0510824999999997
2024-03-31 09:00:00+00:00;1336221.81;4.687576785714286
2024-03-31 10:00:00+00:00;1300041.82;4.316239285714286
2024-03-31 11:00:00+00:00;1264583.374;6.2339296428571425
2024-03-31 12:00:00+00:00;1247809.869;5.843794285714286
2024-03-31 13:00:00+00:00;1257773.151;5.843794285714286
2024-03-31 14:00:00+00:00;1290555.771;5.843794285714286
2024-03-31 15:00:00+00:00;1372951.469;4.583388571428571
2024-03-31 16:00:00+00:00;1464362.712;3.625
2024-03-31 17:00:00+00:00;1503722.943;3.0035714285714286
2024-03-31 18:00:00+00:00;1450391.592;2.5375
2024-03-31 19:00:00+00:00;1681278.175;2.5375
2024-03-31 20:00:00+00:00;1721403.872;2.5375
2024-03-31 21:00:00+00:00;1564414.211;2.5375
2024-03-31 22:00:00+00:00;1382386.129;1.7486357142857145
2024-03-31 23:00:00+00:00;1266297.049;1.4875
2024-04-01 00:00:00+00:00;1190408.684;1.4875
2024-04-01 01:00:00+00:00;1164081.147;1.5196410714285715
2024-04-01 02:00:00+00:00;1154308.933;1.5874942857142857
2024-04-01 03:00:00+00:00;1154149.332;1.5874942857142857
2024-04-01 04:00:00+00:00;1101876.289;1.5874942857142857
2024-04-01 05:00:00+00:00;1138677.989;1.7716550000000002
2024-04-01 06:00:00+00:00;1177274.079;2.618794285714286
2024-04-01 07:00:00+00:00;1194679.25;2.618794285714286
2024-04-01 08:00:00+00:00;1202173.465;2.618794285714286
2024-04-01 09:00:00+00:00;1186391.653;2.618794285714286
2024-04-01 10:00:00+00:00;1168007.886;2.618794285714286
2024-04-01 11:00:00+00:00;1152020.241;2.618794285714286
2024-04-01 12:00:00+00:00;1176759.654;2.618794285714286
2024-04-01 13:00:00+00:00;1238875.128;1.6484389285714285
2024-04-01 14:00:00+00:00;1299625.929;1.126717857142857
2024-04-01 15:00:00+00:00;1371798.976;0.575
2024-04-01 16:00:00+00:00;1460559.024;-0.5049610714285715
2024-04-01 17:00:00+00:00;1492500.754;-0.6723285714285715
2024-04-01 18:00:00+00:00;1419008.482;-1.5563
2024-04-01 19:00:00+00:00;1637008.261;-1.5563
2024-04-01 20:00:00+00:00;1710434.559;-2.2814892857142857
2024-04-01 21:00:00+00:00;1598459.736;-2.625
2024-04-01 22:00:00+00:00;1418878.449;-2.625
2024-04-01 23:00:00+00:00;1350056.476;-2.845991785714286
2024-04-02 00:00:00+00:00;1298138.7;-3.6562942857142855
2024-04-02 01:00:00+00:00;1264132.475;-4.080982142857143
2024-04-02 02:00:00+00:00;1272067.647;-5.515167857142857
2024-04-02 03:00:00+00:00;1334509.584;-6.6111635714285715
2024-04-02 04:00:00+00:00;1302259.867;-6.843794285714286
2024-04-02 05:00:00+00:00;1292299.187;-6.175123214285714
2024-04-02 06:00:00+00:00;1269965.828;-4.95843
2024-04-02 07:00:00+00:00;1250132.674;-3.6616014285714287
2024-04-02 08:00:00+00:00;1243705.566;-2.6749942857142854
2024-04-02 09:00:00+00:00;1223516.86;-2.4897275000000003
2024-04-02 10:00:00+00:00;1211303.202;-1.6375
2024-04-02 11:00:00+00:00;1231397.504;-0.8741071428571427
2024-04-02 12:00:00+00:00;1293804.561;-0.56875
2024-04-02 13:00:00+00:00;1399508.68;0.9234989285714287
2024-04-02 14:00:00+00:00;1506223.597;1.293089642857143
2024-04-02 15:00:00+00:00;1552628.887;0.8740885714285714
2024-04-02 16:00:00+00:00;1643474.941;-0.4875
2024-04-02 17:00:00+00:00;1698790.451;-2.214059642857143
2024-04-02 18:00:00+00:00;1652231.242;-3.1499942857142855
2024-04-02 19:00:00+00:00;1889482.026;-3.1499942857142855
2024-04-02 20:00:00+00:00;1952879.939;-3.5723157142857143
2024-04-02 21:00:00+00:00;1870636.341;-4.698011071428572
2024-04-02 22:00:00+00:00;1686684.607;-5.400942142857143
2024-04-02 23:00:00+00:00;1597504.959;-6.693203571428572
2024-04-03 00:00:00+00:00;1545134.469;-7.3688
2024-04-03 01:00:00+00:00;1525430.373;-8.566119642857142
2024-04-03 02:00:00+00:00;1535771.977;-8.968794285714285
2024-04-03 03:00:00+00:00;1604893.444;-8.897365714285714
2024-04-03 04:00:00+00:00;1569766.763;-7.968794285714286
2024-04-03 05:00:00+00:00;1547594.875;-6.801119999999999
2024-04-03 06:00:00+00:00;1517160.684;-5.525255357142858
2024-04-03 07:00:00+00:00;1490107.257;-4.569638214285715
2024-04-03 08:00:00+00:00;1466497.793;-3.725
2024-04-03 09:00:00+00:00;1428251.763;-3.7007535714285713
2024-04-03 10:00:00+00:00;1391471.968;-2.6562942857142855
2024-04-03 11:00:00+00:00;1383418.521;-1.855812857142857
2024-04-03 12:00:00+00:00;1422702.775;-1.3020089285714285
2024-04-03 13:00:00+00:00;1508563.795;-0.59375
2024-04-03 14:00:00+00:00;1584298.975;0.4232407142857143
2024-04-03 15:00:00+00:00;1684044.405;1.151077857142857
2024-04-03 16:00:00+00:00;1810154.325;-0.13719928571428572
2024-04-03 17:00:00+00:00;1881400.888;-3.2090085714285714
2024-04-03 18:00:00+00:00;1838403.349;-4.556194285714286
2024-04-03 19:00:00+00:00;2068162.983;-5.868743214285715
2024-04-03 20:00:00+00:00;2116765.183;-7.2114528571428576
2024-04-03 21:00:00+00:00;2001012.906;-8.35955857142857
2024-04-03 22:00:00+00:00;1862774.329;-9.056693214285714
2024-04-03 23:00:00+00:00;1795249.542;-9.6125
2024-04-04 00:00:00+00:00;1763494.972;-10.216214285714287
2024-04-04 01:00:00+00:00;1745582.382;-11.419
2024-04-04 02:00:00+00:00;1777434.371;-12.382214285714285
2024-04-04 03:00:00+00:00;1859605.44;-13.037
2024-04-04 04:00:00+00:00;1786134.026;-12.997285714285715
2024-04-04 05:00:00+00:00;1676046.872;-11.522321428571429
2024-04-04 06:00:00+00:00;1567073.518;-9.369183214285714
2024-04-04 07:00:00+00:00;1494023.604;-6.469969285714286
2024-04-04 08:00:00+00:00;1434235.277;-5.575
2024-04-04 09:00:00+00:00;1371005.808;-5.575
2024-04-04 10:00:00+00:00;1316860.582;-5.575
2024-04-04 11:00:00+00:00;1286863.856;-4.591216071428571
2024-04-04 12:00:00+00:00;1298468.603;-3.9602757142857143
2024-04-04 13:00:00+00:00;1351179.549;-3.2290060714285715
2024-04-04 14:00:00+00:00;1411835.94;-2.0872371428571426
2024-04-04 15:00:00+00:00;1501174.837;-0.0685903571428571
2024-04-04 16:00:00+00:00;1639625.773;-1.090552142857143
2024-04-04 17:00:00+00:00;1761780.199;-4.930280714285715
2024-04-04 18:00:00+00:00;1774003.529;-6.8892825
2024-04-04 19:00:00+00:00;2053225.688;-8.348578214285714
2024-04-04 20:00:00+00:00;2121736.788;-9.53925
2024-04-04 21:00:00+00:00;1987877.179;-10.537
2024-04-04 22:00:00+00:00;1875915.44;-11.508607142857143
2024-04-04 23:00:00+00:00;1786265.54;-12.356071428571429
2024-04-05 00:00:00+00:00;1738782.124;-13.504178571428572
2024-04-05 01:00:00+00:00;1729433.267;-13.990214285714286
2024-04-05 02:00:00+00:00;1737521.371;-14.756
2024-04-05 03:00:00+00:00;1794446.611;-14.756
2024-04-05 04:00:00+00:00;1726465.086;-12.895463928571429
2024-04-05 05:00:00+00:00;1676846.054;-10.090648571428572
2024-04-05 06:00:00+00:00;1617945.984;-6.6483139285714286
2024-04-05 07:00:00+00:00;1580261.5;-4.227191071428572
2024-04-05 08:00:00+00:00;1567931.444;-2.6723192857142855
2024-04-05 09:00:00+00:00;1556943.263;-0.14596392857142856
2024-04-05 10:00:00+00:00;1551366.282;0.03571428571428571
2024-04-05 11:00:00+00:00;1563848.764;1.6106857142857145
2024-04-05 12:00:00+00:00;1621453.963;2.0687
2024-04-05 13:00:00+00:00;1714685.326;2.0687
2024-04-05 14:00:00+00:00;1788415.176;0.7042539285714285
2024-04-05 15:00:00+00:00;1833524.062;0.0
2024-04-05 16:00:00+00:00;1894706.925;-0.5749714285714286
2024-04-05 17:00:00+00:00;1916618.22;-1.6062539285714286
2024-04-05 18:00:00+00:00;1867566.624;-2.056294285714286
2024-04-05 19:00:00+00:00;2112011.485;-2.9444275
2024-04-05 20:00:00+00:00;2149083.306;-3.1375
2024-04-05 21:00:00+00:00;1988336.963;-3.1375
2024-04-05 22:00:00+00:00;1848384.791;-3.1375
2024-04-05 23:00:00+00:00;1727638.707;-3.1375
2024-04-06 00:00:00+00:00;1643066.574;-3.5839642857142855
2024-04-06 01:00:00+00:00;1588362.323;-4.177578571428572
2024-04-06 02:00:00+00:00;1563065.539;-4.2125
2024-04-06 03:00:00+00:00;1564865.449;-4.2125
2024-04-06 04:00:00+00:00;1512489.147;-4.140621071428572
2024-04-06 05:00:00+00:00;1554908.4;-2.4116532142857143
2024-04-06 06:00:00+00:00;1577367.981;-1.0874942857142857
2024-04-06 07:00:00+00:00;1574638.492;-0.19419535714285716
2024-04-06 08:00:00+00:00;1549174.642;0.0
2024-04-06 09:00:00+00:00;1522367.716;0.18639285714285717
2024-04-06 10:00:00+00:00;1478828.61;0.0
2024-04-06 11:00:00+00:00;1445997.152;0.2183132142857143
2024-04-06 12:00:00+00:00;1439760.082;1.0118146428571428
2024-04-06 13:00:00+00:00;1454646.607;1.0874942857142857
2024-04-06 14:00:00+00:00;1523136.288;1.4768017857142859
2024-04-06 15:00:00+00:00;1630076.073;1.358572142857143
2024-04-06 16:00:00+00:00;1728556.716;-1.5563
2024-04-06 17:00:00+00:00;1764854.934;-1.5563
2024-04-06 18:00:00+00:00;1717187.632;-1.5563
2024-04-06 19:00:00+00:00;1966153.23;-1.5563
2024-04-06 20:00:00+00:00;2050654.96;-1.5563
2024-04-06 21:00:00+00:00;1926413.679;-1.5563
2024-04-06 22:00:00+00:00;1782469.845;-1.5563
2024-04-06 23:00:00+00:00;1702175.067;-2.7227314285714286
2024-04-07 00:00:00+00:00;1652227.541;-3.681294285714286
2024-04-07 01:00:00+00:00;1609703.798;-3.7857264285714285
2024-04-07 02:00:00+00:00;1583185.975;-3.6709657142857144
2024-04-07 03:00:00+00:00;1569550.804;-3.056294285714286
2024-04-07 04:00:00+00:00;1494078.596;-2.0163535714285716
2024-04-07 05:00:00+00:00;1528313.829;-2.0
2024-04-07 06:00:00+00:00;1574661.411;-2.0
2024-04-07 07:00:00+00:00;1622095.74;-1.3169642857142858
2024-04-07 08:00:00+00:00;1659993.193;-0.9375
2024-04-07 09:00:00+00:00;1673024.113;0.1819942857142857
2024-04-07 10:00:00+00:00;1675504.736;1.321544642857143
2024-04-07 11:00:00+00:00;1682898.973;2.0874942857142855
2024-04-07 12:00:00+00:00;1694145.611;2.0874942857142855
2024-04-07 13:00:00+00:00;1671539.472;2.118676785714286
2024-04-07 14:00:00+00:00;1678335.627;2.118794285714286
2024-04-07 15:00:00+00:00;1699715.712;2.118794285714286
2024-04-07 16:00:00+00:00;1712112.303;2.118794285714286
2024-04-07 17:00:00+00:00;1673628.783;2.118794285714286
2024-04-07 18:00:00+00:00;1564837.544;2.118794285714286
2024-04-07 19:00:00+00:00;1766214.965;2.118794285714286
2024-04-07 20:00:00+00:00;1812712.856;2.118794285714286
2024-04-07 21:00:00+00:00;1696112.952;2.118794285714286
2024-04-07 22:00:00+00:00;1514536.234;2.118794285714286
2024-04-07 23:00:00+00:00;1393422.143;2.118794285714286
2024-04-08 00:00:00+00:00;1309252.941;1.2926592857142858
2024-04-08 01:00:00+00:00;1268150.304;1.0951285714285715
2024-04-08 02:00:00+00:00;1272153.638;1.1
2024-04-08 03:00:00+00:00;1323902.495;1.1
2024-04-08 04:00:00+00:00;1261355.901;1.1
2024-04-08 05:00:00+00:00;1190234.063;1.461607142857143
2024-04-08 06:00:00+00:00;1107400.841;2.225
2024-04-08 07:00:00+00:00;1039585.341;3.1978553571428567
2024-04-08 08:00:00+00:00;997844.634;4.945962142857143
2024-04-08 09:00:00+00:00;960491.728;6.131053214285714
2024-04-08 10:00:00+00:00;932347.578;7.550716071428572
2024-04-08 11:00:00+00:00;932672.809;8.019005
2024-04-08 12:00:00+00:00;967221.616;9.7540625
2024-04-08 13:00:00+00:00;1039466.481;8.825549642857142
2024-04-08 14:00:00+00:00;1087167.054;10.115375
2024-04-08 15:00:00+00:00;1137376.926;8.863871071428571
2024-04-08 16:00:00+00:00;1241483.418;7.075671071428571
2024-04-08 17:00:00+00:00;1316914.43;6.25
2024-04-08 18:00:00+00:00;1296856.193;5.718914285714286
2024-04-08 19:00:00+00:00;1539062.395;4.3276417857142855
2024-04-08 20:00:00+00:00;1570146.359;4.131194285714286
2024-04-08 21:00:00+00:00;1416028.516;4.131194285714286
2024-04-08 22:00:00+00:00;1273661.712;4.131194285714286
2024-04-08 23:00:00+00:00;1183414.932;4.131194285714286
2024-04-09 00:00:00+00:00;1117828.263;4.131194285714286
2024-04-09 01:00:00+00:00;1094311.679;3.0558389285714287
2024-04-09 02:00:00+00:00;1115596.618;2.7875
2024-04-09 03:00:00+00:00;1187354.391;2.7875
2024-04-09 04:00:00+00:00;1148689.349;2.7875
2024-04-09 05:00:00+00:00;1109552.676;2.8152642857142856
2024-04-09 06:00:00+00:00;1052048.781;3.9786135714285717
2024-04-09 07:00:00+00:00;998097.526;5.2872514285714285
2024-04-09 08:00:00+00:00;953425.936;6.543754642857143
2024-04-09 09:00:00+00:00;901099.646;7.825409642857143
2024-04-09 10:00:00+00:00;862275.798;9.102453214285715
2024-04-09 11:00:00+00:00;851588.913;10.15
2024-04-09 12:00:00+00:00;882565.036;11.033035714285715
2024-04-09 13:00:00+00:00;933107.43;11.568607142857143
2024-04-09 14:00:00+00:00;958619.946;12.9524275
2024-04-09 15:00:00+00:00;1014219.469;14.388
2024-04-09 16:00:00+00:00;1130133.115;11.3187175
2024-04-09 17:00:00+00:00;1233803.078;7.960513571428571
2024-04-09 18:00:00+00:00;1232909.787;5.755195357142857
2024-04-09 19:00:00+00:00;1478327.848;4.787494285714286
2024-04-09 20:00:00+00:00;1514386.825;4.787494285714286
2024-04-09 21:00:00+00:00;1363525.729;4.787494285714286
2024-04-09 22:00:00+00:00;1201455.708;4.191094285714286
2024-04-09 23:00:00+00:00;1119862.081;3.3828246428571425
2024-04-10 00:00:00+00:00;1078138.846;2.6688
2024-04-10 01:00:00+00:00;1065265.15;2.5341557142857143
2024-04-10 02:00:00+00:00;1074126.564;2.1749942857142854
2024-04-10 03:00:00+00:00;1123230.367;2.1749942857142854
2024-04-10 04:00:00+00:00;1079030.659;3.086323214285714
2024-04-10 05:00:00+00:00;1042565.386;3.4927625
2024-04-10 06:00:00+00:00;994650.283;4.405170357142857
2024-04-10 07:00:00+00:00;967798.152;5.677463928571428
2024-04-10 08:00:00+00:00;949824.75;6.756288571428572
2024-04-10 09:00:00+00:00;927629.141;6.8688
2024-04-10 10:00:00+00:00;909402.513;7.093800000000001
2024-04-10 11:00:00+00:00;915400.242;7.9188
2024-04-10 12:00:00+00:00;967174.135;7.9188
2024-04-10 13:00:00+00:00;1055212.048;7.9188
2024-04-10 14:00:00+00:00;1150216.705;7.9188
2024-04-10 15:00:00+00:00;1254514.513;8.89168892857143
2024-04-10 16:00:00+00:00;1383798.486;8.547404642857144
2024-04-10 17:00:00+00:00;1430736.887;7.968794285714286
2024-04-10 18:00:00+00:00;1358537.51;7.968794285714286
2024-04-10 19:00:00+00:00;1565863.18;7.817894285714286
2024-04-10 20:00:00+00:00;1574406.966;6.836158571428571
2024-04-10 21:00:00+00:00;1436030.402;5.843794285714286
2024-04-10 22:00:00+00:00;1260021.946;5.843794285714286
2024-04-10 23:00:00+00:00;1158804.359;5.843794285714286
2024-04-11 00:00:00+00:00;1096321.549;4.906299285714286
2024-04-11 01:00:00+00:00;1069368.984;4.647806071428572
2024-04-11 02:00:00+00:00;1088873.117;4.112494285714286
2024-04-11 03:00:00+00:00;1157541.824;4.112494285714286
2024-04-11 04:00:00+00:00;1116033.421;4.112494285714286
2024-04-11 05:00:00+00:00;1064771.975;4.112494285714286
2024-04-11 06:00:00+00:00;996466.288;4.525087500000001
2024-04-11 07:00:00+00:00;945498.302;4.65
2024-04-11 08:00:00+00:00;919337.347;4.65
2024-04-11 09:00:00+00:00;887440.989;4.65
2024-04-11 10:00:00+00:00;863466.907;4.901980714285714
2024-04-11 11:00:00+00:00;865308.091;5.656294285714286
2024-04-11 12:00:00+00:00;918452.222;5.656294285714286
2024-04-11 13:00:00+00:00;1015905.682;6.7011125
2024-04-11 14:00:00+00:00;1100860.992;8.267408214285714
2024-04-11 15:00:00+00:00;1194222.012;8.008264642857144
2024-04-11 16:00:00+00:00;1313174.305;6.089747857142858
2024-04-11 17:00:00+00:00;1370801.692;5.272110714285715
2024-04-11 18:00:00+00:00;1324265.719;4.228090714285714
2024-04-11 19:00:00+00:00;1549701.105;3.5874942857142855
2024-04-11 20:00:00+00:00;1574550.165;3.3194314285714284
2024-04-11 21:00:00+00:00;1439997.988;2.5375
2024-04-11 22:00:00+00:00;1258304.101;2.5375
2024-04-11 23:00:00+00:00;1154772.299;2.5375
2024-04-12 00:00:00+00:00;1087104.244;2.0644046428571428
2024-04-12 01:00:00+00:00;1056171.623;1.4767807142857143
2024-04-12 02:00:00+00:00;1068261.955;1.2625
2024-04-12 03:00:00+00:00;1128597.88;1.2625
2024-04-12 04:00:00+00:00;1098388.376;1.2625
2024-04-12 05:00:00+00:00;1061720.203;2.2071742857142858
2024-04-12 06:00:00+00:00;1003232.991;3.6932457142857147
2024-04-12 07:00:00+00:00;958772.503;5.141453928571429
2024-04-12 08:00:00+00:00;930702.172;5.537494285714286
2024-04-12 09:00:00+00:00;900220.564;5.537494285714286
2024-04-12 10:00:00+00:00;871345.1;5.537494285714286
2024-04-12 11:00:00+00:00;863935.516;5.537494285714286
2024-04-12 12:00:00+00:00;884972.3;6.110068571428571
2024-04-12 13:00:00+00:00;936872.628;6.6063
2024-04-12 14:00:00+00:00;985582.257;7.4027360714285715
2024-04-12 15:00:00+00:00;1056058.667;9.558977142857144
2024-04-12 16:00:00+00:00;1153070.46;10.024941785714287
2024-04-12 17:00:00+00:00;1243133.262;5.950630714285714
2024-04-12 18:00:00+00:00;1261628.563;3.6869053571428574
2024-04-12 19:00:00+00:00;1536892.631;3.0874942857142855
2024-04-12 20:00:00+00:00;1577350.742;3.0874942857142855
2024-04-12 21:00:00+00:00;1426770.453;3.0874942857142855
2024-04-12 22:00:00+00:00;1290627.503;3.0874942857142855
2024-04-12 23:00:00+00:00;1197229.483;3.0874942857142855
2024-04-13 00:00:00+00:00;1127506.537;3.0874942857142855
2024-04-13 01:00:00+00:00;1091670.462;3.074645
2024-04-13 02:00:00+00:00;1086676.599;2.9437
2024-04-13 03:00:00+00:00;1102261.341;2.9437
2024-04-13 04:00:00+00:00;1069254.236;3.2593853571428575
2024-04-13 05:00:00+00:00;1103529.33;5.0125
2024-04-13 06:00:00+00:00;1119562.071;5.221402500000001
2024-04-13 07:00:00+00:00;1111672.968;6.4788660714285715
2024-04-13 08:00:00+00:00;1096726.187;8.070981428571429
2024-04-13 09:00:00+00:00;1070405.667;8.733653571428572
2024-04-13 10:00:00+00:00;1036007.952;9.9079175
2024-04-13 11:00:00+00:00;1035293.546;9.085203571428572
2024-04-13 12:00:00+00:00;1067386.702;9.313360714285713
2024-04-13 13:00:00+00:00;1136269.826;10.331
2024-04-13 14:00:00+00:00;1244062.999;10.331
2024-04-13 15:00:00+00:00;1369790.361;10.155974285714285
2024-04-13 16:00:00+00:00;1425313.384;9.104062142857142
2024-04-13 17:00:00+00:00;1389898.411;8.080394285714286
2024-04-13 18:00:00+00:00;1286711.452;7.174994285714286
2024-04-13 19:00:00+00:00;1499956.127;6.297138214285715
2024-04-13 20:00:00+00:00;1534120.044;6.1063
2024-04-13 21:00:00+00:00;1385309.572;5.636208214285714
2024-04-13 22:00:00+00:00;1238758.821;5.093794285714286
2024-04-13 23:00:00+00:00;1128762.355;5.093794285714286
2024-04-14 00:00:00+00:00;1056869.083;5.093794285714286
2024-04-14 01:00:00+00:00;1028006.84;4.996781071428572
2024-04-14 02:00:00+00:00;1013062.686;4.6375
2024-04-14 03:00:00+00:00;1015846.335;4.6375
2024-04-14 04:00:00+00:00;987217.998;4.308033928571429
2024-04-14 05:00:00+00:00;1039608.096;3.6124942857142854
2024-04-14 06:00:00+00:00;1089997.956;3.6124942857142854
2024-04-14 07:00:00+00:00;1116942.796;3.9399335714285715
2024-04-14 08:00:00+00:00;1127616.764;4.631194285714286
2024-04-14 09:00:00+00:00;1113678.068;4.631194285714286
2024-04-14 10:00:00+00:00;1100240.017;5.118743214285715
2024-04-14 11:00:00+00:00;1089189.216;5.6813
2024-04-14 12:00:00+00:00;1096527.16;5.6813
2024-04-14 13:00:00+00:00;1130002.191;7.192830357142857
2024-04-14 14:00:00+00:00;1186037.358;9.664710714285714
2024-04-14 15:00:00+00:00;1282422.472;11.820857142857141
2024-04-14 16:00:00+00:00;1368403.2;11.230631071428572
2024-04-14 17:00:00+00:00;1384316.608;8.221883571428572
2024-04-14 18:00:00+00:00;1333641.24;5.712319642857143
2024-04-14 19:00:00+00:00;1570475.844;3.8578803571428573
2024-04-14 20:00:00+00:00;1608561.142;2.5687
2024-04-14 21:00:00+00:00;1459058.813;1.6639914285714286
2024-04-14 22:00:00+00:00;1315202.787;1.25081
2024-04-14 23:00:00+00:00;1203802.211;0.0
2024-04-15 00:00:00+00:00;1119084.838;0.9824089285714285
2024-04-15 01:00:00+00:00;1081047.699;0.4730114285714286
2024-04-15 02:00:00+00:00;1095257.743;0.0
2024-04-15 03:00:00+00:00;1152355.347;0.0
2024-04-15 04:00:00+00:00;1112621.269;0.5357142857142857
2024-04-15 05:00:00+00:00;1076047.629;1.4440071428571428
2024-04-15 06:00:00+00:00;1021029.806;2.9062214285714285
2024-04-15 07:00:00+00:00;983801.86;3.1312
2024-04-15 08:00:00+00:00;964319.512;4.255615
2024-04-15 09:00:00+00:00;940361.023;5.6888667857142865
2024-04-15 10:00:00+00:00;915809.371;6.573640714285714
2024-04-15 11:00:00+00:00;920215.012;7.6375
2024-04-15 12:00:00+00:00;971373.275;7.6375
2024-04-15 13:00:00+00:00;1033522.862;7.6375
2024-04-15 14:00:00+00:00;1074943.579;7.6375
2024-04-15 15:00:00+00:00;1133263.455;7.6375
2024-04-15 16:00:00+00:00;1237792.369;7.26712962962963
2024-04-15 17:00:00+00:00;1311990.164;6.316602142857143
2024-04-15 18:00:00+00:00;1299880.224;5.581294285714286
2024-04-15 19:00:00+00:00;1545007.103;4.8730014285714285
2024-04-15 20:00:00+00:00;1577763.733;4.537494285714286
2024-04-15 21:00:00+00:00;1430146.31;4.383037857142857
2024-04-15 22:00:00+00:00;1283185.585;3.4563
2024-04-15 23:00:00+00:00;1227002.693;3.4563
2024-04-16 00:00:00+00:00;1188888.309;3.4563
2024-04-16 01:00:00+00:00;1159634.938;3.4563
2024-04-16 02:00:00+00:00;1155373.834;2.6792607142857143
2024-04-16 03:00:00+00:00;1205300.459;2.6688
2024-04-16 04:00:00+00:00;1155461.668;2.6688
2024-04-16 05:00:00+00:00;1109007.393;3.254457142857143
2024-04-16 06:00:00+00:00;1061032.127;4.021171428571429
2024-04-16 07:00:00+00:00;1033928.534;5.2226010714285716
2024-04-16 08:00:00+00:00;1024616.235;6.252341481481482
2024-04-16 09:00:00+00:00;1007660.082;7.433735357142857
2024-04-16 10:00:00+00:00;1002156.783;7.95
2024-04-16 11:00:00+00:00;1013536.765;7.95
2024-04-16 12:00:00+00:00;1057908.636;7.95
2024-04-16 13:00:00+00:00;1139233.682;7.95
2024-04-16 14:00:00+00:00;1204850.5;7.95
2024-04-16 15:00:00+00:00;1277131.973;7.016245499999999
2024-04-16 16:00:00+00:00;1365041.537;6.072495
2024-04-16 17:00:00+00:00;1414599.898;4.9287495
2024-04-16 18:00:00+00:00;1373005.286;3.8575000000000004
2024-04-16 19:00:00+00:00;1619261.301;3.75
2024-04-16 20:00:00+00:00;1670366.001;2.7
2024-04-16 21:00:00+00:00;1532683.67;1.714375
2024-04-16 22:00:00+00:00;1352881.891;1.184375
2024-04-16 23:00:00+00:00;1263335.625;0.215
2024-04-17 00:00:00+00:00;1212843.271;-0.5
2024-04-17 01:00:00+00:00;1185847.851;-1.4968255000000001
2024-04-17 02:00:00+00:00;1200614.068;-2.1
2024-04-17 03:00:00+00:00;1265073.67;-2.1
2024-04-17 04:00:00+00:00;1219640.319;-2.1
2024-04-17 05:00:00+00:00;1189322.247;-2.1
2024-04-17 06:00:00+00:00;1152551.009;-1.73706825
2024-04-17 07:00:00+00:00;1138583.355;-0.984703
2024-04-17 08:00:00+00:00;1131569.09;0.0
2024-04-17 09:00:00+00:00;1112715.641;0.05
2024-04-17 10:00:00+00:00;1095747.642;1.0
2024-04-17 11:00:00+00:00;1105926.702;1.0
2024-04-17 12:00:00+00:00;1172999.564;1.82034625
2024-04-17 13:00:00+00:00;1269894.774;2.98549
2024-04-17 14:00:00+00:00;1343261.132;4.206295
2024-04-17 15:00:00+00:00;1432089.716;5.9684165
2024-04-17 16:00:00+00:00;1531751.241;4.963556
2024-04-17 17:00:00+00:00;1582661.123;2.32345125
2024-04-17 18:00:00+00:00;1554849.216;0.05500000000000001
2024-04-17 19:00:00+00:00;1796208.1;-0.9205485
2024-04-17 20:00:00+00:00;1862577.957;-1.590575
2024-04-17 21:00:00+00:00;1741440.124;-2.32807375
2024-04-17 22:00:00+00:00;1573198.618;-3.106195
2024-04-17 23:00:00+00:00;1477535.617;-4.157184750000001
2024-04-18 00:00:00+00:00;1418351.563;-4.7156475
2024-04-18 01:00:00+00:00;1397698.226;-5.38003075
2024-04-18 02:00:00+00:00;1423008.419;-6.3375
2024-04-18 03:00:00+00:00;1475165.222;-6.3375
2024-04-18 04:00:00+00:00;1402630.566;-5.7668722500000005
2024-04-18 05:00:00+00:00;1338024.868;-4.93868025
2024-04-18 06:00:00+00:00;1267229.393;-4.12062
2024-04-18 07:00:00+00:00;1229309.705;-3.174995
2024-04-18 08:00:00+00:00;1207685.345;-2.19526
2024-04-18 09:00:00+00:00;1173577.8;-1.84986025
2024-04-18 10:00:00+00:00;1142453.648;-0.43499800000000005
2024-04-18 11:00:00+00:00;1132186.305;0.0
2024-04-18 12:00:00+00:00;1160218.817;0.29018525
2024-04-18 13:00:00+00:00;1221814.055;1.5339425
2024-04-18 14:00:00+00:00;1261303.997;4.0628329999999995
2024-04-18 15:00:00+00:00;1324318.35;7.5711915
2024-04-18 16:00:00+00:00;1438948.599;7.7500765000000005
2024-04-18 17:00:00+00:00;1532113.958;3.9245427499999996
2024-04-18 18:00:00+00:00;1539871.332;0.16407000000000002
2024-04-18 19:00:00+00:00;1818182.19;-1.1799125
2024-04-18 20:00:00+00:00;1884566.839;-2.189025
2024-04-18 21:00:00+00:00;1747075.52;-3.073757
2024-04-18 22:00:00+00:00;1634615.272;-4.11474025
2024-04-18 23:00:00+00:00;1550632.191;-4.612495
2024-04-19 00:00:00+00:00;1509035.911;-5.253118
2024-04-19 01:00:00+00:00;1515742.22;-5.67843475
2024-04-19 02:00:00+00:00;1540464.326;-6.83629
2024-04-19 03:00:00+00:00;1582946.133;-6.843795
2024-04-19 04:00:00+00:00;1502202.288;-6.489385
2024-04-19 05:00:00+00:00;1431130.918;-5.447155
2024-04-19 06:00:00+00:00;1381061.887;-4.781295
2024-04-19 07:00:00+00:00;1354094.376;-3.99289525
2024-04-19 08:00:00+00:00;1348741.333;-3.131585
2024-04-19 09:00:00+00:00;1332267.161;-2.3015167500000002
2024-04-19 10:00:00+00:00;1320182.015;-1.6312000000000002
2024-04-19 11:00:00+00:00;1337966.282;-0.88311
2024-04-19 12:00:00+00:00;1398098.499;-0.2921875
2024-04-19 13:00:00+00:00;1477451.852;1.043725
2024-04-19 14:00:00+00:00;1549620.089;2.4149785
2024-04-19 15:00:00+00:00;1643570.2;3.980405
2024-04-19 16:00:00+00:00;1740240.084;2.3358485
2024-04-19 17:00:00+00:00;1781663.202;0.07531
2024-04-19 18:00:00+00:00;1747179.803;-0.8964690000000001
2024-04-19 19:00:00+00:00;2011695.199;-1.8724560000000001
2024-04-19 20:00:00+00:00;2067749.1;-2.34527125
2024-04-19 21:00:00+00:00;1913039.574;-3.1375
2024-04-19 22:00:00+00:00;1759232.056;-3.1375
2024-04-19 23:00:00+00:00;1660764.082;-4.03526575
2024-04-20 00:00:00+00:00;1604814.487;-4.193695
2024-04-20 01:00:00+00:00;1577917.307;-4.193695
2024-04-20 02:00:00+00:00;1582005.252;-4.778785
2024-04-20 03:00:00+00:00;1606665.426;-4.843795
2024-04-20 04:00:00+00:00;1550674.464;-4.843795
2024-04-20 05:00:00+00:00;1586652.56;-4.843795
2024-04-20 06:00:00+00:00;1610718.053;-4.843795
2024-04-20 07:00:00+00:00;1615000.644;-4.043795
2024-04-20 08:00:00+00:00;1602841.439;-2.88166
2024-04-20 09:00:00+00:00;1570747.608;-1.7668700000000002
2024-04-20 10:00:00+00:00;1561192.564;-0.70312475
2024-04-20 11:00:00+00:00;1626885.543;-0.259058
2024-04-20 12:00:00+00:00;1650963.312;-0.50625
2024-04-20 13:00:00+00:00;1674255.422;-0.50625
2024-04-20 14:00:00+00:00;1733047.078;-1.3615582499999999
2024-04-20 15:00:00+00:00;1835194.127;-1.0587465
2024-04-20 16:00:00+00:00;1893302.424;-0.6790145
2024-04-20 17:00:00+00:00;1852674.479;-1.024995
2024-04-20 18:00:00+00:00;1766091.734;-1.8218699999999999
2024-04-20 19:00:00+00:00;2004387.756;-2.0874949999999997
2024-04-20 20:00:00+00:00;2066594.371;-2.599995
2024-04-20 21:00:00+00:00;1951239.543;-3.112495
2024-04-20 22:00:00+00:00;1784005.258;-3.112495
2024-04-20 23:00:00+00:00;1674991.071;-4.2125
2024-04-21 00:00:00+00:00;1605299.354;-4.2125
2024-04-21 01:00:00+00:00;1568930.932;-4.384905
2024-04-21 02:00:00+00:00;1560989.116;-4.6937
2024-04-21 03:00:00+00:00;1563530.542;-4.6937
2024-04-21 04:00:00+00:00;1503664.044;-4.246219999999999
2024-04-21 05:00:00+00:00;1539282.894;-2.84
2024-04-21 06:00:00+00:00;1570008.639;-2.525
2024-04-21 07:00:00+00:00;1583060.164;-0.8485794999999999
2024-04-21 08:00:00+00:00;1601584.866;0.0
2024-04-21 09:00:00+00:00;1569690.182;0.0
2024-04-21 10:00:00+00:00;1516871.586;0.0
2024-04-21 11:00:00+00:00;1490966.175;0.0
2024-04-21 12:00:00+00:00;1484688.497;0.0
2024-04-21 13:00:00+00:00;1499559.606;0.0
2024-04-21 14:00:00+00:00;1544892.441;-0.429983
2024-04-21 15:00:00+00:00;1627997.392;0.0
2024-04-21 16:00:00+00:00;1705696.609;-0.6703450000000001
2024-04-21 17:00:00+00:00;1714256.938;-1.0313
2024-04-21 18:00:00+00:00;1661632.846;-1.0828600000000002
2024-04-21 19:00:00+00:00;1906302.015;-2.0625
2024-04-21 20:00:00+00:00;1970844.197;-2.0625
2024-04-21 21:00:00+00:00;1852664.405;-2.0625
2024-04-21 22:00:00+00:00;1710861.019;-2.5451
2024-04-21 23:00:00+00:00;1631375.036;-3.125
2024-04-22 00:00:00+00:00;1592380.899;-3.7196599999999997
2024-04-22 01:00:00+00:00;1581723.021;-4.854979999999999
2024-04-22 02:00:00+00:00;1597203.541;-5.3875
2024-04-22 03:00:00+00:00;1642322.828;-5.3875
2024-04-22 04:00:00+00:00;1561618.893;-5.3875
2024-04-22 05:00:00+00:00;1489156.736;-4.717155
2024-04-22 06:00:00+00:00;1422587.264;-4.147460000000001
2024-04-22 07:00:00+00:00;1384025.525;-3.079875
2024-04-22 08:00:00+00:00;1375431.82;-2.3063
2024-04-22 09:00:00+00:00;1363135.324;-1.072515
2024-04-22 10:00:00+00:00;1351808.997;0.0
2024-04-22 11:00:00+00:00;1364969.781;0.0
2024-04-22 12:00:00+00:00;1418537.992;0.686595
2024-04-22 13:00:00+00:00;1506176.578;0.369705
2024-04-22 14:00:00+00:00;1567985.508;0.0
2024-04-22 15:00:00+00:00;1634882.483;-0.7456145
2024-04-22 16:00:00+00:00;1718790.635;-1.259295
2024-04-22 17:00:00+00:00;1756323.108;-2.075
2024-04-22 18:00:00+00:00;1720820.316;-2.3918600000000003
2024-04-22 19:00:00+00:00;1982922.054;-3.1312
2024-04-22 20:00:00+00:00;2036140.119;-3.1312
2024-04-22 21:00:00+00:00;1879142.156;-3.1312
2024-04-22 22:00:00+00:00;1681086.67;-3.1312
2024-04-22 23:00:00+00:00;1582089.946;-3.1312
2024-04-23 00:00:00+00:00;1524843.241;-3.1312
2024-04-23 01:00:00+00:00;1500245.48;-3.12339
2024-04-23 02:00:00+00:00;1507213.077;-2.975
2024-04-23 03:00:00+00:00;1558609.02;-2.975
2024-04-23 04:00:00+00:00;1507124.564;-2.477185
2024-04-23 05:00:00+00:00;1482466.54;-1.6537849999999998
2024-04-23 06:00:00+00:00;1449264.055;-0.91875
2024-04-23 07:00:00+00:00;1431716.104;-0.8118845
2024-04-23 08:00:00+00:00;1419717.464;0.525
2024-04-23 09:00:00+00:00;1381389.932;0.68625
2024-04-23 10:00:00+00:00;1353003.67;1.6
2024-04-23 11:00:00+00:00;1343245.167;2.16716
2024-04-23 12:00:00+00:00;1375295.643;2.69123
2024-04-23 13:00:00+00:00;1449254.688;2.8313
2024-04-23 14:00:00+00:00;1501681.732;2.8313
2024-04-23 15:00:00+00:00;1562550.25;2.8313
2024-04-23 16:00:00+00:00;1642469.759;2.8313
2024-04-23 17:00:00+00:00;1674645.792;2.8313
2024-04-23 18:00:00+00:00;1629466.16;2.8313
2024-04-23 19:00:00+00:00;1874285.446;2.8313
2024-04-23 20:00:00+00:00;1945193.94;2.8313
2024-04-23 21:00:00+00:00;1810491.122;2.8313
2024-04-23 22:00:00+00:00;1623416.033;2.5189700000000004
2024-04-23 23:00:00+00:00;1516937.766;1.8
2024-04-24 00:00:00+00:00;1456800.543;1.8
2024-04-24 01:00:00+00:00;1427602.399;1.782645
2024-04-24 02:00:00+00:00;1432485.866;1.3438
2024-04-24 03:00:00+00:00;1476825.571;1.3438
2024-04-24 04:00:00+00:00;1407189.173;2.1172
2024-04-24 05:00:00+00:00;1353751.701;2.375
2024-04-24 06:00:00+00:00;1292786.202;2.375
2024-04-24 07:00:00+00:00;1245353.546;3.1187300000000002
2024-04-24 08:00:00+00:00;1208104.352;4.4625
2024-04-24 09:00:00+00:00;1156890.698;5.01593
2024-04-24 10:00:00+00:00;1122019.684;4.54375
2024-04-24 11:00:00+00:00;1117841.114;4.4437
2024-04-24 12:00:00+00:00;1155110.758;4.4437
2024-04-24 13:00:00+00:00;1219885.019;4.4437
2024-04-24 14:00:00+00:00;1273249.497;4.4437
2024-04-24 15:00:00+00:00;1347300.518;4.4437
2024-04-24 16:00:00+00:00;1446245.54;4.492310000000001
2024-04-24 17:00:00+00:00;1487747.331;2.9594
2024-04-24 18:00:00+00:00;1465108.485;1.7360900000000001
2024-04-24 19:00:00+00:00;1728825.185;1.3875
2024-04-24 20:00:00+00:00;1782458.867;1.3875
2024-04-24 21:00:00+00:00;1640581.503;1.3875
2024-04-24 22:00:00+00:00;1485801.661;1.3875
2024-04-24 23:00:00+00:00;1400340.89;1.3875
2024-04-25 00:00:00+00:00;1353660.399;1.3875
2024-04-25 01:00:00+00:00;1327965.744;1.3875
2024-04-25 02:00:00+00:00;1337874.422;1.6575
2024-04-25 03:00:00+00:00;1361885.233;1.79437
2024-04-25 04:00:00+00:00;1287230.253;2.7562
2024-04-25 05:00:00+00:00;1230435.238;2.8312350000000004
2024-04-25 06:00:00+00:00;1172422.234;5.178325
2024-04-25 07:00:00+00:00;1129106.972;5.9313
2024-04-25 08:00:00+00:00;1104706.817;6.956300000000001
2024-04-25 09:00:00+00:00;1088666.732;7.451300000000001
2024-04-25 10:00:00+00:00;1084582.303;8.0563
2024-04-25 11:00:00+00:00;1115575.955;8.578149999999999
2024-04-25 12:00:00+00:00;1195775.838;9.1
2024-04-25 13:00:00+00:00;1273200.181;9.9006
2024-04-25 14:00:00+00:00;1326749.113;10.181
2024-04-25 15:00:00+00:00;1392301.964;10.181
2024-04-25 16:00:00+00:00;1478921.206;9.3259
2024-04-25 17:00:00+00:00;1523462.605;8.150479999999998
2024-04-25 18:00:00+00:00;1488215.312;7.075
2024-04-25 19:00:00+00:00;1740403.738;6.16652
2024-04-25 20:00:00+00:00;1770672.019;5.240609999999999
2024-04-25 21:00:00+00:00;1626180.688;4.5493749999999995
2024-04-25 22:00:00+00:00;1448803.15;3.875
2024-04-25 23:00:00+00:00;1361463.992;3.875
2024-04-26 00:00:00+00:00;1309956.724;2.8313
2024-04-26 01:00:00+00:00;1276948.646;2.57255
2024-04-26 02:00:00+00:00;1266501.275;1.9688000000000003
2024-04-26 03:00:00+00:00;1307934.517;1.9688000000000003
2024-04-26 04:00:00+00:00;1258012.257;3.0313
2024-04-26 05:00:00+00:00;1226431.549;3.0313
2024-04-26 06:00:00+00:00;1188424.661;3.396595
2024-04-26 07:00:00+00:00;1157184.555;4.075
2024-04-26 08:00:00+00:00;1139430.097;5.03125
2024-04-26 09:00:00+00:00;1114527.491;5.204315
2024-04-26 10:00:00+00:00;1102322.721;6.1875
2024-04-26 11:00:00+00:00;1156086.076;6.1875
2024-04-26 12:00:00+00:00;1206470.731;6.1875
2024-04-26 13:00:00+00:00;1252528.487;6.1875
2024-04-26 14:00:00+00:00;1289279.057;5.26828
2024-04-26 15:00:00+00:00;1348333.502;4.9825
2024-04-26 16:00:00+00:00;1412929.239;4.1625
2024-04-26 17:00:00+00:00;1435448.725;4.1625
2024-04-26 18:00:00+00:00;1418016.514;3.8790050000000003
2024-04-26 19:00:00+00:00;1706797.004;3.0813
2024-04-26 20:00:00+00:00;1754670.35;3.0813
2024-04-26 21:00:00+00:00;1592191.473;3.0813
2024-04-26 22:00:00+00:00;1430074.376;3.0813
2024-04-26 23:00:00+00:00;1338267.745;3.0813
2024-04-27 00:00:00+00:00;1281608.201;3.0813
2024-04-27 01:00:00+00:00;1236588.23;3.04569
2024-04-27 02:00:00+00:00;1223213.42;2.9188
2024-04-27 03:00:00+00:00;1220329.387;2.9188
2024-04-27 04:00:00+00:00;1178968.561;3.8006750000000005
2024-04-27 05:00:00+00:00;1214523.36;3.9563
2024-04-27 06:00:00+00:00;1229969.849;4.3937800000000005
2024-04-27 07:00:00+00:00;1220272.152;5.56565
2024-04-27 08:00:00+00:00;1201651.985;6.0813
2024-04-27 09:00:00+00:00;1186478.502;6.0813
2024-04-27 10:00:00+00:00;1152256.541;6.756024999999999
2024-04-27 11:00:00+00:00;1123961.662;6.56189
2024-04-27 12:00:00+00:00;1111608.586;6.549415000000001
2024-04-27 13:00:00+00:00;1141632.451;8.78567
2024-04-27 14:00:00+00:00;1215986.333;8.92941
2024-04-27 15:00:00+00:00;1336832.611;7.21848
2024-04-27 16:00:00+00:00;1405390.62;7.0563
2024-04-27 17:00:00+00:00;1375589.829;6.1821399999999995
2024-04-27 18:00:00+00:00;1301231.089;5.18
2024-04-27 19:00:00+00:00;1553133.337;4.975
2024-04-27 20:00:00+00:00;1606087.444;4.92094
2024-04-27 21:00:00+00:00;1452154.55;3.8938
2024-04-27 22:00:00+00:00;1277938.911;3.8938
2024-04-27 23:00:00+00:00;1182969.644;3.8938
2024-04-28 00:00:00+00:00;1129019.598;3.8938
2024-04-28 01:00:00+00:00;1108937.926;3.72035
2024-04-28 02:00:00+00:00;1114329.433;3.2
2024-04-28 03:00:00+00:00;1126439.209;3.2
2024-04-28 04:00:00+00:00;1098314.437;3.2
2024-04-28 05:00:00+00:00;1120624.751;3.2
2024-04-28 06:00:00+00:00;1141416.831;3.4012599999999997
2024-04-28 07:00:00+00:00;1151821.828;4.359695
2024-04-28 08:00:00+00:00;1148068.708;5.2813
2024-04-28 09:00:00+00:00;1122572.57;5.9225200000000005
2024-04-28 10:00:00+00:00;1090907.281;6.35
2024-04-28 11:00:00+00:00;1064628.865;5.382235
2024-04-28 12:00:00+00:00;1056703.822;5.3313
2024-04-28 13:00:00+00:00;1056762.71;5.3313
2024-04-28 14:00:00+00:00;1087608.163;5.3313
2024-04-28 15:00:00+00:00;1189995.585;4.2625
2024-04-28 16:00:00+00:00;1287979.468;3.7246500000000005
2024-04-28 17:00:00+00:00;1309060.381;3.225
2024-04-28 18:00:00+00:00;1248229.078;2.7219
2024-04-28 19:00:00+00:00;1483158.425;2.2188
2024-04-28 20:00:00+00:00;1522366.519;2.2188
2024-04-28 21:00:00+00:00;1376689.159;2.2188
2024-04-28 22:00:00+00:00;1216736.448;2.2188
2024-04-28 23:00:00+00:00;1135749.6;2.2188
2024-04-29 00:00:00+00:00;1090114.853;2.2188
2024-04-29 01:00:00+00:00;1067998.745;1.4688
2024-04-29 02:00:00+00:00;1069220.102;1.2188
2024-04-29 03:00:00+00:00;1105156.992;1.2188
2024-04-29 04:00:00+00:00;1035837.182;2.01322
2024-04-29 05:00:00+00:00;975231.63;3.61098
2024-04-29 06:00:00+00:00;904299.298;4.633325
2024-04-29 07:00:00+00:00;862562.843;6.3325000000000005
2024-04-29 08:00:00+00:00;844615.862;6.4375
2024-04-29 09:00:00+00:00;831996.41;8.072215
2024-04-29 10:00:00+00:00;818164.79;8.6188
2024-04-29 11:00:00+00:00;831446.581;9.339975
2024-04-29 12:00:00+00:00;865045.042;10.415175
2024-04-29 13:00:00+00:00;921687.254;10.387049999999999
2024-04-29 14:00:00+00:00;968142.916;9.23408
2024-04-29 15:00:00+00:00;1021605.918;8.5313
2024-04-29 16:00:00+00:00;1114511.942;7.7613
2024-04-29 17:00:00+00:00;1167985.111;6.907325
2024-04-29 18:00:00+00:00;1132381.549;6.3875
2024-04-29 19:00:00+00:00;1366294.158;6.3875
2024-04-29 20:00:00+00:00;1380219.113;6.3875
2024-04-29 21:00:00+00:00;1211605.841;6.3875
2024-04-29 22:00:00+00:00;1083758.657;6.3875
2024-04-29 23:00:00+00:00;996121.305;5.395985
2024-04-30 00:00:00+00:00;931936.957;4.992315
2024-04-30 01:00:00+00:00;911211.228;4.154725
2024-04-30 02:00:00+00:00;927188.653;3.72219
2024-04-30 03:00:00+00:00;980356.283;2.7188
2024-04-30 04:00:00+00:00;935342.285;2.7188
2024-04-30 05:00:00+00:00;896564.251;2.7188
2024-04-30 06:00:00+00:00;849459.94;2.7188
2024-04-30 07:00:00+00:00;821381.463;2.7188
2024-04-30 08:00:00+00:00;808985.574;2.7188
2024-04-30 09:00:00+00:00;793937.545;2.7188
2024-04-30 10:00:00+00:00;792615.489;2.7188
2024-04-30 11:00:00+00:00;815561.647;3.5250500000000002
2024-04-30 12:00:00+00:00;863018.185;3.9606749999999997
2024-04-30 13:00:00+00:00;900531.159;4.9063
2024-04-30 14:00:00+00:00;924489.731;4.9063
2024-04-30 15:00:00+00:00;959565.859;4.9063
2024-04-30 16:00:00+00:00;1012852.671;4.9063
2024-04-30 17:00:00+00:00;1045063.024;4.9063
2024-04-30 18:00:00+00:00;1042821.036;4.5333
2024-04-30 19:00:00+00:00;1329567.296;3.5375500000000004
2024-04-30 20:00:00+00:00;1386632.117;2.58628
2024-04-30 21:00:00+00:00;1238737.842;1.13373
2024-04-30 22:00:00+00:00;1092787.056;0.71875
2024-04-30 23:00:00+00:00;1018538.23;-0.32781249999999995
2024-05-01 00:00:00+00:00;982388.849;-0.5125
2024-05-01 01:00:00+00:00;973957.441;-1.18845
2024-05-01 02:00:00+00:00;971947.29;-1.5437
2024-05-01 03:00:00+00:00;967901.358;-0.8490350000000001
2024-05-01 04:00:00+00:00;893970.678;1.2381405
2024-05-01 05:00:00+00:00;901839.941;3.82097
2024-05-01 06:00:00+00:00;919218.756;5.6613
2024-05-01 07:00:00+00:00;913122.932;6.3063
2024-05-01 08:00:00+00:00;887841.588;6.579725000000001
2024-05-01 09:00:00+00:00;859126.914;7.4
2024-05-01 10:00:00+00:00;838085.936;7.554695000000001
2024-05-01 11:00:00+00:00;843910.104;8.4313
2024-05-01 12:00:00+00:00;844691.78;8.841585
2024-05-01 13:00:00+00:00;848187.176;10.55955
2024-05-01 14:00:00+00:00;879386.867;11.9626
2024-05-01 15:00:00+00:00;968405.836;15.08245
2024-05-01 16:00:00+00:00;1071151.847;16.190450000000002
2024-05-01 17:00:00+00:00;1090457.695;16.51515
2024-05-01 18:00:00+00:00;1039217.955;10.996559999999999
2024-05-01 19:00:00+00:00;1290248.232;8.226895
2024-05-01 20:00:00+00:00;1332937.639;5.784999999999999
2024-05-01 21:00:00+00:00;1182620.108;4.7181
2024-05-01 22:00:00+00:00;1027726.708;3.2063
2024-05-01 23:00:00+00:00;970001.226;2.3688550000000004
2024-05-02 00:00:00+00:00;932292.004;1.96816
2024-05-02 01:00:00+00:00;912519.872;1.0171875
2024-05-02 02:00:00+00:00;929422.903;0.8128874999999999
2024-05-02 03:00:00+00:00;957740.204;2.002585
2024-05-02 04:00:00+00:00;878227.164;3.2
2024-05-02 05:00:00+00:00;807911.484;5.1906
2024-05-02 06:00:00+00:00;741018.274;8.411885
2024-05-02 07:00:00+00:00;701841.335;10.194
2024-05-02 08:00:00+00:00;686047.268;10.399000000000001
2024-05-02 09:00:00+00:00;670836.967;12.0838
2024-05-02 10:00:00+00:00;655943.66;13.06025
2024-05-02 11:00:00+00:00;664879.762;15.15865
2024-05-02 12:00:00+00:00;704403.592;14.71455
2024-05-02 13:00:00+00:00;753199.223;14.325
2024-05-02 14:00:00+00:00;787271.334;15.2957
2024-05-02 15:00:00+00:00;830093.522;14.236349999999998
2024-05-02 16:00:00+00:00;914423.926;13.014000000000001
2024-05-02 17:00:00+00:00;987113.225;12.213
2024-05-02 18:00:00+00:00;990878.985;11.30925
2024-05-02 19:00:00+00:00;1254288.075;9.490199999999998
2024-05-02 20:00:00+00:00;1284130.007;8.31816
2024-05-02 21:00:00+00:00;1122850.716;7.9938
2024-05-02 22:00:00+00:00;1000667.336;7.9938
2024-05-02 23:00:00+00:00;919125.919;7.9938
2024-05-03 00:00:00+00:00;858792.303;6.97255
2024-05-03 01:00:00+00:00;829429.347;6.735040000000001
2024-05-03 02:00:00+00:00;840732.708;6.0
2024-05-03 03:00:00+00:00;884950.76;6.0
2024-05-03 04:00:00+00:00;851467.067;6.05094
2024-05-03 05:00:00+00:00;829730.863;7.3337699999999995
2024-05-03 06:00:00+00:00;792264.963;8.890335
2024-05-03 07:00:00+00:00;770236.584;9.86625
2024-05-03 08:00:00+00:00;753585.58;9.36
2024-05-03 09:00:00+00:00;727321.404;10.722
2024-05-03 10:00:00+00:00;714140.474;12.232949999999999
2024-05-03 11:00:00+00:00;719898.525;13.344
2024-05-03 12:00:00+00:00;742439.749;13.5642
2024-05-03 13:00:00+00:00;791293.902;16.0768
2024-05-03 14:00:00+00:00;834743.506;18.014
2024-05-03 15:00:00+00:00;897266.818;15.433000000000002
2024-05-03 16:00:00+00:00;966258.124;13.28595
2024-05-03 17:00:00+00:00;1013267.291;12.344
2024-05-03 18:00:00+00:00;1022141.997;11.6132
2024-05-03 19:00:00+00:00;1286756.828;10.89
2024-05-03 20:00:00+00:00;1303818.85;10.110945000000001
2024-05-03 21:00:00+00:00;1133456.377;9.1813
2024-05-03 22:00:00+00:00;986727.277;8.586585
2024-05-03 23:00:00+00:00;917433.559;8.1
2024-05-04 00:00:00+00:00;862059.722;7.265040000000001
2024-05-04 01:00:00+00:00;815401.677;7.0563
2024-05-04 02:00:00+00:00;797260.324;7.0563
2024-05-04 03:00:00+00:00;798442.777;7.0563
2024-05-04 04:00:00+00:00;769045.048;7.0563
2024-05-04 05:00:00+00:00;805232.09;7.7781400000000005
2024-05-04 06:00:00+00:00;825077.994;8.686785
2024-05-04 07:00:00+00:00;824036.58;10.164845
2024-05-04 08:00:00+00:00;819458.391;11.244
2024-05-04 09:00:00+00:00;803998.439;11.72775
2024-05-04 10:00:00+00:00;785159.378;12.319
2024-05-04 11:00:00+00:00;794894.805;12.319
2024-05-04 12:00:00+00:00;800825.989;12.319
2024-05-04 13:00:00+00:00;817277.258;12.319
2024-05-04 14:00:00+00:00;885400.522;12.319
2024-05-04 15:00:00+00:00;998210.74;12.319
2024-05-04 16:00:00+00:00;1077271.158;11.4136
2024-05-04 17:00:00+00:00;1076929.785;11.336
2024-05-04 18:00:00+00:00;1017405.069;9.943335000000001
2024-05-04 19:00:00+00:00;1254601.882;7.371250000000001
2024-05-04 20:00:00+00:00;1293375.503;5.60447
2024-05-04 21:00:00+00:00;1135772.889;4.34005
2024-05-04 22:00:00+00:00;969339.963;3.11689
2024-05-04 23:00:00+00:00;882718.584;2.25623
2024-05-05 00:00:00+00:00;834187.289;1.7938000000000003
2024-05-05 01:00:00+00:00;818485.603;1.86814
2024-05-05 02:00:00+00:00;818774.827;2.0062
2024-05-05 03:00:00+00:00;815282.099;2.0062
2024-05-05 04:00:00+00:00;775074.019;2.0062
2024-05-05 05:00:00+00:00;811592.525;2.47312
2024-05-05 06:00:00+00:00;850634.938;3.6513000000000004
2024-05-05 07:00:00+00:00;883293.643;4.215675
2024-05-05 08:00:00+00:00;914343.609;5.1188
2024-05-05 09:00:00+00:00;938029.234;5.1188
2024-05-05 10:00:00+00:00;932004.261;5.88005
2024-05-05 11:00:00+00:00;929587.026;6.644265
2024-05-05 12:00:00+00:00;929652.273;7.338800000000001
2024-05-05 13:00:00+00:00;945874.322;7.59125
2024-05-05 14:00:00+00:00;995573.523;7.34559
2024-05-05 15:00:00+00:00;1074217.248;6.921849999999999
2024-05-05 16:00:00+00:00;1170878.124;5.27622
2024-05-05 17:00:00+00:00;1193507.607;5.0687
2024-05-05 18:00:00+00:00;1138308.728;4.06531
2024-05-05 19:00:00+00:00;1367433.558;3.253125
2024-05-05 20:00:00+00:00;1402660.147;3.0
2024-05-05 21:00:00+00:00;1284051.607;2.88875
2024-05-05 22:00:00+00:00;1122192.737;1.8875
2024-05-05 23:00:00+00:00;1037233.874;1.8875
2024-05-06 00:00:00+00:00;989163.746;1.8875
2024-05-06 01:00:00+00:00;972061.005;1.609705
2024-05-06 02:00:00+00:00;983234.37;1.0938
2024-05-06 03:00:00+00:00;1026889.3;1.0938
2024-05-06 04:00:00+00:00;963181.163;1.8484500000000001
2024-05-06 05:00:00+00:00;917007.33;2.9450399999999997
2024-05-06 06:00:00+00:00;867250.203;3.88689
2024-05-06 07:00:00+00:00;846606.308;4.2
2024-05-06 08:00:00+00:00;846196.172;4.589375
2024-05-06 09:00:00+00:00;837541.411;5.3125
2024-05-06 10:00:00+00:00;823326.688;5.7275
2024-05-06 11:00:00+00:00;827261.038;5.895
2024-05-06 12:00:00+00:00;868389.337;5.989025
2024-05-06 13:00:00+00:00;947341.673;6.27599
2024-05-06 14:00:00+00:00;995585.022;6.746899999999999
2024-05-06 15:00:00+00:00;1054336.56;8.79315
2024-05-06 16:00:00+00:00;1147584.4;8.103159999999999
2024-05-06 17:00:00+00:00;1216692.392;8.30247
2024-05-06 18:00:00+00:00;1206400.799;5.118785
2024-05-06 19:00:00+00:00;1470525.132;4.1312
2024-05-06 20:00:00+00:00;1504962.863;4.078075
2024-05-06 21:00:00+00:00;1377293.664;3.0687
2024-05-06 22:00:00+00:00;1224842.732;3.0687
2024-05-06 23:00:00+00:00;1160846.531;2.9649600000000005
2024-05-07 00:00:00+00:00;1114848.604;2.0313
2024-05-07 01:00:00+00:00;1102549.241;1.9058199999999998
2024-05-07 02:00:00+00:00;1110802.603;1.625
2024-05-07 03:00:00+00:00;1142701.57;1.625
2024-05-07 04:00:00+00:00;1056928.24;2.23628
2024-05-07 05:00:00+00:00;988598.415;2.6438
2024-05-07 06:00:00+00:00;932012.256;3.3344250000000004
2024-05-07 07:00:00+00:00;908330.001;3.7063
2024-05-07 08:00:00+00:00;904161.915;3.968775
2024-05-07 09:00:00+00:00;891622.166;4.7562
2024-05-07 10:00:00+00:00;879481.239;4.7562
2024-05-07 11:00:00+00:00;891967.204;5.161239999999999
2024-05-07 12:00:00+00:00;937922.996;5.457495
2024-05-07 13:00:00+00:00;1017173.024;6.07561
2024-05-07 14:00:00+00:00;1079226.303;6.832825
2024-05-07 15:00:00+00:00;1147075.507;8.719695
2024-05-07 16:00:00+00:00;1232015.026;10.176615
2024-05-07 17:00:00+00:00;1283450.081;10.397549999999999
2024-05-07 18:00:00+00:00;1277519.042;7.26011
2024-05-07 19:00:00+00:00;1539318.063;3.92091
2024-05-07 20:00:00+00:00;1635204.699;2.6025
2024-05-07 21:00:00+00:00;1541448.118;1.5875
2024-05-07 22:00:00+00:00;1388178.065;0.724477
2024-05-07 23:00:00+00:00;1290559.141;-0.5
2024-05-08 00:00:00+00:00;1236971.726;-1.2187050000000001
2024-05-08 01:00:00+00:00;1216561.414;-1.70647
2024-05-08 02:00:00+00:00;1228529.431;-2.0563
2024-05-08 03:00:00+00:00;1242420.069;-1.6062999999999998
2024-05-08 04:00:00+00:00;1133825.01;0.0
2024-05-08 05:00:00+00:00;1051312.583;0.7356025
2024-05-08 06:00:00+00:00;977118.409;1.7081250000000001
2024-05-08 07:00:00+00:00;935717.281;2.46156
2024-05-08 08:00:00+00:00;912135.094;3.1625
2024-05-08 09:00:00+00:00;883737.823;3.1625
2024-05-08 10:00:00+00:00;869135.392;3.1625
2024-05-08 11:00:00+00:00;871844.952;3.1625
2024-05-08 12:00:00+00:00;908408.039;4.167675000000001
2024-05-08 13:00:00+00:00;953652.594;4.757015
2024-05-08 14:00:00+00:00;983367.766;6.196585
2024-05-08 15:00:00+00:00;1039413.986;8.248685
2024-05-08 16:00:00+00:00;1125512.46;8.960725
2024-05-08 17:00:00+00:00;1194843.94;9.88112
2024-05-08 18:00:00+00:00;1211837.965;8.438844999999999
2024-05-08 19:00:00+00:00;1498225.476;4.1663
2024-05-08 20:00:00+00:00;1542894.42;2.2590200000000005
2024-05-08 21:00:00+00:00;1400668.203;0.45278999999999997
2024-05-08 22:00:00+00:00;1263702.865;0.0
2024-05-08 23:00:00+00:00;1193134.064;-0.6094465
2024-05-09 00:00:00+00:00;1174679.757;-1.779675
2024-05-09 01:00:00+00:00;1169808.283;-2.339375
2024-05-09 02:00:00+00:00;1159156.529;-2.796735
2024-05-09 03:00:00+00:00;1130423.74;-1.415
2024-05-09 04:00:00+00:00;1051437.35;1.1121874999999999
2024-05-09 05:00:00+00:00;1047732.286;2.884375
2024-05-09 06:00:00+00:00;1055650.712;4.11252
2024-05-09 07:00:00+00:00;1060980.097;4.7313
2024-05-09 08:00:00+00:00;1070473.333;5.5913
2024-05-09 09:00:00+00:00;1042849.866;5.953950000000001
2024-05-09 10:00:00+00:00;1036220.568;6.831300000000001
2024-05-09 11:00:00+00:00;1043741.371;6.831300000000001
2024-05-09 12:00:00+00:00;1048395.013;6.831300000000001
2024-05-09 13:00:00+00:00;1050976.172;7.6655999999999995
2024-05-09 14:00:00+00:00;1071340.37;6.958360000000001
2024-05-09 15:00:00+00:00;1151088.854;6.506695000000001
2024-05-09 16:00:00+00:00;1262897.19;5.35
2024-05-09 17:00:00+00:00;1310692.676;4.8125
2024-05-09 18:00:00+00:00;1261464.507;4.759375
2024-05-09 19:00:00+00:00;1490924.337;3.75
2024-05-09 20:00:00+00:00;1506306.866;3.75
2024-05-09 21:00:00+00:00;1350825.907;3.75
2024-05-09 22:00:00+00:00;1174322.986;3.75
2024-05-09 23:00:00+00:00;1087022.072;3.75
2024-05-10 00:00:00+00:00;1038674.934;2.78817
2024-05-10 01:00:00+00:00;1005274.558;2.54347
2024-05-10 02:00:00+00:00;1000369.311;2.2875
2024-05-10 03:00:00+00:00;1020144.633;2.2875
2024-05-10 04:00:00+00:00;989419.025;2.2875
2024-05-10 05:00:00+00:00;1003044.998;2.8022099999999996
2024-05-10 06:00:00+00:00;998382.094;3.5375499999999995
2024-05-10 07:00:00+00:00;982651.762;4.4938
2024-05-10 08:00:00+00:00;966593.418;5.168175
2024-05-10 09:00:00+00:00;930737.223;6.009425
2024-05-10 10:00:00+00:00;904182.96;6.373794999999999
2024-05-10 11:00:00+00:00;898093.834;4.4063
2024-05-10 12:00:00+00:00;913298.579;4.745659999999999
2024-05-10 13:00:00+00:00;953341.81;4.4063
2024-05-10 14:00:00+00:00;1000605.078;4.87313
2024-05-10 15:00:00+00:00;1070671.797;6.069979999999999
2024-05-10 16:00:00+00:00;1153453.125;6.644374999999999
2024-05-10 17:00:00+00:00;1195804.432;5.976145
2024-05-10 18:00:00+00:00;1173383.378;4.682824999999999
2024-05-10 19:00:00+00:00;1435650.431;4.425
2024-05-10 20:00:00+00:00;1478693.35;4.425
2024-05-10 21:00:00+00:00;1340112.751;4.3715649999999995
2024-05-10 22:00:00+00:00;1201296.791;3.3563
2024-05-10 23:00:00+00:00;1105795.729;3.3563
2024-05-11 00:00:00+00:00;1049783.333;3.3563
2024-05-11 01:00:00+00:00;1019959.176;2.21625
2024-05-11 02:00:00+00:00;1005100.618;2.05
2024-05-11 03:00:00+00:00;983309.554;2.530705
2024-05-11 04:00:00+00:00;915742.626;3.3984
2024-05-11 05:00:00+00:00;928473.644;4.898750000000001
2024-05-11 06:00:00+00:00;937584.886;6.01
2024-05-11 07:00:00+00:00;945554.516;6.325
2024-05-11 08:00:00+00:00;947607.192;6.33715
2024-05-11 09:00:00+00:00;937658.23;7.393800000000001
2024-05-11 10:00:00+00:00;921394.287;7.714409999999999
2024-05-11 11:00:00+00:00;911713.729;8.4625
2024-05-11 12:00:00+00:00;913640.566;8.4625
2024-05-11 13:00:00+00:00;941046.363;8.4625
2024-05-11 14:00:00+00:00;1000840.533;9.360355000000002
2024-05-11 15:00:00+00:00;1096465.694;10.78669
2024-05-11 16:00:00+00:00;1181494.923;11.992
2024-05-11 17:00:00+00:00;1196843.873;12.238000000000001
2024-05-11 18:00:00+00:00;1151352.619;10.572215
2024-05-11 19:00:00+00:00;1380657.782;7.7356549999999995
2024-05-11 20:00:00+00:00;1424171.824;6.17872
2024-05-11 21:00:00+00:00;1294107.056;4.5690800000000005
2024-05-11 22:00:00+00:00;1147529.006;3.08782
2024-05-11 23:00:00+00:00;1062328.916;2.1688
2024-05-12 00:00:00+00:00;1013353.554;1.44689
2024-05-12 01:00:00+00:00;999156.553;1.12625
2024-05-12 02:00:00+00:00;991610.704;2.059285
2024-05-12 03:00:00+00:00;962423.48;2.92872
2024-05-12 04:00:00+00:00;886638.614;3.4630900000000002
2024-05-12 05:00:00+00:00;904567.902;5.16299
2024-05-12 06:00:00+00:00;932110.979;6.90852
2024-05-12 07:00:00+00:00;961559.465;9.780764999999999
2024-05-12 08:00:00+00:00;969044.171;10.81855
2024-05-12 09:00:00+00:00;954613.953;11.094145000000001
2024-05-12 10:00:00+00:00;931827.781;8.67375
2024-05-12 11:00:00+00:00;913957.081;8.5125
2024-05-12 12:00:00+00:00;901460.578;7.73851
2024-05-12 13:00:00+00:00;911257.109;8.06128
2024-05-12 14:00:00+00:00;955699.988;8.4688
2024-05-12 15:00:00+00:00;1032923.433;8.575050000000001
2024-05-12 16:00:00+00:00;1085460.427;9.5313
2024-05-12 17:00:00+00:00;1108469.66;9.084475000000001
2024-05-12 18:00:00+00:00;1063666.771;8.5062
2024-05-12 19:00:00+00:00;1273638.656;8.5062
2024-05-12 20:00:00+00:00;1298657.489;7.4031649999999996
2024-05-12 21:00:00+00:00;1159190.979;6.4
2024-05-12 22:00:00+00:00;1007839.748;5.2488
2024-05-12 23:00:00+00:00;920017.386;4.2813
2024-05-13 00:00:00+00:00;867233.828;3.2188000000000003
2024-05-13 01:00:00+00:00;837177.028;3.059095
2024-05-13 02:00:00+00:00;830950.476;3.0109950000000003
2024-05-13 03:00:00+00:00;854380.681;4.8828499999999995
2024-05-13 04:00:00+00:00;801299.79;6.856605
2024-05-13 05:00:00+00:00;759733.999;7.281274999999999
2024-05-13 06:00:00+00:00;710664.934;9.148150000000001
2024-05-13 07:00:00+00:00;679362.699;11.3925
2024-05-13 08:00:00+00:00;663646.899;13.2537
2024-05-13 09:00:00+00:00;665621.064;14.388
2024-05-13 10:00:00+00:00;643911.646;14.9939
2024-05-13 11:00:00+00:00;638578.153;15.481
2024-05-13 12:00:00+00:00;664850.151;15.481
2024-05-13 13:00:00+00:00;718218.994;15.481
2024-05-13 14:00:00+00:00;750388.465;16.11465
2024-05-13 15:00:00+00:00;778285.608;17.634149999999998
2024-05-13 16:00:00+00:00;844468.433;19.23995
2024-05-13 17:00:00+00:00;902566.55;20.6072
2024-05-13 18:00:00+00:00;892795.106;17.542650000000002
2024-05-13 19:00:00+00:00;1130396.924;13.328799999999998
2024-05-13 20:00:00+00:00;1133800.583;11.2509
2024-05-13 21:00:00+00:00;967535.025;9.75893
2024-05-13 22:00:00+00:00;804756.553;8.7288
2024-05-13 23:00:00+00:00;750699.242;7.728175
2024-05-14 00:00:00+00:00;735724.007;6.9313
2024-05-14 01:00:00+00:00;724924.823;6.839410000000001
2024-05-14 02:00:00+00:00;727502.34;7.3730899999999995
2024-05-14 03:00:00+00:00;756132.619;8.52874
2024-05-14 04:00:00+00:00;707860.41;9.880149999999999
2024-05-14 05:00:00+00:00;664697.54;12.0693
2024-05-14 06:00:00+00:00;621594.489;14.504050000000001
2024-05-14 07:00:00+00:00;595298.201;16.301799999999997
2024-05-14 08:00:00+00:00;588602.936;17.43745
2024-05-14 09:00:00+00:00;584027.009;18.206
2024-05-14 10:00:00+00:00;588058.114;18.99665
2024-05-14 11:00:00+00:00;603230.596;19.31875
2024-05-14 12:00:00+00:00;652008.397;20.123333333333335
2024-05-14 13:00:00+00:00;725211.49;20.537
2024-05-14 14:00:00+00:00;763855.716;20.65875
2024-05-14 15:00:00+00:00;796285.294;21.970599999999997
2024-05-14 16:00:00+00:00;884790.049;23.922050000000002
2024-05-14 17:00:00+00:00;953067.998;21.53895
2024-05-14 18:00:00+00:00;924176.918;21.2053
2024-05-14 19:00:00+00:00;1146139.965;18.64
2024-05-14 20:00:00+00:00;1146352.139;17.351899999999997
2024-05-14 21:00:00+00:00;984244.542;16.62855
2024-05-14 22:00:00+00:00;805549.357;16.17425
2024-05-14 23:00:00+00:00;712057.786;15.113
2024-05-15 00:00:00+00:00;661224.438;14.0903
2024-05-15 01:00:00+00:00;635400.337;12.811250000000001
2024-05-15 02:00:00+00:00;643976.774;12.188
2024-05-15 03:00:00+00:00;686955.532;12.188
2024-05-15 04:00:00+00:00;656033.214;12.9155
2024-05-15 05:00:00+00:00;623614.789;15.02195
2024-05-15 06:00:00+00:00;585726.261;16.363
2024-05-15 07:00:00+00:00;565414.232;16.363
2024-05-15 08:00:00+00:00;564848.235;16.363
2024-05-15 09:00:00+00:00;557276.663;16.363
2024-05-15 10:00:00+00:00;556684.212;16.849449999999997
2024-05-15 11:00:00+00:00;568139.253;17.79105
2024-05-15 12:00:00+00:00;601495.742;18.075
2024-05-15 13:00:00+00:00;664172.926;17.9638
2024-05-15 14:00:00+00:00;703188.548;18.0031
2024-05-15 15:00:00+00:00;753225.078;22.5311
2024-05-15 16:00:00+00:00;845116.853;19.848300000000002
2024-05-15 17:00:00+00:00;908788.362;13.568900000000003
2024-05-15 18:00:00+00:00;885783.501;11.689449999999999
2024-05-15 19:00:00+00:00;1088729.718;10.625
2024-05-15 20:00:00+00:00;1068607.583;10.625
2024-05-15 21:00:00+00:00;890355.116;10.43125
2024-05-15 22:00:00+00:00;753573.897;9.5813
2024-05-15 23:00:00+00:00;655521.628;9.38954
2024-05-16 00:00:00+00:00;599344.858;8.5375
2024-05-16 01:00:00+00:00;573698.248;8.54782
2024-05-16 02:00:00+00:00;581326.935;8.6063
2024-05-16 03:00:00+00:00;625356.144;8.710669999999999
2024-05-16 04:00:00+00:00;603342.345;10.264999999999999
2024-05-16 05:00:00+00:00;580732.604;11.761050000000001
2024-05-16 06:00:00+00:00;551743.655;12.928799999999999
2024-05-16 07:00:00+00:00;535620.883;13.863
2024-05-16 08:00:00+00:00;546219.563;14.397900000000002
2024-05-16 09:00:00+00:00;531688.311;14.943999999999999
2024-05-16 10:00:00+00:00;524733.869;14.943999999999999
2024-05-16 11:00:00+00:00;553730.468;14.943999999999999
2024-05-16 12:00:00+00:00;585795.03;16.013
2024-05-16 13:00:00+00:00;651070.829;16.013
2024-05-16 14:00:00+00:00;672598.639;17.3125
2024-05-16 15:00:00+00:00;692892.218;19.723999999999997
2024-05-16 16:00:00+00:00;754638.92;19.97185
2024-05-16 17:00:00+00:00;823871.796;20.0734
2024-05-16 18:00:00+00:00;816715.929;18.138600000000004
2024-05-16 19:00:00+00:00;1041404.328;15.2439
2024-05-16 20:00:00+00:00;1029486.387;12.6349
2024-05-16 21:00:00+00:00;876067.038;10.73935
2024-05-16 22:00:00+00:00;730025.217;9.915000000000001
2024-05-16 23:00:00+00:00;656391.071;8.638169999999999
2024-05-17 00:00:00+00:00;607154.924;8.5313
2024-05-17 01:00:00+00:00;575564.312;8.45235
2024-05-17 02:00:00+00:00;576632.797;8.302769999999999
2024-05-17 03:00:00+00:00;617550.516;10.29965
2024-05-17 04:00:00+00:00;603005.834;11.474
2024-05-17 05:00:00+00:00;584182.623;13.1761
2024-05-17 06:00:00+00:00;556776.786;15.214400000000001
2024-05-17 07:00:00+00:00;544310.303;17.1535
2024-05-17 08:00:00+00:00;553047.283;18.0065
2024-05-17 09:00:00+00:00;554928.605;18.794
2024-05-17 10:00:00+00:00;553356.012;19.9052
2024-05-17 11:00:00+00:00;568372.378;21.3477
2024-05-17 12:00:00+00:00;601412.816;22.2731
2024-05-17 13:00:00+00:00;642454.123;23.013
2024-05-17 14:00:00+00:00;673165.552;25.03635
2024-05-17 15:00:00+00:00;714385.586;26.5653
2024-05-17 16:00:00+00:00;775113.99;27.409399999999998
2024-05-17 17:00:00+00:00;824391.253;26.0149
2024-05-17 18:00:00+00:00;821234.778;23.11465
2024-05-17 19:00:00+00:00;1064264.434;19.7098
2024-05-17 20:00:00+00:00;1062803.555;18.24005
2024-05-17 21:00:00+00:00;884733.588;16.900550000000003
2024-05-17 22:00:00+00:00;717021.481;15.9362
2024-05-17 23:00:00+00:00;634467.301;14.424449999999998
2024-05-18 00:00:00+00:00;593149.322;12.6869
2024-05-18 01:00:00+00:00;570758.542;12.5873
2024-05-18 02:00:00+00:00;552508.786;13.631
2024-05-18 03:00:00+00:00;548350.418;14.109350000000001
2024-05-18 04:00:00+00:00;545331.666;15.767750000000001
2024-05-18 05:00:00+00:00;598374.931;17.88915
2024-05-18 06:00:00+00:00;632522.65;19.923350000000003
2024-05-18 07:00:00+00:00;645368.965;21.663999999999998
2024-05-18 08:00:00+00:00;648347.41;22.094
2024-05-18 09:00:00+00:00;640627.099;22.094
2024-05-18 10:00:00+00:00;629420.216;22.094
2024-05-18 11:00:00+00:00;628877.685;22.094
2024-05-18 12:00:00+00:00;648570.738;22.094
2024-05-18 13:00:00+00:00;682448.033;22.094
2024-05-18 14:00:00+00:00;730424.191;22.62865
2024-05-18 15:00:00+00:00;800949.188;23.4568
2024-05-18 16:00:00+00:00;878758.015;21.853450000000002
2024-05-18 17:00:00+00:00;897876.192;22.4182
2024-05-18 18:00:00+00:00;840931.981;21.26605
2024-05-18 19:00:00+00:00;1050349.074;18.914099999999998
2024-05-18 20:00:00+00:00;1052356.463;17.787
2024-05-18 21:00:00+00:00;883993.542;17.787
2024-05-18 22:00:00+00:00;728880.686;16.719
2024-05-18 23:00:00+00:00;641397.791;16.0848
2024-05-19 00:00:00+00:00;583544.832;15.4572
2024-05-19 01:00:00+00:00;543226.716;14.56925
2024-05-19 02:00:00+00:00;528171.193;14.253
2024-05-19 03:00:00+00:00;524916.37;13.263
2024-05-19 04:00:00+00:00;513659.024;13.263
2024-05-19 05:00:00+00:00;562084.921;13.3667
2024-05-19 06:00:00+00:00;609186.91;14.3
2024-05-19 07:00:00+00:00;638806.87;14.603900000000001
2024-05-19 08:00:00+00:00;658619.433;15.312999999999999
2024-05-19 09:00:00+00:00;657506.307;15.312999999999999
2024-05-19 10:00:00+00:00;655723.27;14.409450000000001
2024-05-19 11:00:00+00:00;671517.322;13.238
2024-05-19 12:00:00+00:00;704491.002;12.075
2024-05-19 13:00:00+00:00;719581.107;12.075
2024-05-19 14:00:00+00:00;751912.09;12.075
2024-05-19 15:00:00+00:00;830073.414;12.075
2024-05-19 16:00:00+00:00;919051.959;12.075
2024-05-19 17:00:00+00:00;946105.502;11.2875
2024-05-19 18:00:00+00:00;890017.678;11.025
2024-05-19 19:00:00+00:00;1071301.995;9.9575
2024-05-19 20:00:00+00:00;1058004.095;8.9
2024-05-19 21:00:00+00:00;895007.415;7.8875
2024-05-19 22:00:00+00:00;723784.319;7.8875
2024-05-19 23:00:00+00:00;629798.733;7.21628
2024-05-20 00:00:00+00:00;575122.885;6.768800000000001
2024-05-20 01:00:00+00:00;551306.653;6.358835
2024-05-20 02:00:00+00:00;560892.962;6.4688
2024-05-20 03:00:00+00:00;610275.935;6.4688
2024-05-20 04:00:00+00:00;608730.399;6.8340950000000005
2024-05-20 05:00:00+00:00;599947.136;8.165000000000001
2024-05-20 06:00:00+00:00;577305.272;8.6
2024-05-20 07:00:00+00:00;566263.36;8.6
2024-05-20 08:00:00+00:00;568859.861;8.6
2024-05-20 09:00:00+00:00;560722.984;8.6
2024-05-20 10:00:00+00:00;554854.164;8.6
2024-05-20 11:00:00+00:00;572205.242;8.6
2024-05-20 12:00:00+00:00;607945.881;9.350710000000001
2024-05-20 13:00:00+00:00;668513.227;10.288920000000001
2024-05-20 14:00:00+00:00;702135.056;11.73075
2024-05-20 15:00:00+00:00;738909.851;13.83665
2024-05-20 16:00:00+00:00;819664.339;14.879736842105261
2024-05-20 17:00:00+00:00;886650.408;14.1257
2024-05-20 18:00:00+00:00;871159.924;13.139199999999999
2024-05-20 19:00:00+00:00;1097249.589;10.523435
2024-05-20 20:00:00+00:00;1114904.593;8.935950000000002
2024-05-20 21:00:00+00:00;953040.276;7.926910000000001
2024-05-20 22:00:00+00:00;802661.236;6.875
2024-05-20 23:00:00+00:00;746588.832;4.584104999999999
2024-05-21 00:00:00+00:00;715847.953;3.58378
2024-05-21 01:00:00+00:00;699045.379;3.1661650000000003
2024-05-21 02:00:00+00:00;694383.736;3.5364649999999997
2024-05-21 03:00:00+00:00;715646.853;4.7719000000000005
2024-05-21 04:00:00+00:00;676229.919;6.438129999999999
2024-05-21 05:00:00+00:00;642593.19;7.858459999999999
2024-05-21 06:00:00+00:00;604455.109;8.959399999999999
2024-05-21 07:00:00+00:00;586062.842;9.5
2024-05-21 08:00:00+00:00;583414.449;10.36363157894737
2024-05-21 09:00:00+00:00;572305.875;10.544
2024-05-21 10:00:00+00:00;562927.854;10.544
2024-05-21 11:00:00+00:00;573643.697;10.72925
2024-05-21 12:00:00+00:00;614176.837;11.5
2024-05-21 13:00:00+00:00;673734.795;11.5
2024-05-21 14:00:00+00:00;710589.482;11.25625
2024-05-21 15:00:00+00:00;757893.082;14.8963
2024-05-21 16:00:00+00:00;851773.301;16.35695
2024-05-21 17:00:00+00:00;926164.463;16.77365
2024-05-21 18:00:00+00:00;903446.916;16.83655
2024-05-21 19:00:00+00:00;1117208.103;12.0898
2024-05-21 20:00:00+00:00;1130789.055;8.772895
2024-05-21 21:00:00+00:00;959994.372;7.500840000000001
2024-05-21 22:00:00+00:00;814517.202;6.6428449999999994
2024-05-21 23:00:00+00:00;748927.402;5.443759999999999
2024-05-22 00:00:00+00:00;709137.731;4.33973
2024-05-22 01:00:00+00:00;686254.216;4.40255
2024-05-22 02:00:00+00:00;675803.363;5.344975
2024-05-22 03:00:00+00:00;703854.18;7.0
2024-05-22 04:00:00+00:00;665790.675;7.84613
2024-05-22 05:00:00+00:00;634014.54;8.222925
2024-05-22 06:00:00+00:00;599121.227;9.37333
2024-05-22 07:00:00+00:00;580079.314;10.7257
2024-05-22 08:00:00+00:00;577312.374;12.7515
2024-05-22 09:00:00+00:00;568514.943;14.075149999999999
2024-05-22 10:00:00+00:00;562216.379;15.606
2024-05-22 11:00:00+00:00;572005.236;15.606
2024-05-22 12:00:00+00:00;606855.959;16.849200000000003
2024-05-22 13:00:00+00:00;668519.592;18.45765
2024-05-22 14:00:00+00:00;706073.709;20.95285
2024-05-22 15:00:00+00:00;755321.42;24.8807
2024-05-22 16:00:00+00:00;840420.468;27.4275
2024-05-22 17:00:00+00:00;904771.114;27.251749999999998
2024-05-22 18:00:00+00:00;882857.751;26.06185
2024-05-22 19:00:00+00:00;1091386.518;20.5737
2024-05-22 20:00:00+00:00;1087128.314;17.238599999999998
2024-05-22 21:00:00+00:00;916579.865;15.390199999999998
2024-05-22 22:00:00+00:00;746023.811;13.9505
2024-05-22 23:00:00+00:00;667246.322;12.67305
2024-05-23 00:00:00+00:00;628910.66;11.3035
2024-05-23 01:00:00+00:00;614375.134;11.172
2024-05-23 02:00:00+00:00;604882.195;12.0351
2024-05-23 03:00:00+00:00;631655.446;12.09
2024-05-23 04:00:00+00:00;609454.7;13.601850000000002
2024-05-23 05:00:00+00:00;586076.016;14.681000000000001
2024-05-23 06:00:00+00:00;553647.602;15.2
2024-05-23 07:00:00+00:00;537782.213;15.2
2024-05-23 08:00:00+00:00;540217.269;16.2322
2024-05-23 09:00:00+00:00;531379.926;17.98115
2024-05-23 10:00:00+00:00;525828.864;19.90465
2024-05-23 11:00:00+00:00;537596.661;21.028
2024-05-23 12:00:00+00:00;575430.966;22.26805
2024-05-23 13:00:00+00:00;635553.379;22.846600000000002
2024-05-23 14:00:00+00:00;666847.933;23.90505
2024-05-23 15:00:00+00:00;701732.857;24.579200000000004
2024-05-23 16:00:00+00:00;786070.596;23.8062
2024-05-23 17:00:00+00:00;860475.455;22.88695
2024-05-23 18:00:00+00:00;843480.819;23.11165
2024-05-23 19:00:00+00:00;1060128.784;20.46815
2024-05-23 20:00:00+00:00;1057349.884;19.16235
2024-05-23 21:00:00+00:00;872968.506;18.423499999999997
2024-05-23 22:00:00+00:00;726794.31;17.4267
2024-05-23 23:00:00+00:00;628864.068;16.32845
2024-05-24 00:00:00+00:00;561772.343;15.4
2024-05-24 01:00:00+00:00;524663.49;15.6637
2024-05-24 02:00:00+00:00;521753.755;15.964700000000002
2024-05-24 03:00:00+00:00;559636.865;16.223750000000003
2024-05-24 04:00:00+00:00;557915.497;17.71595
2024-05-24 05:00:00+00:00;550817.868;19.39305
2024-05-24 06:00:00+00:00;527398.974;20.979
2024-05-24 07:00:00+00:00;518530.654;22.26115
2024-05-24 08:00:00+00:00;529999.806;23.412
2024-05-24 09:00:00+00:00;530857.085;23.8818
2024-05-24 10:00:00+00:00;537355.809;23.34575
2024-05-24 11:00:00+00:00;552937.554;23.319
2024-05-24 12:00:00+00:00;589986.779;22.4903
2024-05-24 13:00:00+00:00;641696.729;22.507749999999998
2024-05-24 14:00:00+00:00;673151.037;22.860599999999998
2024-05-24 15:00:00+00:00;712936.208;23.281
2024-05-24 16:00:00+00:00;769909.945;19.03955
2024-05-24 17:00:00+00:00;807764.581;17.91055
2024-05-24 18:00:00+00:00;794073.275;17.594
2024-05-24 19:00:00+00:00;1019813.279;16.1155
2024-05-24 20:00:00+00:00;1010610.447;15.3196
2024-05-24 21:00:00+00:00;834511.09;13.928
2024-05-24 22:00:00+00:00;680005.165;13.32465
2024-05-24 23:00:00+00:00;584191.805;12.356
2024-05-25 00:00:00+00:00;528609.919;12.0771
2024-05-25 01:00:00+00:00;486746.649;11.925
2024-05-25 02:00:00+00:00;470066.154;12.38625
2024-05-25 03:00:00+00:00;480255.621;12.95
2024-05-25 04:00:00+00:00;493556.447;12.95
2024-05-25 05:00:00+00:00;553146.509;13.854500000000002
2024-05-25 06:00:00+00:00;595298.156;14.044
2024-05-25 07:00:00+00:00;615515.779;15.094
2024-05-25 08:00:00+00:00;627938.066;15.8115
2024-05-25 09:00:00+00:00;627492.729;16.16645
2024-05-25 10:00:00+00:00;630524.22;17.194
2024-05-25 11:00:00+00:00;648429.493;17.194
2024-05-25 12:00:00+00:00;662228.254;17.688499999999998
2024-05-25 13:00:00+00:00;691192.592;18.73705
2024-05-25 14:00:00+00:00;739478.579;19.60425
2024-05-25 15:00:00+00:00;813861.44;21.87545
2024-05-25 16:00:00+00:00;858405.346;23.15975
2024-05-25 17:00:00+00:00;852608.815;22.28125
2024-05-25 18:00:00+00:00;799444.474;20.90055
2024-05-25 19:00:00+00:00;1019663.64;17.2643
2024-05-25 20:00:00+00:00;1022963.042;14.192599999999999
2024-05-25 21:00:00+00:00;847042.456;11.94015
2024-05-25 22:00:00+00:00;697367.019;10.769
2024-05-25 23:00:00+00:00;604138.568;9.8294
2024-05-26 00:00:00+00:00;543253.381;9.2125
2024-05-26 01:00:00+00:00;504693.484;8.80625
2024-05-26 02:00:00+00:00;481632.845;9.361275
2024-05-26 03:00:00+00:00;477991.915;10.14919
2024-05-26 04:00:00+00:00;478458.056;12.398349999999999
2024-05-26 05:00:00+00:00;533592.059;13.888
2024-05-26 06:00:00+00:00;586612.592;14.670000000000002
2024-05-26 07:00:00+00:00;622793.4;15.969
2024-05-26 08:00:00+00:00;650567.093;17.044
2024-05-26 09:00:00+00:00;657877.382;17.4269
2024-05-26 10:00:00+00:00;661442.334;18.6565
2024-05-26 11:00:00+00:00;679591.9;19.432750000000002
2024-05-26 12:00:00+00:00;681019.347;20.536
2024-05-26 13:00:00+00:00;694673.395;22.2068
2024-05-26 14:00:00+00:00;713904.345;24.9678
2024-05-26 15:00:00+00:00;772484.421;29.1067
2024-05-26 16:00:00+00:00;851283.437;30.5142
2024-05-26 17:00:00+00:00;879805.6;29.21895
2024-05-26 18:00:00+00:00;841912.37;29.301800000000004
2024-05-26 19:00:00+00:00;1030612.361;23.01595
2024-05-26 20:00:00+00:00;1019084.597;18.98545
2024-05-26 21:00:00+00:00;838500.453;16.6341
2024-05-26 22:00:00+00:00;697985.1;14.808150000000001
2024-05-26 23:00:00+00:00;599920.605;13.262800000000002
2024-05-27 00:00:00+00:00;538633.517;13.044
2024-05-27 01:00:00+00:00;497673.837;13.061150000000001
2024-05-27 02:00:00+00:00;493552.561;13.894
2024-05-27 03:00:00+00:00;534827.428;14.718800000000002
2024-05-27 04:00:00+00:00;537956.954;16.21785
2024-05-27 05:00:00+00:00;535543.793;18.249950000000002
2024-05-27 06:00:00+00:00;516794.258;19.5828
2024-05-27 07:00:00+00:00;510487.155;20.9808
2024-05-27 08:00:00+00:00;520002.641;21.294
2024-05-27 09:00:00+00:00;519853.498;21.294
2024-05-27 10:00:00+00:00;521712.899;21.294
2024-05-27 11:00:00+00:00;537614.535;21.294
2024-05-27 12:00:00+00:00;578792.067;22.19885
2024-05-27 13:00:00+00:00;643256.61;23.9363
2024-05-27 14:00:00+00:00;672588.533;26.066300000000002
2024-05-27 15:00:00+00:00;699791.551;28.322250000000004
2024-05-27 16:00:00+00:00;765378.111;30.1969
2024-05-27 17:00:00+00:00;823397.215;28.619999999999997
2024-05-27 18:00:00+00:00;810735.189;26.6764
2024-05-27 19:00:00+00:00;1010893.358;23.94795
2024-05-27 20:00:00+00:00;981367.533;22.461599999999997
2024-05-27 21:00:00+00:00;793156.763;21.1231
2024-05-27 22:00:00+00:00;638347.583;19.6024
2024-05-27 23:00:00+00:00;564773.152;17.8322
2024-05-28 00:00:00+00:00;512365.353;16.71575
2024-05-28 01:00:00+00:00;476703.345;16.32245
2024-05-28 02:00:00+00:00;470713.358;17.731
2024-05-28 03:00:00+00:00;519739.568;18.163800000000002
2024-05-28 04:00:00+00:00;524689.872;19.4166
2024-05-28 05:00:00+00:00;520868.846;20.575699999999998
2024-05-28 06:00:00+00:00;501347.366;20.776699999999998
2024-05-28 07:00:00+00:00;498180.297;19.2496
2024-05-28 08:00:00+00:00;510505.48;19.796100000000003
2024-05-28 09:00:00+00:00;513247.35;21.037
2024-05-28 10:00:00+00:00;513463.529;21.037
2024-05-28 11:00:00+00:00;530260.716;22.070649999999997
2024-05-28 12:00:00+00:00;574967.324;23.30885
2024-05-28 13:00:00+00:00;641636.904;24.9357
2024-05-28 14:00:00+00:00;676646.787;26.14345
2024-05-28 15:00:00+00:00;709301.272;26.9964
2024-05-28 16:00:00+00:00;781900.759;29.101499999999998
2024-05-28 17:00:00+00:00;844028.626;28.297700000000003
2024-05-28 18:00:00+00:00;827268.839;27.005599999999998
2024-05-28 19:00:00+00:00;1020914.716;23.58905
2024-05-28 20:00:00+00:00;990152.341;21.70755
2024-05-28 21:00:00+00:00;803669.509;20.273
2024-05-28 22:00:00+00:00;659729.115;19.2078
2024-05-28 23:00:00+00:00;576265.91;18.31545
2024-05-29 00:00:00+00:00;513259.34;16.863
2024-05-29 01:00:00+00:00;475054.632;16.0818
2024-05-29 02:00:00+00:00;475543.734;16.287
2024-05-29 03:00:00+00:00;522436.314;17.142649999999996
2024-05-29 04:00:00+00:00;524260.751;18.61
2024-05-29 05:00:00+00:00;514385.982;19.45
2024-05-29 06:00:00+00:00;493567.496;19.45
2024-05-29 07:00:00+00:00;488570.22;19.45
2024-05-29 08:00:00+00:00;499265.619;20.0878
2024-05-29 09:00:00+00:00;499486.593;20.513
2024-05-29 10:00:00+00:00;502065.735;20.513
2024-05-29 11:00:00+00:00;517436.509;21.519
2024-05-29 12:00:00+00:00;560852.988;22.59245
2024-05-29 13:00:00+00:00;610969.449;24.194
2024-05-29 14:00:00+00:00;640721.163;26.291050000000002
2024-05-29 15:00:00+00:00;688236.556;27.16585
2024-05-29 16:00:00+00:00;751701.467;25.17485
2024-05-29 17:00:00+00:00;811207.074;24.681
2024-05-29 18:00:00+00:00;799998.824;22.811799999999998
2024-05-29 19:00:00+00:00;1008203.741;21.865050000000004
2024-05-29 20:00:00+00:00;993701.496;19.2039
2024-05-29 21:00:00+00:00;814810.247;17.878800000000002
2024-05-29 22:00:00+00:00;661781.803;17.238
2024-05-29 23:00:00+00:00;586124.831;17.238
2024-05-30 00:00:00+00:00;517635.043;16.206
2024-05-30 01:00:00+00:00;474107.897;16.344150000000003
2024-05-30 02:00:00+00:00;469703.413;16.023400000000002
2024-05-30 03:00:00+00:00;515061.4;16.0122
2024-05-30 04:00:00+00:00;518689.292;17.03565
2024-05-30 05:00:00+00:00;511164.982;18.5754
2024-05-30 06:00:00+00:00;492169.355;20.0469
2024-05-30 07:00:00+00:00;487196.575;21.68105
2024-05-30 08:00:00+00:00;495583.964;23.056800000000003
2024-05-30 09:00:00+00:00;498996.725;24.461000000000002
2024-05-30 10:00:00+00:00;499614.145;25.94905
2024-05-30 11:00:00+00:00;511149.495;26.836199999999998
2024-05-30 12:00:00+00:00;546866.346;28.480400000000003
2024-05-30 13:00:00+00:00;603594.338;28.50105
2024-05-30 14:00:00+00:00;628747.63;29.357549999999996
2024-05-30 15:00:00+00:00;656873.564;28.217150000000004
2024-05-30 16:00:00+00:00;718635.769;26.925
2024-05-30 17:00:00+00:00;778243.986;26.138299999999997
2024-05-30 18:00:00+00:00;792783.299;23.6734
2024-05-30 19:00:00+00:00;1011137.443;22.521700000000003
2024-05-30 20:00:00+00:00;999606.779;20.71725
2024-05-30 21:00:00+00:00;851471.19;19.1956
2024-05-30 22:00:00+00:00;677527.045;18.4209
2024-05-30 23:00:00+00:00;576560.149;17.363
2024-05-31 00:00:00+00:00;508528.435;17.363
2024-05-31 01:00:00+00:00;470621.315;17.37095
2024-05-31 02:00:00+00:00;467225.628;18.4
2024-05-31 03:00:00+00:00;511194.303;19.0336
2024-05-31 04:00:00+00:00;517599.207;19.662399999999998
2024-05-31 05:00:00+00:00;521117.251;20.9104
2024-05-31 06:00:00+00:00;506313.051;22.72015
2024-05-31 07:00:00+00:00;503847.934;24.07725
2024-05-31 08:00:00+00:00;516775.144;25.594549999999998
2024-05-31 09:00:00+00:00;522325.127;25.854449999999996
2024-05-31 10:00:00+00:00;534473.417;26.856
2024-05-31 11:00:00+00:00;551927.729;26.856
2024-05-31 12:00:00+00:00;587604.213;26.856
2024-05-31 13:00:00+00:00;635262.41;28.775799999999997
2024-05-31 14:00:00+00:00;661998.546;31.8878
2024-05-31 15:00:00+00:00;689926.379;34.159800000000004
2024-05-31 16:00:00+00:00;743095.658;35.5445
2024-05-31 17:00:00+00:00;795952.214;34.5048
2024-05-31 18:00:00+00:00;831551.527;32.9122
2024-05-31 19:00:00+00:00;1050124.324;29.21685
2024-05-31 20:00:00+00:00;1048499.17;25.781399999999998
2024-05-31 21:00:00+00:00;878701.607;23.835649999999998
2024-05-31 22:00:00+00:00;679502.02;22.10685
2024-05-31 23:00:00+00:00;570936.93;20.32945
2024-06-01 00:00:00+00:00;505210.805;19.4159
2024-06-01 01:00:00+00:00;466745.848;19.088
2024-06-01 02:00:00+00:00;448923.146;19.4952
2024-06-01 03:00:00+00:00;477293.813;19.7471
2024-06-01 04:00:00+00:00;524128.638;21.52585
2024-06-01 05:00:00+00:00;564406.399;22.655549999999998
2024-06-01 06:00:00+00:00;577066.074;24.470499999999998
2024-06-01 07:00:00+00:00;602206.386;25.388
2024-06-01 08:00:00+00:00;633584.013;26.45
2024-06-01 09:00:00+00:00;640016.169;26.45
2024-06-01 10:00:00+00:00;632856.669;26.45
2024-06-01 11:00:00+00:00;621781.659;26.8776
2024-06-01 12:00:00+00:00;621634.247;27.519
2024-06-01 13:00:00+00:00;644856.153;27.519
2024-06-01 14:00:00+00:00;681923.459;27.34855
2024-06-01 15:00:00+00:00;734465.317;27.894
2024-06-01 16:00:00+00:00;778801.945;32.761250000000004
2024-06-01 17:00:00+00:00;781543.097;33.275549999999996
2024-06-01 18:00:00+00:00;750396.099;31.5382
2024-06-01 19:00:00+00:00;962986.623;28.671049999999997
2024-06-01 20:00:00+00:00;972477.379;24.743199999999998
2024-06-01 21:00:00+00:00;806646.738;23.0274
2024-06-01 22:00:00+00:00;650848.409;21.366300000000003
2024-06-01 23:00:00+00:00;565395.223;19.5541
2024-06-02 00:00:00+00:00;515848.903;18.561600000000002
2024-06-02 01:00:00+00:00;480616.543;18.4512
2024-06-02 02:00:00+00:00;448485.806;18.71055
2024-06-02 03:00:00+00:00;440814.617;19.275399999999998
2024-06-02 04:00:00+00:00;447216.472;21.4263
2024-06-02 05:00:00+00:00;511305.408;23.12485
2024-06-02 06:00:00+00:00;576270.893;23.56055
2024-06-02 07:00:00+00:00;621443.162;24.3
2024-06-02 08:00:00+00:00;649156.671;24.3
2024-06-02 09:00:00+00:00;651798.147;24.3
2024-06-02 10:00:00+00:00;644396.693;24.3
2024-06-02 11:00:00+00:00;637179.846;24.3
2024-06-02 12:00:00+00:00;640319.884;24.3
2024-06-02 13:00:00+00:00;660296.354;23.419999999999998
2024-06-02 14:00:00+00:00;686763.827;22.3752
2024-06-02 15:00:00+00:00;735290.492;22.169
2024-06-02 16:00:00+00:00;785570.539;22.169
2024-06-02 17:00:00+00:00;804908.202;22.3147
2024-06-02 18:00:00+00:00;779922.322;23.45
2024-06-02 19:00:00+00:00;967429.551;22.31905
2024-06-02 20:00:00+00:00;955526.524;19.789849999999998
2024-06-02 21:00:00+00:00;799527.727;18.4538
2024-06-02 22:00:00+00:00;643747.034;17.4935
2024-06-02 23:00:00+00:00;564122.446;15.9425
2024-06-03 00:00:00+00:00;515969.173;14.99315
2024-06-03 01:00:00+00:00;483034.955;15.318850000000001
2024-06-03 02:00:00+00:00;470543.981;16.34905
2024-06-03 03:00:00+00:00;500864.627;16.922
2024-06-03 04:00:00+00:00;491206.295;18.080499999999997
2024-06-03 05:00:00+00:00;495903.329;19.475749999999998
2024-06-03 06:00:00+00:00;490990.675;21.207900000000002
2024-06-03 07:00:00+00:00;493668.666;22.4351
2024-06-03 08:00:00+00:00;511207.389;23.0005
2024-06-03 09:00:00+00:00;512175.988;23.5
2024-06-03 10:00:00+00:00;507301.757;23.5
2024-06-03 11:00:00+00:00;515693.429;23.5
2024-06-03 12:00:00+00:00;549771.48;23.5
2024-06-03 13:00:00+00:00;606299.445;24.1083
2024-06-03 14:00:00+00:00;633121.932;25.463500000000003
2024-06-03 15:00:00+00:00;652017.726;27.439100000000003
2024-06-03 16:00:00+00:00;703873.9;30.438
2024-06-03 17:00:00+00:00;753595.561;30.641849999999998
2024-06-03 18:00:00+00:00;780602.711;29.113350000000004
2024-06-03 19:00:00+00:00;1002732.61;24.5798
2024-06-03 20:00:00+00:00;982844.856;21.697049999999997
2024-06-03 21:00:00+00:00;807486.056;20.00195
2024-06-03 22:00:00+00:00;636923.381;19.412
2024-06-03 23:00:00+00:00;578821.084;19.412
2024-06-04 00:00:00+00:00;519758.809;18.959349999999997
2024-06-04 01:00:00+00:00;469785.181;18.2992
2024-06-04 02:00:00+00:00;460623.741;18.281
2024-06-04 03:00:00+00:00;492052.099;18.281
2024-06-04 04:00:00+00:00;484229.244;18.281
2024-06-04 05:00:00+00:00;489535.511;18.281
2024-06-04 06:00:00+00:00;486063.667;19.0293
2024-06-04 07:00:00+00:00;492290.268;20.2725
2024-06-04 08:00:00+00:00;509007.846;20.375
2024-06-04 09:00:00+00:00;509715.015;20.01835
2024-06-04 10:00:00+00:00;505471.791;19.356
2024-06-04 11:00:00+00:00;515683.212;20.1785
2024-06-04 12:00:00+00:00;546368.785;20.793
2024-06-04 13:00:00+00:00;593473.613;20.425
2024-06-04 14:00:00+00:00;622214.99;20.5659
2024-06-04 15:00:00+00:00;647854.777;23.19615
2024-06-04 16:00:00+00:00;703475.964;25.7805
2024-06-04 17:00:00+00:00;755633.233;25.21245
2024-06-04 18:00:00+00:00;749241.205;23.10685
2024-06-04 19:00:00+00:00;961803.695;20.696949999999998
2024-06-04 20:00:00+00:00;945203.223;18.3145
2024-06-04 21:00:00+00:00;782818.621;16.2314
2024-06-04 22:00:00+00:00;649411.652;14.57695
2024-06-04 23:00:00+00:00;583748.752;13.106699999999998
2024-06-05 00:00:00+00:00;540702.158;11.703
2024-06-05 01:00:00+00:00;512820.012;12.3294
2024-06-05 02:00:00+00:00;500014.023;12.7754
2024-06-05 03:00:00+00:00;523888.194;13.534450000000001
2024-06-05 04:00:00+00:00;505733.488;15.547149999999998
2024-06-05 05:00:00+00:00;497607.848;17.6219
2024-06-05 06:00:00+00:00;491015.024;19.3932
2024-06-05 07:00:00+00:00;497276.886;20.6754
2024-06-05 08:00:00+00:00;511807.907;21.7671
2024-06-05 09:00:00+00:00;515941.025;22.4976
2024-06-05 10:00:00+00:00;510479.571;23.397
2024-06-05 11:00:00+00:00;522454.838;24.6793
2024-06-05 12:00:00+00:00;561509.371;25.5375
2024-06-05 13:00:00+00:00;624922.317;27.552100000000003
2024-06-05 14:00:00+00:00;664147.855;29.894799999999996
2024-06-05 15:00:00+00:00;701131.265;33.423899999999996
2024-06-05 16:00:00+00:00;770230.809;30.3119
2024-06-05 17:00:00+00:00;823317.966;30.428500000000003
2024-06-05 18:00:00+00:00;804809.5;31.83885
2024-06-05 19:00:00+00:00;1003303.565;28.390499999999996
2024-06-05 20:00:00+00:00;976002.647;24.24885
2024-06-05 21:00:00+00:00;802718.432;22.639100000000003
2024-06-05 22:00:00+00:00;666605.935;21.738
2024-06-05 23:00:00+00:00;566316.132;20.96215
2024-06-06 00:00:00+00:00;497464.087;19.638
2024-06-06 01:00:00+00:00;460607.992;18.43105
2024-06-06 02:00:00+00:00;461103.211;18.144
2024-06-06 03:00:00+00:00;497786.349;19.0714
2024-06-06 04:00:00+00:00;493970.999;19.1993
2024-06-06 05:00:00+00:00;503317.341;20.25
2024-06-06 06:00:00+00:00;501559.001;21.1554
2024-06-06 07:00:00+00:00;513723.588;21.256
2024-06-06 08:00:00+00:00;538705.9;21.256
2024-06-06 09:00:00+00:00;549610.315;22.16055
2024-06-06 10:00:00+00:00;541426.115;22.375
2024-06-06 11:00:00+00:00;544611.173;22.42625
2024-06-06 12:00:00+00:00;572175.685;23.83645
2024-06-06 13:00:00+00:00;626797.222;25.21585
2024-06-06 14:00:00+00:00;657790.15;26.956799999999998
2024-06-06 15:00:00+00:00;695095.01;21.7778
2024-06-06 16:00:00+00:00;764718.514;21.9819
2024-06-06 17:00:00+00:00;815206.381;18.72905
2024-06-06 18:00:00+00:00;800790.673;16.4838
2024-06-06 19:00:00+00:00;1015289.119;16.069
2024-06-06 20:00:00+00:00;991969.352;15.157499999999999
2024-06-06 21:00:00+00:00;829681.431;14.988
2024-06-06 22:00:00+00:00;683759.048;14.580400000000001
2024-06-06 23:00:00+00:00;598159.534;13.363999999999999
2024-06-07 00:00:00+00:00;536342.101;12.869
2024-06-07 01:00:00+00:00;507354.545;12.913999999999998
2024-06-07 02:00:00+00:00;509002.424;12.969
2024-06-07 03:00:00+00:00;538124.44;12.969
2024-06-07 04:00:00+00:00;525755.991;13.886099999999999
2024-06-07 05:00:00+00:00;528416.893;14.728299999999999
2024-06-07 06:00:00+00:00;525323.626;15.081
2024-06-07 07:00:00+00:00;532509.544;15.973500000000001
2024-06-07 08:00:00+00:00;551240.656;16.131
2024-06-07 09:00:00+00:00;549723.59;16.131
2024-06-07 10:00:00+00:00;542808.709;16.875549999999997
2024-06-07 11:00:00+00:00;542696.178;17.162
2024-06-07 12:00:00+00:00;560517.504;17.8693
2024-06-07 13:00:00+00:00;597747.65;18.6664
2024-06-07 14:00:00+00:00;638037.754;19.7465
2024-06-07 15:00:00+00:00;672654.964;22.4197
2024-06-07 16:00:00+00:00;719113.427;24.74175
2024-06-07 17:00:00+00:00;752567.74;22.78065
2024-06-07 18:00:00+00:00;767377.597;19.451349999999998
2024-06-07 19:00:00+00:00;1001590.517;18.9302
2024-06-07 20:00:00+00:00;1009597.094;17.2875
2024-06-07 21:00:00+00:00;850405.26;16.058500000000002
2024-06-07 22:00:00+00:00;699463.853;14.709799999999998
2024-06-07 23:00:00+00:00;620389.593;13.127799999999999
2024-06-08 00:00:00+00:00;573050.526;11.844
2024-06-08 01:00:00+00:00;543666.77;12.6342
2024-06-08 02:00:00+00:00;528504.668;12.65785
2024-06-08 03:00:00+00:00;517077.008;13.618500000000001
2024-06-08 04:00:00+00:00;508719.271;14.565450000000002
2024-06-08 05:00:00+00:00;551759.694;15.469
2024-06-08 06:00:00+00:00;592008.835;16.40215
2024-06-08 07:00:00+00:00;626918.019;17.54345
2024-06-08 08:00:00+00:00;665640.294;18.656
2024-06-08 09:00:00+00:00;666028.686;17.59525
2024-06-08 10:00:00+00:00;668700.3;17.58815
2024-06-08 11:00:00+00:00;656607.705;15.330700000000002
2024-06-08 12:00:00+00:00;661265.341;17.008000000000003
2024-06-08 13:00:00+00:00;688682.694;19.147
2024-06-08 14:00:00+00:00;738787.134;22.7074
2024-06-08 15:00:00+00:00;799169.11;22.65575
2024-06-08 16:00:00+00:00;832588.487;24.151600000000002
2024-06-08 17:00:00+00:00;826994.397;26.0905
2024-06-08 18:00:00+00:00;791733.433;25.23665
2024-06-08 19:00:00+00:00;1002420.813;22.5533
2024-06-08 20:00:00+00:00;1018553.821;17.837200000000003
2024-06-08 21:00:00+00:00;860772.165;15.81865
2024-06-08 22:00:00+00:00;704362.273;14.656
2024-06-08 23:00:00+00:00;623526.763;14.656
2024-06-09 00:00:00+00:00;572445.679;13.623350000000002
2024-06-09 01:00:00+00:00;543417.216;14.928
2024-06-09 02:00:00+00:00;524016.464;14.106
2024-06-09 03:00:00+00:00;515228.712;15.121550000000003
2024-06-09 04:00:00+00:00;504198.951;16.1782
2024-06-09 05:00:00+00:00;556582.822;17.281
2024-06-09 06:00:00+00:00;631804.383;18.381
2024-06-09 07:00:00+00:00;700094.766;19.8061
2024-06-09 08:00:00+00:00;762994.143;19.97715
2024-06-09 09:00:00+00:00;787885.236;17.5514
2024-06-09 10:00:00+00:00;765558.837;18.96025
2024-06-09 11:00:00+00:00;745093.355;19.987599999999997
2024-06-09 12:00:00+00:00;749758.341;20.59565
2024-06-09 13:00:00+00:00;774705.129;22.37365
2024-06-09 14:00:00+00:00;802047.403;22.9914
2024-06-09 15:00:00+00:00;862830.158;25.14315
2024-06-09 16:00:00+00:00;926570.468;23.2866
2024-06-09 17:00:00+00:00;933989.404;20.44105
2024-06-09 18:00:00+00:00;872229.616;17.256
2024-06-09 19:00:00+00:00;1065636.07;16.22125
2024-06-09 20:00:00+00:00;1066597.001;15.582400000000002
2024-06-09 21:00:00+00:00;897435.678;14.351249999999999
2024-06-09 22:00:00+00:00;741534.714;14.081
2024-06-09 23:00:00+00:00;658863.048;13.663400000000001
2024-06-10 00:00:00+00:00;607298.888;13.037
2024-06-10 01:00:00+00:00;578635.206;12.715700000000002
2024-06-10 02:00:00+00:00;575511.837;12.244
2024-06-10 03:00:00+00:00;608233.722;12.244
2024-06-10 04:00:00+00:00;589053.805;12.63565
2024-06-10 05:00:00+00:00;587710.757;13.5766
2024-06-10 06:00:00+00:00;581597.112;15.884549999999999
2024-06-10 07:00:00+00:00;586940.14;16.494
2024-06-10 08:00:00+00:00;602515.284;16.878999999999998
2024-06-10 09:00:00+00:00;596944.125;18.418799999999997
2024-06-10 10:00:00+00:00;586823.326;18.625
2024-06-10 11:00:00+00:00;590425.973;18.5131
2024-06-10 12:00:00+00:00;612233.426;17.760749999999998
2024-06-10 13:00:00+00:00;669887.189;19.68425
2024-06-10 14:00:00+00:00;712950.384;21.37895
2024-06-10 15:00:00+00:00;757813.468;20.597550000000002
2024-06-10 16:00:00+00:00;821903.45;18.594
2024-06-10 17:00:00+00:00;871289.379;20.5704
2024-06-10 18:00:00+00:00;855902.607;18.97065
2024-06-10 19:00:00+00:00;1069936.693;19.67725
2024-06-10 20:00:00+00:00;1066134.697;15.8388
2024-06-10 21:00:00+00:00;911892.048;14.871950000000002
2024-06-10 22:00:00+00:00;734921.382;13.3582
2024-06-10 23:00:00+00:00;652231.68;12.775
2024-06-11 00:00:00+00:00;593395.816;11.76295
2024-06-11 01:00:00+00:00;561719.738;12.016549999999999
2024-06-11 02:00:00+00:00;560330.808;11.70925
2024-06-11 03:00:00+00:00;594001.209;12.2337
2024-06-11 04:00:00+00:00;572762.858;14.082999999999998
2024-06-11 05:00:00+00:00;572603.011;15.2655
2024-06-11 06:00:00+00:00;567083.706;16.938200000000002
2024-06-11 07:00:00+00:00;570356.378;18.280549999999998
2024-06-11 08:00:00+00:00;583262.053;17.46465
2024-06-11 09:00:00+00:00;582487.723;14.763
2024-06-11 10:00:00+00:00;568079.054;15.8179
2024-06-11 11:00:00+00:00;567020.711;18.26535
2024-06-11 12:00:00+00:00;595754.156;18.78675
2024-06-11 13:00:00+00:00;649207.071;17.14035
2024-06-11 14:00:00+00:00;679528.377;17.0595
2024-06-11 15:00:00+00:00;727250.037;21.5178
2024-06-11 16:00:00+00:00;784367.514;19.6774
2024-06-11 17:00:00+00:00;829433.547;21.4027
2024-06-11 18:00:00+00:00;810692.667;19.30215
2024-06-11 19:00:00+00:00;1026651.383;17.297800000000002
2024-06-11 20:00:00+00:00;1022575.983;16.3345
2024-06-11 21:00:00+00:00;863057.203;14.892249999999999
2024-06-11 22:00:00+00:00;724552.72;14.731
2024-06-11 23:00:00+00:00;652756.3;14.037600000000001
2024-06-12 00:00:00+00:00;614374.301;13.675
2024-06-12 01:00:00+00:00;570953.016;13.7143
2024-06-12 02:00:00+00:00;561404.911;13.806000000000001
2024-06-12 03:00:00+00:00;586070.06;13.806000000000001
2024-06-12 04:00:00+00:00;560164.093;14.570249999999998
2024-06-12 05:00:00+00:00;559196.295;15.76985
2024-06-12 06:00:00+00:00;553267.472;16.20185
2024-06-12 07:00:00+00:00;555602.357;14.173849999999998
2024-06-12 08:00:00+00:00;566667.632;14.145199999999999
2024-06-12 09:00:00+00:00;565434.124;15.3988
2024-06-12 10:00:00+00:00;553698.609;15.988
2024-06-12 11:00:00+00:00;556702.908;16.357599999999998
2024-06-12 12:00:00+00:00;589390.731;17.78315
2024-06-12 13:00:00+00:00;638181.617;19.21895
2024-06-12 14:00:00+00:00;668750.54;21.1102
2024-06-12 15:00:00+00:00;705145.386;20.480150000000002
2024-06-12 16:00:00+00:00;774019.403;21.92575
2024-06-12 17:00:00+00:00;827620.821;23.05435
2024-06-12 18:00:00+00:00;801955.018;22.178
2024-06-12 19:00:00+00:00;1011685.722;21.152099999999997
2024-06-12 20:00:00+00:00;1015974.591;17.3841
2024-06-12 21:00:00+00:00;895360.613;15.316049999999999
2024-06-12 22:00:00+00:00;724782.118;13.988
2024-06-12 23:00:00+00:00;638193.33;13.2397
2024-06-13 00:00:00+00:00;581795.44;12.1382
2024-06-13 01:00:00+00:00;554313.41;13.2945
2024-06-13 02:00:00+00:00;548063.201;12.9736
2024-06-13 03:00:00+00:00;561742.831;13.6133
2024-06-13 04:00:00+00:00;543462.101;16.128300000000003
2024-06-13 05:00:00+00:00;544827.138;16.675
2024-06-13 06:00:00+00:00;541407.122;17.2095
2024-06-13 07:00:00+00:00;550182.502;18.62405
2024-06-13 08:00:00+00:00;558023.062;17.6012
2024-06-13 09:00:00+00:00;552717.927;15.625
2024-06-13 10:00:00+00:00;539266.753;15.625
2024-06-13 11:00:00+00:00;539256.514;15.625
2024-06-13 12:00:00+00:00;561814.037;17.0295
2024-06-13 13:00:00+00:00;615296.535;19.720350000000003
2024-06-13 14:00:00+00:00;648378.59;22.6539
2024-06-13 15:00:00+00:00;679725.651;23.905350000000002
2024-06-13 16:00:00+00:00;739010.564;27.852249999999998
2024-06-13 17:00:00+00:00;787604.992;24.484299999999998
2024-06-13 18:00:00+00:00;782291.591;20.71535
2024-06-13 19:00:00+00:00;1013381.796;19.72555
2024-06-13 20:00:00+00:00;1029474.877;17.914
2024-06-13 21:00:00+00:00;877064.552;16.894
2024-06-13 22:00:00+00:00;742679.346;16.06375
2024-06-13 23:00:00+00:00;666866.611;15.576250000000002
2024-06-14 00:00:00+00:00;622316.585;14.15855
2024-06-14 01:00:00+00:00;586231.717;14.888749999999998
2024-06-14 02:00:00+00:00;568667.442;15.1
2024-06-14 03:00:00+00:00;579823.856;15.4018
2024-06-14 04:00:00+00:00;553179.209;16.106
2024-06-14 05:00:00+00:00;556816.647;17.33695
2024-06-14 06:00:00+00:00;549841.034;19.1498
2024-06-14 07:00:00+00:00;552023.01;19.353
2024-06-14 08:00:00+00:00;561296.862;20.6345
2024-06-14 09:00:00+00:00;562352.374;21.561
2024-06-14 10:00:00+00:00;556400.476;20.1081
2024-06-14 11:00:00+00:00;556402.602;19.394750000000002
2024-06-14 12:00:00+00:00;579317.17;19.0332
2024-06-14 13:00:00+00:00;617563.696;19.988
2024-06-14 14:00:00+00:00;650025.82;18.71575
2024-06-14 15:00:00+00:00;690030.516;16.954
2024-06-14 16:00:00+00:00;739561.077;16.0526
2024-06-14 17:00:00+00:00;776749.806;14.347999999999999
2024-06-14 18:00:00+00:00;797131.371;13.794
2024-06-14 19:00:00+00:00;1028199.493;13.794
2024-06-14 20:00:00+00:00;1037986.467;13.4733
2024-06-14 21:00:00+00:00;871663.246;12.725
2024-06-14 22:00:00+00:00;713354.703;12.725
2024-06-14 23:00:00+00:00;631236.352;11.8078
2024-06-15 00:00:00+00:00;587322.862;11.669
2024-06-15 01:00:00+00:00;560499.873;11.40755
2024-06-15 02:00:00+00:00;553969.15;11.088
2024-06-15 03:00:00+00:00;565477.966;11.277099999999999
2024-06-15 04:00:00+00:00;586071.69;13.644749999999998
2024-06-15 05:00:00+00:00;621287.479;14.25
2024-06-15 06:00:00+00:00;655507.523;14.6752
2024-06-15 07:00:00+00:00;675319.229;15.5328
2024-06-15 08:00:00+00:00;676063.859;16.412
2024-06-15 09:00:00+00:00;665126.894;16.412
2024-06-15 10:00:00+00:00;647152.293;17.13935
2024-06-15 11:00:00+00:00;632213.893;18.58935
2024-06-15 12:00:00+00:00;633780.471;18.7666
2024-06-15 13:00:00+00:00;656968.95;20.74785
2024-06-15 14:00:00+00:00;705440.886;22.3595
2024-06-15 15:00:00+00:00;771319.257;24.866750000000003
2024-06-15 16:00:00+00:00;823450.295;23.47835
2024-06-15 17:00:00+00:00;828259.597;19.35245
2024-06-15 18:00:00+00:00;786118.145;21.16945
2024-06-15 19:00:00+00:00;995231.15;21.03145
2024-06-15 20:00:00+00:00;1006647.862;17.414250000000003
2024-06-15 21:00:00+00:00;840702.475;15.492650000000001
2024-06-15 22:00:00+00:00;687167.665;14.16655
2024-06-15 23:00:00+00:00;608508.125;13.2222
2024-06-16 00:00:00+00:00;563283.497;12.9167
2024-06-16 01:00:00+00:00;535853.621;14.6147
2024-06-16 02:00:00+00:00;517278.206;14.070000000000002
2024-06-16 03:00:00+00:00;506726.547;14.24015
2024-06-16 04:00:00+00:00;493513.257;15.821850000000001
2024-06-16 05:00:00+00:00;544170.383;17.2398
2024-06-16 06:00:00+00:00;602019.118;18.0559
2024-06-16 07:00:00+00:00;648053.634;19.32225
2024-06-16 08:00:00+00:00;666576.022;20.1
2024-06-16 09:00:00+00:00;666522.576;20.47415
2024-06-16 10:00:00+00:00;666140.278;21.3764
2024-06-16 11:00:00+00:00;658669.75;22.313499999999998
2024-06-16 12:00:00+00:00;666561.09;23.081449999999997
2024-06-16 13:00:00+00:00;685638.747;25.72835
2024-06-16 14:00:00+00:00;719706.429;24.916
2024-06-16 15:00:00+00:00;777543.379;24.007749999999998
2024-06-16 16:00:00+00:00;840981.333;23.313
2024-06-16 17:00:00+00:00;858561.854;22.6344
2024-06-16 18:00:00+00:00;808535.927;22.1621
2024-06-16 19:00:00+00:00;1000392.073;20.8832
2024-06-16 20:00:00+00:00;981888.375;19.2215
2024-06-16 21:00:00+00:00;807506.235;18.3707
2024-06-16 22:00:00+00:00;655650.14;18.05
2024-06-16 23:00:00+00:00;580987.894;17.64395
2024-06-17 00:00:00+00:00;516936.211;17.006
2024-06-17 01:00:00+00:00;480438.194;16.64745
2024-06-17 02:00:00+00:00;477915.911;16.181
2024-06-17 03:00:00+00:00;510225.199;16.181
2024-06-17 04:00:00+00:00;504827.96;16.181
2024-06-17 05:00:00+00:00;513162.471;16.731
2024-06-17 06:00:00+00:00;513644.694;17.181
2024-06-17 07:00:00+00:00;517963.062;18.1221
2024-06-17 08:00:00+00:00;533335.207;20.0227
2024-06-17 09:00:00+00:00;530439.687;21.444
2024-06-17 10:00:00+00:00;521323.085;21.90795
2024-06-17 11:00:00+00:00;523986.991;23.953
2024-06-17 12:00:00+00:00;552516.234;25.33765
2024-06-17 13:00:00+00:00;611670.663;25.67985
2024-06-17 14:00:00+00:00;644698.305;27.25475
2024-06-17 15:00:00+00:00;674117.981;24.686
2024-06-17 16:00:00+00:00;728720.993;24.631
2024-06-17 17:00:00+00:00;768442.868;24.343899999999998
2024-06-17 18:00:00+00:00;772175.444;25.358600000000003
2024-06-17 19:00:00+00:00;984128.728;23.345850000000002
2024-06-17 20:00:00+00:00;958163.806;21.00835
2024-06-17 21:00:00+00:00;778095.939;19.8224
2024-06-17 22:00:00+00:00;655459.547;18.87035
2024-06-17 23:00:00+00:00;557473.975;17.64495
2024-06-18 00:00:00+00:00;486911.706;17.2958
2024-06-18 01:00:00+00:00;453582.375;19.055500000000002
2024-06-18 02:00:00+00:00;455639.092;18.7922
2024-06-18 03:00:00+00:00;491402.693;18.69725
2024-06-18 04:00:00+00:00;486651.627;20.4424
2024-06-18 05:00:00+00:00;498778.985;20.494
2024-06-18 06:00:00+00:00;504655.861;20.494
2024-06-18 07:00:00+00:00;514054.159;19.694
2024-06-18 08:00:00+00:00;529261.465;19.68235
2024-06-18 09:00:00+00:00;528936.625;20.625
2024-06-18 10:00:00+00:00;526755.13;21.0259
2024-06-18 11:00:00+00:00;534309.648;20.678
2024-06-18 12:00:00+00:00;561870.234;19.662
2024-06-18 13:00:00+00:00;610905.553;19.662
2024-06-18 14:00:00+00:00;645648.244;19.662
2024-06-18 15:00:00+00:00;682886.75;17.73655
2024-06-18 16:00:00+00:00;747964.17;17.537
2024-06-18 17:00:00+00:00;800238.586;19.10925
2024-06-18 18:00:00+00:00;790976.683;20.7553
2024-06-18 19:00:00+00:00;996886.524;21.4354
2024-06-18 20:00:00+00:00;987426.42;17.36075
2024-06-18 21:00:00+00:00;796449.916;16.121650000000002
2024-06-18 22:00:00+00:00;636090.03;15.537
2024-06-18 23:00:00+00:00;567859.717;15.37475
2024-06-19 00:00:00+00:00;528796.517;14.463
2024-06-19 01:00:00+00:00;491212.994;14.570599999999999
2024-06-19 02:00:00+00:00;474812.414;14.744
2024-06-19 03:00:00+00:00;502106.016;15.7649
2024-06-19 04:00:00+00:00;496307.947;15.769
2024-06-19 05:00:00+00:00;507882.324;16.1386
2024-06-19 06:00:00+00:00;512735.131;17.48185
2024-06-19 07:00:00+00:00;533194.458;17.881
2024-06-19 08:00:00+00:00;551733.221;17.881
2024-06-19 09:00:00+00:00;554132.285;17.881
2024-06-19 10:00:00+00:00;548220.785;18.496
2024-06-19 11:00:00+00:00;549626.533;18.306449999999998
2024-06-19 12:00:00+00:00;575619.032;18.422
2024-06-19 13:00:00+00:00;627884.066;19.658250000000002
2024-06-19 14:00:00+00:00;664929.534;20.54735
2024-06-19 15:00:00+00:00;712810.518;21.9223
2024-06-19 16:00:00+00:00;782985.219;21.0062
2024-06-19 17:00:00+00:00;832814.22;24.28295
2024-06-19 18:00:00+00:00;821555.026;23.858
2024-06-19 19:00:00+00:00;1039232.339;21.06455
2024-06-19 20:00:00+00:00;1023449.649;18.26495
2024-06-19 21:00:00+00:00;846697.349;17.28935
2024-06-19 22:00:00+00:00;676173.84;15.844
2024-06-19 23:00:00+00:00;600096.619;15.300999999999998
2024-06-20 00:00:00+00:00;571179.235;14.75
2024-06-20 01:00:00+00:00;542815.642;14.7824
2024-06-20 02:00:00+00:00;521010.037;15.138299999999997
2024-06-20 03:00:00+00:00;537869.698;16.919
2024-06-20 04:00:00+00:00;535691.675;16.919
2024-06-20 05:00:00+00:00;555673.273;16.479000000000003
2024-06-20 06:00:00+00:00;561860.742;16.727650000000004
2024-06-20 07:00:00+00:00;567574.419;16.888
2024-06-20 08:00:00+00:00;581862.54;16.888
2024-06-20 09:00:00+00:00;583824.361;16.888
2024-06-20 10:00:00+00:00;590202.552;16.888
2024-06-20 11:00:00+00:00;597064.728;17.305600000000002
2024-06-20 12:00:00+00:00;617412.57;16.963
2024-06-20 13:00:00+00:00;650050.168;16.963
2024-06-20 14:00:00+00:00;677421.553;16.963
2024-06-20 15:00:00+00:00;713828.762;15.8686
2024-06-20 16:00:00+00:00;760957.012;14.863
2024-06-20 17:00:00+00:00;798361.214;16.4678
2024-06-20 18:00:00+00:00;792381.46;18.1244
2024-06-20 19:00:00+00:00;1019127.827;17.3554
2024-06-20 20:00:00+00:00;1017979.019;15.43935
2024-06-20 21:00:00+00:00;855653.041;14.869
2024-06-20 22:00:00+00:00;689725.249;14.869
2024-06-20 23:00:00+00:00;606791.192;14.869
2024-06-21 00:00:00+00:00;571515.18;14.869
2024-06-21 01:00:00+00:00;541722.764;15.359100000000002
2024-06-21 02:00:00+00:00;512538.297;14.193999999999999
2024-06-21 03:00:00+00:00;506257.409;14.193999999999999
2024-06-21 04:00:00+00:00;502759.076;14.193999999999999
2024-06-21 05:00:00+00:00;554196.923;14.94135
2024-06-21 06:00:00+00:00;601361.785;15.2
2024-06-21 07:00:00+00:00;629965.586;15.2
2024-06-21 08:00:00+00:00;645549.406;15.2
2024-06-21 09:00:00+00:00;641815.886;16.244
2024-06-21 10:00:00+00:00;634200.751;16.244
2024-06-21 11:00:00+00:00;627741.535;16.674
2024-06-21 12:00:00+00:00;632407.369;18.13365
2024-06-21 13:00:00+00:00;647317.227;17.62005
2024-06-21 14:00:00+00:00;668234.939;19.093049999999998
2024-06-21 15:00:00+00:00;699440.553;20.76515
2024-06-21 16:00:00+00:00;721577.873;20.27945
2024-06-21 17:00:00+00:00;723096.989;18.610400000000002
2024-06-21 18:00:00+00:00;698773.886;20.4334
2024-06-21 19:00:00+00:00;929232.419;18.74595
2024-06-21 20:00:00+00:00;951945.88;17.281
2024-06-21 21:00:00+00:00;819218.651;16.71025
2024-06-21 22:00:00+00:00;679181.808;15.38
2024-06-21 23:00:00+00:00;599281.225;15.113
2024-06-22 00:00:00+00:00;550856.847;14.1734
2024-06-22 01:00:00+00:00;516576.987;14.0838
2024-06-22 02:00:00+00:00;495594.974;14.106
2024-06-22 03:00:00+00:00;480244.078;14.162600000000001
2024-06-22 04:00:00+00:00;456635.56;15.238
2024-06-22 05:00:00+00:00;481831.38;15.89085
2024-06-22 06:00:00+00:00;516857.635;16.425
2024-06-22 07:00:00+00:00;548178.144;16.425
2024-06-22 08:00:00+00:00;572406.57;16.7289
2024-06-22 09:00:00+00:00;578088.702;17.808349999999997
2024-06-22 10:00:00+00:00;569729.878;18.519
2024-06-22 11:00:00+00:00;567965.775;19.0998
2024-06-22 12:00:00+00:00;567961.753;19.575
2024-06-22 13:00:00+00:00;582075.346;20.284100000000002
2024-06-22 14:00:00+00:00;606295.458;21.585500000000003
2024-06-22 15:00:00+00:00;641979.071;23.5248
2024-06-22 16:00:00+00:00;674879.15;25.0844
2024-06-22 17:00:00+00:00;692571.068;25.702999999999996
2024-06-22 18:00:00+00:00;677673.29;24.705599999999997
2024-06-22 19:00:00+00:00;902237.791;21.672900000000002
2024-06-22 20:00:00+00:00;901567.18;19.765800000000002
2024-06-22 21:00:00+00:00;760553.486;17.695950000000003
2024-06-22 22:00:00+00:00;642960.9;16.064
2024-06-22 23:00:00+00:00;572176.07;14.96745
2024-06-23 00:00:00+00:00;524311.576;13.42155
2024-06-23 01:00:00+00:00;490712.843;15.8757
2024-06-23 02:00:00+00:00;470824.292;15.219
2024-06-23 03:00:00+00:00;457693.484;15.413999999999998
2024-06-23 04:00:00+00:00;438927.579;17.1583
2024-06-23 05:00:00+00:00;470198.491;17.963
2024-06-23 06:00:00+00:00;510095.23;19.021849999999997
2024-06-23 07:00:00+00:00;547194.22;19.805249999999997
2024-06-23 08:00:00+00:00;576399.8;20.081
2024-06-23 09:00:00+00:00;587956.724;20.081
2024-06-23 10:00:00+00:00;589132.829;20.081
2024-06-23 11:00:00+00:00;596537.311;20.3981
2024-06-23 12:00:00+00:00;614580.963;21.7866
2024-06-23 13:00:00+00:00;635229.002;24.33755
2024-06-23 14:00:00+00:00;668929.842;25.30735
2024-06-23 15:00:00+00:00;721272.136;25.36055
2024-06-23 16:00:00+00:00;779162.131;26.277949999999997
2024-06-23 17:00:00+00:00;804441.935;23.98105
2024-06-23 18:00:00+00:00;772623.665;22.6723
2024-06-23 19:00:00+00:00;971776.917;21.46875
2024-06-23 20:00:00+00:00;953798.465;20.3552
2024-06-23 21:00:00+00:00;778088.694;20.144
2024-06-23 22:00:00+00:00;620884.577;18.997999999999998
2024-06-23 23:00:00+00:00;542508.909;17.469
2024-06-24 00:00:00+00:00;498061.141;17.019
2024-06-24 01:00:00+00:00;469728.489;16.7866
2024-06-24 02:00:00+00:00;458338.889;16.438
2024-06-24 03:00:00+00:00;476308.005;16.438
2024-06-24 04:00:00+00:00;475176.741;16.5428
2024-06-24 05:00:00+00:00;501027.741;18.4422
2024-06-24 06:00:00+00:00;515989.329;17.72665
2024-06-24 07:00:00+00:00;527829.195;18.525
2024-06-24 08:00:00+00:00;547466.606;18.525
2024-06-24 09:00:00+00:00;548022.419;18.525
2024-06-24 10:00:00+00:00;544340.781;18.525
2024-06-24 11:00:00+00:00;547620.942;18.525
2024-06-24 12:00:00+00:00;566568.164;18.9633
2024-06-24 13:00:00+00:00;610136.943;20.251800000000003
2024-06-24 14:00:00+00:00;636888.232;20.928500000000003
2024-06-24 15:00:00+00:00;667883.663;21.681
2024-06-24 16:00:00+00:00;727180.679;21.038999999999998
2024-06-24 17:00:00+00:00;772701.471;20.2837
2024-06-24 18:00:00+00:00;764693.584;19.15585
2024-06-24 19:00:00+00:00;978615.413;18.59885
2024-06-24 20:00:00+00:00;958255.198;17.519
2024-06-24 21:00:00+00:00;816767.982;17.198299999999996
2024-06-24 22:00:00+00:00;631549.881;16.45
2024-06-24 23:00:00+00:00;549961.567;16.45
2024-06-25 00:00:00+00:00;496791.134;16.45
2024-06-25 01:00:00+00:00;467572.03;16.3724
2024-06-25 02:00:00+00:00;468183.156;16.256
2024-06-25 03:00:00+00:00;491696.784;15.76645
2024-06-25 04:00:00+00:00;486610.264;15.3579
2024-06-25 05:00:00+00:00;505524.815;16.6924
2024-06-25 06:00:00+00:00;513240.596;17.578049999999998
2024-06-25 07:00:00+00:00;521222.387;18.6435
2024-06-25 08:00:00+00:00;533996.807;19.58955
2024-06-25 09:00:00+00:00;533885.916;20.488
2024-06-25 10:00:00+00:00;527294.071;20.488
2024-06-25 11:00:00+00:00;536469.149;21.15815
2024-06-25 12:00:00+00:00;559388.887;21.519
2024-06-25 13:00:00+00:00;605860.72;22.407999999999998
2024-06-25 14:00:00+00:00;633616.857;24.023
2024-06-25 15:00:00+00:00;669486.622;25.5011
2024-06-25 16:00:00+00:00;728049.481;28.506700000000002
2024-06-25 17:00:00+00:00;775731.113;28.6762
2024-06-25 18:00:00+00:00;770429.331;29.390500000000003
2024-06-25 19:00:00+00:00;981722.184;26.758850000000002
2024-06-25 20:00:00+00:00;958725.662;23.1705
2024-06-25 21:00:00+00:00;777080.592;21.64005
2024-06-25 22:00:00+00:00;655544.742;20.391
2024-06-25 23:00:00+00:00;558721.711;19.656
2024-06-26 00:00:00+00:00;495302.322;18.79825
2024-06-26 01:00:00+00:00;454956.827;20.291900000000002
2024-06-26 02:00:00+00:00;445526.985;19.475
2024-06-26 03:00:00+00:00;469439.253;19.62965
2024-06-26 04:00:00+00:00;470247.008;20.7698
2024-06-26 05:00:00+00:00;492004.556;22.1281
2024-06-26 06:00:00+00:00;501944.517;22.606
2024-06-26 07:00:00+00:00;512348.771;23.2422
2024-06-26 08:00:00+00:00;529082.371;24.406100000000002
2024-06-26 09:00:00+00:00;530875.94;24.725
2024-06-26 10:00:00+00:00;528113.46;24.725
2024-06-26 11:00:00+00:00;534869.767;26.20535
2024-06-26 12:00:00+00:00;564901.491;26.1536
2024-06-26 13:00:00+00:00;616152.173;26.3174
2024-06-26 14:00:00+00:00;647978.902;25.87355
2024-06-26 15:00:00+00:00;685751.133;24.556
2024-06-26 16:00:00+00:00;744375.368;25.06585
2024-06-26 17:00:00+00:00;784302.414;25.0821
2024-06-26 18:00:00+00:00;777196.48;21.7632
2024-06-26 19:00:00+00:00;986374.806;21.3121
2024-06-26 20:00:00+00:00;958696.073;20.0554
2024-06-26 21:00:00+00:00;772365.046;19.369
2024-06-26 22:00:00+00:00;611879.459;18.746299999999998
2024-06-26 23:00:00+00:00;527697.239;17.41035
2024-06-27 00:00:00+00:00;482126.911;16.82385
2024-06-27 01:00:00+00:00;461059.448;18.11535
2024-06-27 02:00:00+00:00;446506.453;17.88
2024-06-27 03:00:00+00:00;468075.125;17.55715
2024-06-27 04:00:00+00:00;469487.103;19.18075
2024-06-27 05:00:00+00:00;493408.062;20.7095
2024-06-27 06:00:00+00:00;505910.185;21.313
2024-06-27 07:00:00+00:00;518403.627;22.280099999999997
2024-06-27 08:00:00+00:00;536904.597;22.331
2024-06-27 09:00:00+00:00;539666.635;22.331
2024-06-27 10:00:00+00:00;536907.819;22.331
2024-06-27 11:00:00+00:00;543736.128;22.331
2024-06-27 12:00:00+00:00;571001.145;22.4885
2024-06-27 13:00:00+00:00;618290.5;23.9585
2024-06-27 14:00:00+00:00;641859.428;26.03175
2024-06-27 15:00:00+00:00;668770.911;28.09355
2024-06-27 16:00:00+00:00;719114.089;30.877699999999997
2024-06-27 17:00:00+00:00;766349.128;33.12595
2024-06-27 18:00:00+00:00;767117.623;32.61565
2024-06-27 19:00:00+00:00;990652.371;27.651600000000002
2024-06-27 20:00:00+00:00;964663.393;22.4563
2024-06-27 21:00:00+00:00;783322.244;20.5926
2024-06-27 22:00:00+00:00;626946.173;19.490450000000003
2024-06-27 23:00:00+00:00;542488.864;17.83845
2024-06-28 00:00:00+00:00;510930.393;17.019
2024-06-28 01:00:00+00:00;470598.196;18.68715
2024-06-28 02:00:00+00:00;453656.002;18.425
2024-06-28 03:00:00+00:00;468829.788;19.8874
2024-06-28 04:00:00+00:00;471337.939;21.853199999999998
2024-06-28 05:00:00+00:00;498081.747;23.569300000000002
2024-06-28 06:00:00+00:00;516476.757;25.0066
2024-06-28 07:00:00+00:00;532272.308;26.49735
2024-06-28 08:00:00+00:00;555018.99;27.350299999999997
2024-06-28 09:00:00+00:00;569482.703;28.4972
2024-06-28 10:00:00+00:00;575669.444;29.73775
2024-06-28 11:00:00+00:00;595721.168;28.782400000000003
2024-06-28 12:00:00+00:00;625197.048;27.119799999999998
2024-06-28 13:00:00+00:00;659387.203;27.925
2024-06-28 14:00:00+00:00;673967.829;29.5991
2024-06-28 15:00:00+00:00;691534.098;32.1546
2024-06-28 16:00:00+00:00;722954.733;35.138400000000004
2024-06-28 17:00:00+00:00;746577.012;36.56935
2024-06-28 18:00:00+00:00;743450.261;36.1225
2024-06-28 19:00:00+00:00;970509.361;32.42745
2024-06-28 20:00:00+00:00;964458.604;28.597
2024-06-28 21:00:00+00:00;801332.85;26.988799999999998
2024-06-28 22:00:00+00:00;627831.298;25.82465
2024-06-28 23:00:00+00:00;534541.699;25.738
2024-06-29 00:00:00+00:00;476626.309;25.738
2024-06-29 01:00:00+00:00;443116.132;25.90285
2024-06-29 02:00:00+00:00;426309.457;25.55
2024-06-29 03:00:00+00:00;432225.396;25.58465
2024-06-29 04:00:00+00:00;440967.387;26.33755
2024-06-29 05:00:00+00:00;494417.688;27.5676
2024-06-29 06:00:00+00:00;542930.436;28.5507
2024-06-29 07:00:00+00:00;580031.443;27.611900000000002
2024-06-29 08:00:00+00:00;610014.931;24.755450000000003
2024-06-29 09:00:00+00:00;615100.413;24.644
2024-06-29 10:00:00+00:00;605609.682;26.18365
2024-06-29 11:00:00+00:00;602747.242;22.33005
2024-06-29 12:00:00+00:00;616048.752;21.0123
2024-06-29 13:00:00+00:00;636840.19;22.2133
2024-06-29 14:00:00+00:00;669995.135;23.81155
2024-06-29 15:00:00+00:00;725504.408;25.49665
2024-06-29 16:00:00+00:00;766706.315;26.3259
2024-06-29 17:00:00+00:00;779702.216;26.9236
2024-06-29 18:00:00+00:00;745592.741;25.9784
2024-06-29 19:00:00+00:00;941854.599;23.735850000000003
2024-06-29 20:00:00+00:00;936992.61;21.1235
2024-06-29 21:00:00+00:00;776159.992;19.4881
2024-06-29 22:00:00+00:00;617357.624;18.34185
2024-06-29 23:00:00+00:00;530074.61;17.6786
2024-06-30 00:00:00+00:00;472505.285;17.0
2024-06-30 01:00:00+00:00;435289.876;18.1516
2024-06-30 02:00:00+00:00;417549.899;17.144
2024-06-30 03:00:00+00:00;418295.14;16.569
2024-06-30 04:00:00+00:00;420151.673;16.569
2024-06-30 05:00:00+00:00;465000.446;16.569
2024-06-30 06:00:00+00:00;514077.654;17.4583
2024-06-30 07:00:00+00:00;556663.046;18.3281
2024-06-30 08:00:00+00:00;590506.303;19.05155
2024-06-30 09:00:00+00:00;596726.936;19.688
2024-06-30 10:00:00+00:00;595180.13;20.691200000000002
2024-06-30 11:00:00+00:00;594158.364;20.744
2024-06-30 12:00:00+00:00;604852.544;21.1816
2024-06-30 13:00:00+00:00;624471.007;23.161099999999998
2024-06-30 14:00:00+00:00;652419.45;21.894
2024-06-30 15:00:00+00:00;709937.823;22.7595
2024-06-30 16:00:00+00:00;778484.281;23.8187
2024-06-30 17:00:00+00:00;803273.656;23.2084
2024-06-30 18:00:00+00:00;764862.22;21.2003
2024-06-30 19:00:00+00:00;955226.355;20.163
2024-06-30 20:00:00+00:00;931070.923;19.638
2024-06-30 21:00:00+00:00;750630.596;18.633850000000002
2024-06-30 22:00:00+00:00;593404.921;18.266
2024-06-30 23:00:00+00:00;511993.304;17.39445
2024-07-01 00:00:00+00:00;467726.524;16.494
2024-07-01 01:00:00+00:00;441480.675;16.436500000000002
2024-07-01 02:00:00+00:00;433752.592;15.919
2024-07-01 03:00:00+00:00;457364.587;15.919
2024-07-01 04:00:00+00:00;461610.238;15.919
2024-07-01 05:00:00+00:00;495415.306;16.678
2024-07-01 06:00:00+00:00;524623.002;16.931
2024-07-01 07:00:00+00:00;547997.456;16.931
2024-07-01 08:00:00+00:00;572526.062;17.83965
2024-07-01 09:00:00+00:00;576366.548;18.264000000000003
2024-07-01 10:00:00+00:00;569226.663;19.8923
2024-07-01 11:00:00+00:00;569399.971;19.906
2024-07-01 12:00:00+00:00;594624.934;19.7768
2024-07-01 13:00:00+00:00;638871.98;18.61665
2024-07-01 14:00:00+00:00;672859.455;18.075
2024-07-01 15:00:00+00:00;714330.273;17.035700000000002
2024-07-01 16:00:00+00:00;771890.689;16.981
2024-07-01 17:00:00+00:00;798001.435;16.981
2024-07-01 18:00:00+00:00;770882.808;16.981
2024-07-01 19:00:00+00:00;968540.869;16.981
2024-07-01 20:00:00+00:00;943106.144;16.1162
2024-07-01 21:00:00+00:00;757168.037;15.9
2024-07-01 22:00:00+00:00;600817.503;15.9
2024-07-01 23:00:00+00:00;531002.62;15.9
2024-07-02 00:00:00+00:00;486789.727;15.9
2024-07-02 01:00:00+00:00;462812.058;15.8976
2024-07-02 02:00:00+00:00;449418.134;15.888
2024-07-02 03:00:00+00:00;468780.95;15.888
2024-07-02 04:00:00+00:00;467436.567;15.888
2024-07-02 05:00:00+00:00;495796.501;16.891199999999998
2024-07-02 06:00:00+00:00;513564.982;16.944
2024-07-02 07:00:00+00:00;528208.384;16.944
2024-07-02 08:00:00+00:00;544844.094;17.784
2024-07-02 09:00:00+00:00;544338.123;18.6765
2024-07-02 10:00:00+00:00;535448.596;19.044
2024-07-02 11:00:00+00:00;533391.734;19.044
2024-07-02 12:00:00+00:00;553014.039;19.044
2024-07-02 13:00:00+00:00;595959.621;20.48475
2024-07-02 14:00:00+00:00;629153.97;21.8578
2024-07-02 15:00:00+00:00;662728.486;22.249550000000003
2024-07-02 16:00:00+00:00;724099.835;23.973850000000002
2024-07-02 17:00:00+00:00;770427.934;23.8001
2024-07-02 18:00:00+00:00;764960.352;22.29715
2024-07-02 19:00:00+00:00;977110.593;19.035800000000002
2024-07-02 20:00:00+00:00;955395.467;18.156200000000002
2024-07-02 21:00:00+00:00;774350.605;17.95
2024-07-02 22:00:00+00:00;655881.986;17.95
2024-07-02 23:00:00+00:00;557243.254;17.0804
2024-07-03 00:00:00+00:00;495839.614;16.863
2024-07-03 01:00:00+00:00;460600.299;16.7404
2024-07-03 02:00:00+00:00;455006.825;16.25
2024-07-03 03:00:00+00:00;474397.402;16.25
2024-07-03 04:00:00+00:00;471964.764;16.25
2024-07-03 05:00:00+00:00;501103.017;16.25
2024-07-03 06:00:00+00:00;522157.897;17.1204
2024-07-03 07:00:00+00:00;543058.041;17.3889
2024-07-03 08:00:00+00:00;562559.387;18.356
2024-07-03 09:00:00+00:00;567035.566;18.356
2024-07-03 10:00:00+00:00;560629.525;18.62
2024-07-03 11:00:00+00:00;560278.637;19.412
2024-07-03 12:00:00+00:00;578663.858;19.412
2024-07-03 13:00:00+00:00;616968.012;20.220499999999998
2024-07-03 14:00:00+00:00;645099.71;22.151100000000003
2024-07-03 15:00:00+00:00;691819.677;23.9808
2024-07-03 16:00:00+00:00;752795.523;26.911099999999998
2024-07-03 17:00:00+00:00;792696.977;25.6832
2024-07-03 18:00:00+00:00;772839.152;23.5566
2024-07-03 19:00:00+00:00;978464.409;22.65285
2024-07-03 20:00:00+00:00;954271.843;20.26905
2024-07-03 21:00:00+00:00;772947.904;18.1671
2024-07-03 22:00:00+00:00;615100.479;16.9085
2024-07-03 23:00:00+00:00;535617.935;15.76395
2024-07-04 00:00:00+00:00;492744.701;14.433250000000001
2024-07-04 01:00:00+00:00;477444.876;15.4613
2024-07-04 02:00:00+00:00;483989.262;16.004649999999998
2024-07-04 03:00:00+00:00;490893.522;16.4446
2024-07-04 04:00:00+00:00;472446.042;17.826100000000004
2024-07-04 05:00:00+00:00;498627.534;19.415100000000002
2024-07-04 06:00:00+00:00;517494.511;20.256
2024-07-04 07:00:00+00:00;533894.688;20.30755
2024-07-04 08:00:00+00:00;556904.689;21.376399999999997
2024-07-04 09:00:00+00:00;564535.19;22.331
2024-07-04 10:00:00+00:00;566906.507;23.1976
2024-07-04 11:00:00+00:00;578038.652;24.33845
2024-07-04 12:00:00+00:00;611124.501;26.0685
2024-07-04 13:00:00+00:00;645620.843;26.631850000000004
2024-07-04 14:00:00+00:00;669082.826;27.5671
2024-07-04 15:00:00+00:00;695164.623;22.3779
2024-07-04 16:00:00+00:00;748187.385;21.35
2024-07-04 17:00:00+00:00;788227.838;21.35
2024-07-04 18:00:00+00:00;771573.138;20.4392
2024-07-04 19:00:00+00:00;981762.651;19.572200000000002
2024-07-04 20:00:00+00:00;957347.513;18.2787
2024-07-04 21:00:00+00:00;771771.176;17.2052
2024-07-04 22:00:00+00:00;618836.311;16.694
2024-07-04 23:00:00+00:00;542791.142;16.094
2024-07-05 00:00:00+00:00;498805.267;15.82375
2024-07-05 01:00:00+00:00;479778.889;16.110400000000002
2024-07-05 02:00:00+00:00;465808.96;15.356
2024-07-05 03:00:00+00:00;477944.581;15.356
2024-07-05 04:00:00+00:00;474904.739;15.356
2024-07-05 05:00:00+00:00;510593.225;16.128449999999997
2024-07-05 06:00:00+00:00;536188.498;16.412
2024-07-05 07:00:00+00:00;558341.555;16.412
2024-07-05 08:00:00+00:00;589413.728;16.412
2024-07-05 09:00:00+00:00;594390.797;16.412
2024-07-05 10:00:00+00:00;590947.483;15.415449999999998
2024-07-05 11:00:00+00:00;591063.455;15.4351
2024-07-05 12:00:00+00:00;614044.619;15.568999999999999
2024-07-05 13:00:00+00:00;647853.094;17.07645
2024-07-05 14:00:00+00:00;665503.1;19.066300000000002
2024-07-05 15:00:00+00:00;705091.722;21.6502
2024-07-05 16:00:00+00:00;749110.111;24.255000000000003
2024-07-05 17:00:00+00:00;774743.118;24.01455
2024-07-05 18:00:00+00:00;757708.277;21.959650000000003
2024-07-05 19:00:00+00:00;985650.404;19.7903
2024-07-05 20:00:00+00:00;979531.964;17.4422
2024-07-05 21:00:00+00:00;820725.019;15.031600000000001
2024-07-05 22:00:00+00:00;659597.041;14.875
2024-07-05 23:00:00+00:00;576575.999;14.875
2024-07-06 00:00:00+00:00;540665.831;14.3971
2024-07-06 01:00:00+00:00;503770.442;13.7149
2024-07-06 02:00:00+00:00;480934.117;13.394
2024-07-06 03:00:00+00:00;478544.615;13.9506
2024-07-06 04:00:00+00:00;476615.92;14.9883
2024-07-06 05:00:00+00:00;520205.717;16.42
2024-07-06 06:00:00+00:00;570241.539;16.933
2024-07-06 07:00:00+00:00;604961.841;18.3525
2024-07-06 08:00:00+00:00;630274.437;19.538999999999998
2024-07-06 09:00:00+00:00;626650.194;20.769
2024-07-06 10:00:00+00:00;615501.111;21.123199999999997
2024-07-06 11:00:00+00:00;614146.296;20.7303
2024-07-06 12:00:00+00:00;634352.606;21.189100000000003
2024-07-06 13:00:00+00:00;664794.68;22.4332
2024-07-06 14:00:00+00:00;706995.846;22.8998
2024-07-06 15:00:00+00:00;774099.202;17.27305
2024-07-06 16:00:00+00:00;814054.442;21.48715
2024-07-06 17:00:00+00:00;817502.356;18.984450000000002
2024-07-06 18:00:00+00:00;774375.341;17.644
2024-07-06 19:00:00+00:00;991954.799;17.644
2024-07-06 20:00:00+00:00;980012.976;16.150399999999998
2024-07-06 21:00:00+00:00;805448.448;15.356399999999999
2024-07-06 22:00:00+00:00;637773.232;14.469
2024-07-06 23:00:00+00:00;550852.349;13.44205
2024-07-07 00:00:00+00:00;497172.899;13.388
2024-07-07 01:00:00+00:00;464254.878;14.06195
2024-07-07 02:00:00+00:00;446300.808;13.881
2024-07-07 03:00:00+00:00;453034.167;14.472249999999999
2024-07-07 04:00:00+00:00;454830.705;15.9368
2024-07-07 05:00:00+00:00;507038.727;16.0
2024-07-07 06:00:00+00:00;567246.488;16.0
2024-07-07 07:00:00+00:00;628169.09;16.0
2024-07-07 08:00:00+00:00;679438.087;16.0
2024-07-07 09:00:00+00:00;702660.842;16.0
2024-07-07 10:00:00+00:00;706125.363;16.0
2024-07-07 11:00:00+00:00;701819.191;16.0
2024-07-07 12:00:00+00:00;708468.541;16.1139
2024-07-07 13:00:00+00:00;699340.142;17.1296
2024-07-07 14:00:00+00:00;708175.126;19.175
2024-07-07 15:00:00+00:00;752410.356;20.8385
2024-07-07 16:00:00+00:00;813870.543;19.87925
2024-07-07 17:00:00+00:00;840412.306;22.86505
2024-07-07 18:00:00+00:00;804086.162;25.51675
2024-07-07 19:00:00+00:00;998887.566;20.881999999999998
2024-07-07 20:00:00+00:00;978644.009;18.294
2024-07-07 21:00:00+00:00;799716.655;18.294
2024-07-07 22:00:00+00:00;646351.628;18.294
2024-07-07 23:00:00+00:00;570958.881;17.382299999999997
2024-07-08 00:00:00+00:00;512807.227;16.566
2024-07-08 01:00:00+00:00;479227.287;16.17635
2024-07-08 02:00:00+00:00;472176.094;16.15
2024-07-08 03:00:00+00:00;489997.879;16.19935
2024-07-08 04:00:00+00:00;487506.606;17.162
2024-07-08 05:00:00+00:00;515861.759;17.162
2024-07-08 06:00:00+00:00;538716.947;17.462049999999998
2024-07-08 07:00:00+00:00;554572.012;18.256
2024-07-08 08:00:00+00:00;568522.361;19.11995
2024-07-08 09:00:00+00:00;564641.684;18.37945
2024-07-08 10:00:00+00:00;555303.153;18.268
2024-07-08 11:00:00+00:00;553646.017;19.109199999999998
2024-07-08 12:00:00+00:00;570430.941;18.294
2024-07-08 13:00:00+00:00;607224.597;19.69755
2024-07-08 14:00:00+00:00;631621.889;19.863
2024-07-08 15:00:00+00:00;659070.26;20.323
2024-07-08 16:00:00+00:00;715276.958;23.5436
2024-07-08 17:00:00+00:00;763421.126;19.94415
2024-07-08 18:00:00+00:00;758224.055;18.78565
2024-07-08 19:00:00+00:00;972745.432;17.9557
2024-07-08 20:00:00+00:00;956152.12;17.281
2024-07-08 21:00:00+00:00;793944.403;16.181
2024-07-08 22:00:00+00:00;635505.83;14.872
2024-07-08 23:00:00+00:00;561254.513;14.35
2024-07-09 00:00:00+00:00;500865.354;14.08125
2024-07-09 01:00:00+00:00;469038.672;13.381800000000002
2024-07-09 02:00:00+00:00;461121.39;14.581
2024-07-09 03:00:00+00:00;478845.916;14.9535
2024-07-09 04:00:00+00:00;468802.777;16.49555
2024-07-09 05:00:00+00:00;496767.567;17.03215
2024-07-09 06:00:00+00:00;515831.858;18.23095
2024-07-09 07:00:00+00:00;530451.609;19.01225
2024-07-09 08:00:00+00:00;548956.744;20.125
2024-07-09 09:00:00+00:00;550762.021;20.0225
2024-07-09 10:00:00+00:00;544559.787;19.1
2024-07-09 11:00:00+00:00;544606.676;19.1
2024-07-09 12:00:00+00:00;565343.17;19.5023
2024-07-09 13:00:00+00:00;599743.65;20.277250000000002
2024-07-09 14:00:00+00:00;623694.913;21.67545
2024-07-09 15:00:00+00:00;662080.901;22.99615
2024-07-09 16:00:00+00:00;723600.064;23.96925
2024-07-09 17:00:00+00:00;769400.813;25.3354
2024-07-09 18:00:00+00:00;759041.745;25.163400000000003
2024-07-09 19:00:00+00:00;967462.798;22.4838
2024-07-09 20:00:00+00:00;954999.897;19.2772
2024-07-09 21:00:00+00:00;780199.966;17.949350000000003
2024-07-09 22:00:00+00:00;651902.783;16.9648
2024-07-09 23:00:00+00:00;557363.586;16.213
2024-07-10 00:00:00+00:00;507011.587;15.191749999999999
2024-07-10 01:00:00+00:00;475397.435;15.74615
2024-07-10 02:00:00+00:00;469874.573;15.5
2024-07-10 03:00:00+00:00;486254.941;16.21685
2024-07-10 04:00:00+00:00;476870.716;17.21595
2024-07-10 05:00:00+00:00;500304.578;17.588
2024-07-10 06:00:00+00:00;514781.977;18.65
2024-07-10 07:00:00+00:00;522567.094;18.65
2024-07-10 08:00:00+00:00;533608.81;19.1875
2024-07-10 09:00:00+00:00;531285.397;19.725
2024-07-10 10:00:00+00:00;522953.957;19.725
2024-07-10 11:00:00+00:00;521876.156;19.725
2024-07-10 12:00:00+00:00;541245.792;20.3364
2024-07-10 13:00:00+00:00;578764.864;21.3106
2024-07-10 14:00:00+00:00;605173.585;22.9037
2024-07-10 15:00:00+00:00;645013.837;25.517000000000003
2024-07-10 16:00:00+00:00;706033.179;28.7041
2024-07-10 17:00:00+00:00;753717.616;30.1175
2024-07-10 18:00:00+00:00;752459.399;29.9463
2024-07-10 19:00:00+00:00;968783.527;25.14915
2024-07-10 20:00:00+00:00;959594.33;20.48115
2024-07-10 21:00:00+00:00;773790.389;18.66655
2024-07-10 22:00:00+00:00;617584.493;17.638
2024-07-10 23:00:00+00:00;540248.488;17.60155
2024-07-11 00:00:00+00:00;505629.458;16.588
2024-07-11 01:00:00+00:00;483866.655;16.85565
2024-07-11 02:00:00+00:00;462751.244;17.631
2024-07-11 03:00:00+00:00;463985.139;17.631
2024-07-11 04:00:00+00:00;457535.311;18.3668
2024-07-11 05:00:00+00:00;491258.119;18.92605
2024-07-11 06:00:00+00:00;517813.497;19.85
2024-07-11 07:00:00+00:00;539374.363;20.835950000000004
2024-07-11 08:00:00+00:00;561378.278;22.2345
2024-07-11 09:00:00+00:00;568714.545;24.386699999999998
2024-07-11 10:00:00+00:00;565075.994;25.125
2024-07-11 11:00:00+00:00;570359.545;25.125
2024-07-11 12:00:00+00:00;596145.511;24.623150000000003
2024-07-11 13:00:00+00:00;645040.428;24.113
2024-07-11 14:00:00+00:00;686683.799;23.69295
2024-07-11 15:00:00+00:00;739242.299;21.917499999999997
2024-07-11 16:00:00+00:00;811009.399;20.95
2024-07-11 17:00:00+00:00;844163.559;19.999599999999997
2024-07-11 18:00:00+00:00;801053.111;19.894
2024-07-11 19:00:00+00:00;988195.02;19.894
2024-07-11 20:00:00+00:00;942423.089;19.3595
2024-07-11 21:00:00+00:00;754370.552;18.825
2024-07-11 22:00:00+00:00;602792.347;18.825
2024-07-11 23:00:00+00:00;509991.78;18.825
2024-07-12 00:00:00+00:00;454362.209;18.825
2024-07-12 01:00:00+00:00;426563.904;18.7032
2024-07-12 02:00:00+00:00;426185.673;18.013
2024-07-12 03:00:00+00:00;449460.149;18.013
2024-07-12 04:00:00+00:00;456925.39;18.013
2024-07-12 05:00:00+00:00;497110.051;18.013
2024-07-12 06:00:00+00:00;532275.855;18.013
2024-07-12 07:00:00+00:00;556167.41;18.013
2024-07-12 08:00:00+00:00;576349.69;18.013
2024-07-12 09:00:00+00:00;575841.695;18.013
2024-07-12 10:00:00+00:00;566881.432;18.013
2024-07-12 11:00:00+00:00;566404.208;18.013
2024-07-12 12:00:00+00:00;579669.754;18.013
2024-07-12 13:00:00+00:00;606313.685;18.6708
2024-07-12 14:00:00+00:00;630299.184;19.025
2024-07-12 15:00:00+00:00;665522.805;19.025
2024-07-12 16:00:00+00:00;709314.412;19.025
2024-07-12 17:00:00+00:00;737638.369;19.025
2024-07-12 18:00:00+00:00;725532.4;
2024-07-12 19:00:00+00:00;950065.974;
2024-07-12 20:00:00+00:00;937454.48;
2024-07-12 21:00:00+00:00;758692.311;
2024-07-12 22:00:00+00:00;604361.316;
2024-07-12 23:00:00+00:00;525257.909;
2024-07-13 00:00:00+00:00;482971.21;
2024-07-13 01:00:00+00:00;455999.169;
2024-07-13 02:00:00+00:00;441134.227;
2024-07-13 03:00:00+00:00;434576.256;
2024-07-13 04:00:00+00:00;437314.964;
2024-07-13 05:00:00+00:00;485869.821;
2024-07-13 06:00:00+00:00;529071.536;
2024-07-13 07:00:00+00:00;558748.201;
2024-07-13 08:00:00+00:00;582207.886;
2024-07-13 09:00:00+00:00;594145.715;21.781625
2024-07-13 10:00:00+00:00;591423.622;22.1334
2024-07-13 11:00:00+00:00;595052.136;23.019
2024-07-13 12:00:00+00:00;598779.759;23.99845
2024-07-13 13:00:00+00:00;619857.025;24.5063
2024-07-13 14:00:00+00:00;653468.813;26.175
2024-07-13 15:00:00+00:00;698638.119;27.8593
2024-07-13 16:00:00+00:00;730222.407;29.996
2024-07-13 17:00:00+00:00;738589.191;29.5043
2024-07-13 18:00:00+00:00;714523.358;27.27205
2024-07-13 19:00:00+00:00;932003.88;23.596899999999998
2024-07-13 20:00:00+00:00;925227.489;20.90075
2024-07-13 21:00:00+00:00;761599.467;19.256300000000003
2024-07-13 22:00:00+00:00;609226.627;18.0565
2024-07-13 23:00:00+00:00;531916.921;16.949199999999998
2024-07-14 00:00:00+00:00;476968.002;15.892399999999999
2024-07-14 01:00:00+00:00;440389.529;15.642599999999998
2024-07-14 02:00:00+00:00;418890.126;16.3014
2024-07-14 03:00:00+00:00;415774.566;16.686
2024-07-14 04:00:00+00:00;414072.629;18.0465
2024-07-14 05:00:00+00:00;461958.268;19.1298
2024-07-14 06:00:00+00:00;519208.711;20.146749999999997
2024-07-14 07:00:00+00:00;576422.217;21.0716
2024-07-14 08:00:00+00:00;614852.112;21.95795
2024-07-14 09:00:00+00:00;630535.108;21.8338
2024-07-14 10:00:00+00:00;631264.942;22.818450000000002
2024-07-14 11:00:00+00:00;634489.771;22.875
2024-07-14 12:00:00+00:00;646592.402;23.397
2024-07-14 13:00:00+00:00;661159.722;23.919
2024-07-14 14:00:00+00:00;681340.238;24.689
2024-07-14 15:00:00+00:00;727032.491;27.5231
2024-07-14 16:00:00+00:00;781503.331;31.1779
2024-07-14 17:00:00+00:00;802467.194;30.540699999999998
2024-07-14 18:00:00+00:00;770633.639;28.71655
2024-07-14 19:00:00+00:00;956709.887;24.560499999999998
2024-07-14 20:00:00+00:00;955654.75;21.1095
2024-07-14 21:00:00+00:00;781168.166;19.42735
2024-07-14 22:00:00+00:00;604977.161;17.9971
2024-07-14 23:00:00+00:00;512053.369;17.369
2024-07-15 00:00:00+00:00;459723.413;16.56395
2024-07-15 01:00:00+00:00;431745.988;16.5492
2024-07-15 02:00:00+00:00;429776.328;17.513
2024-07-15 03:00:00+00:00;449473.109;17.898500000000002
2024-07-15 04:00:00+00:00;451664.453;19.2449
2024-07-15 05:00:00+00:00;485822.845;20.372
2024-07-15 06:00:00+00:00;513773.288;22.1048
2024-07-15 07:00:00+00:00;535320.333;22.738
2024-07-15 08:00:00+00:00;553633.373;22.738
2024-07-15 09:00:00+00:00;557151.488;23.27245
2024-07-15 10:00:00+00:00;552952.474;22.775
2024-07-15 11:00:00+00:00;558260.334;23.212799999999998
2024-07-15 12:00:00+00:00;567932.055;23.024
2024-07-15 13:00:00+00:00;603023.033;23.794
2024-07-15 14:00:00+00:00;626340.532;23.258100000000002
2024-07-15 15:00:00+00:00;659408.889;21.2876
2024-07-15 16:00:00+00:00;711200.409;20.575
2024-07-15 17:00:00+00:00;753119.713;20.314
2024-07-15 18:00:00+00:00;747099.712;19.531
2024-07-15 19:00:00+00:00;961278.296;19.531
2024-07-15 20:00:00+00:00;934496.894;18.5302
2024-07-15 21:00:00+00:00;746827.461;18.419
2024-07-15 22:00:00+00:00;589757.714;18.419
2024-07-15 23:00:00+00:00;521239.622;18.419
2024-07-16 00:00:00+00:00;468466.827;18.419
2024-07-16 01:00:00+00:00;437321.956;18.3256
2024-07-16 02:00:00+00:00;431701.139;17.6417
2024-07-16 03:00:00+00:00;448985.339;18.662
2024-07-16 04:00:00+00:00;448354.599;19.181
2024-07-16 05:00:00+00:00;483164.118;19.7
2024-07-16 06:00:00+00:00;507876.588;19.7
2024-07-16 07:00:00+00:00;525492.549;20.14563157894737
2024-07-16 08:00:00+00:00;539648.707;20.731
2024-07-16 09:00:00+00:00;543998.292;20.731
2024-07-16 10:00:00+00:00;543991.19;20.731
2024-07-16 11:00:00+00:00;544030.524;20.857950000000002
2024-07-16 12:00:00+00:00;557697.163;21.6218
2024-07-16 13:00:00+00:00;592210.701;21.483150000000002
2024-07-16 14:00:00+00:00;612977.293;23.422
2024-07-16 15:00:00+00:00;647407.582;25.726550000000003
2024-07-16 16:00:00+00:00;702724.339;28.694
2024-07-16 17:00:00+00:00;750001.309;28.6801
2024-07-16 18:00:00+00:00;741810.342;27.49905
2024-07-16 19:00:00+00:00;955608.514;24.1331
2024-07-16 20:00:00+00:00;932004.22;20.546100000000003
2024-07-16 21:00:00+00:00;744271.738;19.0411
2024-07-16 22:00:00+00:00;586754.137;17.638
2024-07-16 23:00:00+00:00;519479.486;16.7506
2024-07-17 00:00:00+00:00;485604.34;16.00935
2024-07-17 01:00:00+00:00;457510.242;15.496350000000001
2024-07-17 02:00:00+00:00;438252.211;15.6892
2024-07-17 03:00:00+00:00;450255.74;16.470499999999998
2024-07-17 04:00:00+00:00;447895.209;18.22195
2024-07-17 05:00:00+00:00;482557.798;20.02
2024-07-17 06:00:00+00:00;511487.714;21.403
2024-07-17 07:00:00+00:00;530556.299;22.4085
2024-07-17 08:00:00+00:00;547923.215;22.731
2024-07-17 09:00:00+00:00;555118.144;23.4884
2024-07-17 10:00:00+00:00;552525.245;24.686600000000002
2024-07-17 11:00:00+00:00;556016.201;25.97025
2024-07-17 12:00:00+00:00;579445.488;27.380200000000002
2024-07-17 13:00:00+00:00;622853.083;28.5736
2024-07-17 14:00:00+00:00;661316.294;29.743900000000004
2024-07-17 15:00:00+00:00;711938.934;29.88745
2024-07-17 16:00:00+00:00;778546.005;28.393250000000002
2024-07-17 17:00:00+00:00;808155.931;27.130599999999998
2024-07-17 18:00:00+00:00;782861.636;26.0851
2024-07-17 19:00:00+00:00;980073.222;24.78455
2024-07-17 20:00:00+00:00;945143.448;23.82725
2024-07-17 21:00:00+00:00;765023.556;22.806
2024-07-17 22:00:00+00:00;623362.143;22.632600000000004
2024-07-17 23:00:00+00:00;550090.222;21.756
2024-07-18 00:00:00+00:00;484960.122;21.756
2024-07-18 01:00:00+00:00;443364.318;21.6135
2024-07-18 02:00:00+00:00;432053.32;20.806
2024-07-18 03:00:00+00:00;446712.232;21.33565
2024-07-18 04:00:00+00:00;446707.512;21.813
2024-07-18 05:00:00+00:00;483377.4;22.875
2024-07-18 06:00:00+00:00;511756.457;23.6142
2024-07-18 07:00:00+00:00;533759.154;22.2862
2024-07-18 08:00:00+00:00;554227.767;21.68845
2024-07-18 09:00:00+00:00;555293.78;22.458350000000003
2024-07-18 10:00:00+00:00;549849.9;21.731
2024-07-18 11:00:00+00:00;553497.591;23.159200000000002
2024-07-18 12:00:00+00:00;573661.676;24.988
2024-07-18 13:00:00+00:00;609304.444;26.5648
2024-07-18 14:00:00+00:00;634584.779;28.958949999999998
2024-07-18 15:00:00+00:00;677232.759;26.673900000000003
2024-07-18 16:00:00+00:00;741470.869;23.5293
2024-07-18 17:00:00+00:00;781177.197;22.781
2024-07-18 18:00:00+00:00;765350.366;22.2595
2024-07-18 19:00:00+00:00;967104.466;21.738
2024-07-18 20:00:00+00:00;934983.762;20.997400000000003
2024-07-18 21:00:00+00:00;749501.257;19.656
2024-07-18 22:00:00+00:00;597651.56;19.064749999999997
2024-07-18 23:00:00+00:00;521088.471;18.5276
2024-07-19 00:00:00+00:00;476118.861;17.513
2024-07-19 01:00:00+00:00;458292.634;17.513
2024-07-19 02:00:00+00:00;442430.933;17.881
2024-07-19 03:00:00+00:00;450665.227;17.881
2024-07-19 04:00:00+00:00;453128.023;17.881
2024-07-19 05:00:00+00:00;494157.291;17.9329
2024-07-19 06:00:00+00:00;528156.213;18.919
2024-07-19 07:00:00+00:00;552652.098;19.45
2024-07-19 08:00:00+00:00;574229.61;19.981
2024-07-19 09:00:00+00:00;578577.802;20.620250000000002
2024-07-19 10:00:00+00:00;572134.729;22.89175
2024-07-19 11:00:00+00:00;575065.961;23.162
2024-07-19 12:00:00+00:00;592015.361;23.722450000000002
2024-07-19 13:00:00+00:00;622947.658;24.343300000000003
2024-07-19 14:00:00+00:00;647860.825;26.838600000000003
2024-07-19 15:00:00+00:00;691916.24;26.7425
2024-07-19 16:00:00+00:00;740222.165;29.17965
2024-07-19 17:00:00+00:00;769122.351;29.785700000000002
2024-07-19 18:00:00+00:00;750819.194;28.14495
2024-07-19 19:00:00+00:00;960436.495;24.866
2024-07-19 20:00:00+00:00;943815.953;22.5836
2024-07-19 21:00:00+00:00;762342.291;21.2173
2024-07-19 22:00:00+00:00;619681.509;21.113
2024-07-19 23:00:00+00:00;535953.724;20.540349999999997
2024-07-20 00:00:00+00:00;475920.814;20.025
2024-07-20 01:00:00+00:00;441417.113;19.36105
2024-07-20 02:00:00+00:00;424634.723;18.956
2024-07-20 03:00:00+00:00;429488.593;19.3193
2024-07-20 04:00:00+00:00;434922.461;19.994
2024-07-20 05:00:00+00:00;484752.453;20.258000000000003
2024-07-20 06:00:00+00:00;532920.93;21.05
2024-07-20 07:00:00+00:00;568195.323;21.7714
2024-07-20 08:00:00+00:00;592429.369;23.138
2024-07-20 09:00:00+00:00;611116.212;23.292650000000002
2024-07-20 10:00:00+00:00;618326.346;24.368450000000003
2024-07-20 11:00:00+00:00;629083.736;25.44955
2024-07-20 12:00:00+00:00;635545.706;25.36215
2024-07-20 13:00:00+00:00;653964.05;25.791249999999998
2024-07-20 14:00:00+00:00;682918.784;26.913849999999996
2024-07-20 15:00:00+00:00;735500.166;29.8193
2024-07-20 16:00:00+00:00;770194.563;31.306
2024-07-20 17:00:00+00:00;772744.616;31.0456
2024-07-20 18:00:00+00:00;736609.71;29.272550000000003
2024-07-20 19:00:00+00:00;943533.863;24.580750000000002
2024-07-20 20:00:00+00:00;931481.956;21.323050000000002
2024-07-20 21:00:00+00:00;754817.56;19.615850000000002
2024-07-20 22:00:00+00:00;599597.672;18.2802
2024-07-20 23:00:00+00:00;526884.347;17.0744
2024-07-21 00:00:00+00:00;476994.932;16.150550000000003
2024-07-21 01:00:00+00:00;444353.384;15.51855
2024-07-21 02:00:00+00:00;421906.842;15.125
2024-07-21 03:00:00+00:00;422535.367;15.471799999999998
2024-07-21 04:00:00+00:00;422013.174;16.33195
2024-07-21 05:00:00+00:00;470691.277;17.488300000000002
2024-07-21 06:00:00+00:00;525168.687;18.468600000000002
2024-07-21 07:00:00+00:00;567469.244;19.618450000000003
2024-07-21 08:00:00+00:00;611211.648;20.6575
2024-07-21 09:00:00+00:00;626994.062;21.519
2024-07-21 10:00:00+00:00;628761.621;22.613
2024-07-21 11:00:00+00:00;621396.429;23.65
2024-07-21 12:00:00+00:00;618154.157;24.823600000000003
2024-07-21 13:00:00+00:00;630631.857;27.1498
2024-07-21 14:00:00+00:00;651552.679;30.318900000000003
2024-07-21 15:00:00+00:00;698913.321;33.77915
2024-07-21 16:00:00+00:00;754009.837;37.125
2024-07-21 17:00:00+00:00;788587.86;35.7211
2024-07-21 18:00:00+00:00;770463.674;33.976350000000004
2024-07-21 19:00:00+00:00;974008.471;27.5777
2024-07-21 20:00:00+00:00;952694.578;23.4847
2024-07-21 21:00:00+00:00;779070.087;21.42045
2024-07-21 22:00:00+00:00;613998.689;19.713449999999998
2024-07-21 23:00:00+00:00;520913.015;18.825
2024-07-22 00:00:00+00:00;469024.262;18.38385
2024-07-22 01:00:00+00:00;439238.467;17.734699999999997
2024-07-22 02:00:00+00:00;434094.978;17.319
2024-07-22 03:00:00+00:00;453468.632;18.44625
2024-07-22 04:00:00+00:00;455945.853;20.028100000000002
2024-07-22 05:00:00+00:00;490996.602;21.1934
2024-07-22 06:00:00+00:00;516268.289;23.0231
2024-07-22 07:00:00+00:00;535024.302;24.03975
2024-07-22 08:00:00+00:00;554577.119;24.8141
2024-07-22 09:00:00+00:00;559344.368;25.787
2024-07-22 10:00:00+00:00;554054.552;26.75505
2024-07-22 11:00:00+00:00;555567.519;27.1231
2024-07-22 12:00:00+00:00;575760.356;27.95075
2024-07-22 13:00:00+00:00;613850.722;29.733249999999998
2024-07-22 14:00:00+00:00;641214.516;32.79365
2024-07-22 15:00:00+00:00;664177.444;35.68855
2024-07-22 16:00:00+00:00;710895.081;38.14675
2024-07-22 17:00:00+00:00;754395.201;36.570499999999996
2024-07-22 18:00:00+00:00;752704.143;34.75675
2024-07-22 19:00:00+00:00;969551.929;29.030150000000003
2024-07-22 20:00:00+00:00;939401.78;24.8168
2024-07-22 21:00:00+00:00;748352.201;22.7522
2024-07-22 22:00:00+00:00;590457.724;20.975
2024-07-22 23:00:00+00:00;527462.795;19.7714
2024-07-23 00:00:00+00:00;498498.629;18.6409
2024-07-23 01:00:00+00:00;459175.571;18.184199999999997
2024-07-23 02:00:00+00:00;441595.512;17.669
2024-07-23 03:00:00+00:00;451310.523;18.88145
2024-07-23 04:00:00+00:00;451990.719;20.28655
2024-07-23 05:00:00+00:00;484529.195;22.50775
2024-07-23 06:00:00+00:00;508228.148;24.0505
2024-07-23 07:00:00+00:00;525958.406;25.476950000000002
2024-07-23 08:00:00+00:00;546115.067;26.2528
2024-07-23 09:00:00+00:00;550643.853;27.23795
2024-07-23 10:00:00+00:00;547498.563;28.175
2024-07-23 11:00:00+00:00;551533.797;29.097500000000004
2024-07-23 12:00:00+00:00;573155.567;30.061200000000003
2024-07-23 13:00:00+00:00;614463.095;30.665100000000002
2024-07-23 14:00:00+00:00;640234.142;29.62065
2024-07-23 15:00:00+00:00;674245.896;34.5717
2024-07-23 16:00:00+00:00;723490.351;35.7231
2024-07-23 17:00:00+00:00;762776.963;34.9014
2024-07-23 18:00:00+00:00;754720.692;30.205650000000002
2024-07-23 19:00:00+00:00;962431.487;28.35175
2024-07-23 20:00:00+00:00;931078.435;25.482400000000002
2024-07-23 21:00:00+00:00;743317.69;23.6814
2024-07-23 22:00:00+00:00;612495.165;22.45915
2024-07-23 23:00:00+00:00;522153.558;21.2956
2024-07-24 00:00:00+00:00;465311.415;20.281
2024-07-24 01:00:00+00:00;434558.549;19.67585
2024-07-24 02:00:00+00:00;426281.07;18.981
2024-07-24 03:00:00+00:00;445049.577;19.6072
2024-07-24 04:00:00+00:00;448018.706;21.31585
2024-07-24 05:00:00+00:00;482857.923;22.60275
2024-07-24 06:00:00+00:00;510356.733;24.0124
2024-07-24 07:00:00+00:00;531765.494;25.3277
2024-07-24 08:00:00+00:00;553655.57;26.444
2024-07-24 09:00:00+00:00;558007.468;27.2942
2024-07-24 10:00:00+00:00;551880.129;28.531
2024-07-24 11:00:00+00:00;555744.535;28.556899999999995
2024-07-24 12:00:00+00:00;576859.893;29.606
2024-07-24 13:00:00+00:00;611095.251;31.072450000000003
2024-07-24 14:00:00+00:00;633620.636;32.3895
2024-07-24 15:00:00+00:00;666691.453;30.569
2024-07-24 16:00:00+00:00;714401.951;28.961599999999997
2024-07-24 17:00:00+00:00;745249.737;27.3
2024-07-24 18:00:00+00:00;757421.247;26.3973
2024-07-24 19:00:00+00:00;974209.328;25.5072
2024-07-24 20:00:00+00:00;939807.8;24.73755
2024-07-24 21:00:00+00:00;752189.139;23.582299999999996
2024-07-24 22:00:00+00:00;596714.408;22.47175
2024-07-24 23:00:00+00:00;519447.85;21.988
2024-07-25 00:00:00+00:00;473961.71;21.1057
2024-07-25 01:00:00+00:00;449744.629;20.940949999999997
2024-07-25 02:00:00+00:00;436032.729;20.769
2024-07-25 03:00:00+00:00;453349.443;21.33935
2024-07-25 04:00:00+00:00;452318.907;23.03365
2024-07-25 05:00:00+00:00;488174.19;24.7113
2024-07-25 06:00:00+00:00;515730.014;26.037
2024-07-25 07:00:00+00:00;536845.149;26.971449999999997
2024-07-25 08:00:00+00:00;557779.994;27.894
2024-07-25 09:00:00+00:00;563394.313;29.1365
2024-07-25 10:00:00+00:00;560549.292;29.4552
2024-07-25 11:00:00+00:00;567183.591;30.3
2024-07-25 12:00:00+00:00;589231.982;30.3
2024-07-25 13:00:00+00:00;624351.98;31.9416
2024-07-25 14:00:00+00:00;649430.741;33.95135
2024-07-25 15:00:00+00:00;680260.855;36.8275
2024-07-25 16:00:00+00:00;729515.135;36.782849999999996
2024-07-25 17:00:00+00:00;768439.648;37.27625
2024-07-25 18:00:00+00:00;763228.85;34.787
2024-07-25 19:00:00+00:00;978406.76;29.387099999999997
2024-07-25 20:00:00+00:00;942932.556;26.92115
2024-07-25 21:00:00+00:00;751816.383;25.1988
2024-07-25 22:00:00+00:00;595554.016;23.9
2024-07-25 23:00:00+00:00;516728.536;22.47195
2024-07-26 00:00:00+00:00;473915.222;21.4072
2024-07-26 01:00:00+00:00;452423.828;20.619400000000002
2024-07-26 02:00:00+00:00;444016.317;20.125
2024-07-26 03:00:00+00:00;455564.709;20.6405
2024-07-26 04:00:00+00:00;456007.358;21.681
2024-07-26 05:00:00+00:00;494012.689;22.68165
2024-07-26 06:00:00+00:00;524831.772;23.5798
2024-07-26 07:00:00+00:00;548011.961;25.38325
2024-07-26 08:00:00+00:00;569748.695;26.4829
2024-07-26 09:00:00+00:00;577234.332;27.5771
2024-07-26 10:00:00+00:00;582015.009;28.63285
2024-07-26 11:00:00+00:00;581783.791;29.653450000000003
2024-07-26 12:00:00+00:00;598741.478;30.178050000000002
2024-07-26 13:00:00+00:00;629091.567;27.5545
2024-07-26 14:00:00+00:00;650920.617;25.431
2024-07-26 15:00:00+00:00;680493.283;25.60455
2024-07-26 16:00:00+00:00;723045.211;26.063299999999998
2024-07-26 17:00:00+00:00;747758.727;27.55435
2024-07-26 18:00:00+00:00;730828.45;25.75
2024-07-26 19:00:00+00:00;964071.428;24.4953
2024-07-26 20:00:00+00:00;945761.624;22.50165
2024-07-26 21:00:00+00:00;779160.029;21.447499999999998
2024-07-26 22:00:00+00:00;616153.302;20.45
2024-07-26 23:00:00+00:00;530497.335;19.4771
2024-07-27 00:00:00+00:00;473470.921;18.77775
2024-07-27 01:00:00+00:00;437923.681;18.2957
2024-07-27 02:00:00+00:00;422187.845;18.306
2024-07-27 03:00:00+00:00;427506.538;19.056
2024-07-27 04:00:00+00:00;434588.072;20.4499
2024-07-27 05:00:00+00:00;485463.283;22.098450000000003
2024-07-27 06:00:00+00:00;533394.008;23.8133
2024-07-27 07:00:00+00:00;571163.073;25.5411
2024-07-27 08:00:00+00:00;594961.688;25.884149999999998
2024-07-27 09:00:00+00:00;601825.799;28.1579
2024-07-27 10:00:00+00:00;599193.326;22.6089
2024-07-27 11:00:00+00:00;603432.015;22.412550000000003
2024-07-27 12:00:00+00:00;611442.935;24.0422
2024-07-27 13:00:00+00:00;630166.644;25.231299999999997
2024-07-27 14:00:00+00:00;669917.176;26.8853
2024-07-27 15:00:00+00:00;721411.72;29.1462
2024-07-27 16:00:00+00:00;762904.407;30.208550000000002
2024-07-27 17:00:00+00:00;769268.879;27.4005
2024-07-27 18:00:00+00:00;734701.454;25.277849999999997
2024-07-27 19:00:00+00:00;940612.411;22.4978
2024-07-27 20:00:00+00:00;924620.21;21.475
2024-07-27 21:00:00+00:00;748292.663;20.425
2024-07-27 22:00:00+00:00;594530.162;20.425
2024-07-27 23:00:00+00:00;515775.136;19.5325
2024-07-28 00:00:00+00:00;465652.476;19.375
2024-07-28 01:00:00+00:00;438442.972;19.305349999999997
2024-07-28 02:00:00+00:00;423235.088;18.7
2024-07-28 03:00:00+00:00;419926.949;19.207
2024-07-28 04:00:00+00:00;419507.039;20.114
2024-07-28 05:00:00+00:00;467981.675;20.906
2024-07-28 06:00:00+00:00;524320.696;20.906
2024-07-28 07:00:00+00:00;587480.558;21.6851
2024-07-28 08:00:00+00:00;618978.879;23.4426
2024-07-28 09:00:00+00:00;630271.262;24.069
2024-07-28 10:00:00+00:00;619236.582;24.63935
2024-07-28 11:00:00+00:00;612524.43;26.5825
2024-07-28 12:00:00+00:00;616214.399;26.1
2024-07-28 13:00:00+00:00;631656.715;25.7793
2024-07-28 14:00:00+00:00;655650.881;24.022600000000004
2024-07-28 15:00:00+00:00;705820.903;24.32255
2024-07-28 16:00:00+00:00;767985.391;23.339
2024-07-28 17:00:00+00:00;800866.412;23.41045
2024-07-28 18:00:00+00:00;777351.111;23.6343
2024-07-28 19:00:00+00:00;969762.945;20.9251
2024-07-28 20:00:00+00:00;952552.706;19.7652
2024-07-28 21:00:00+00:00;774214.556;18.831
2024-07-28 22:00:00+00:00;622864.083;18.831
2024-07-28 23:00:00+00:00;545452.007;18.618599999999997
2024-07-29 00:00:00+00:00;503064.264;17.769
2024-07-29 01:00:00+00:00;471933.358;17.691499999999998
2024-07-29 02:00:00+00:00;452435.142;16.994
2024-07-29 03:00:00+00:00;463901.963;17.47755
2024-07-29 04:00:00+00:00;460422.826;18.460649999999998
2024-07-29 05:00:00+00:00;488889.827;19.5687
2024-07-29 06:00:00+00:00;512576.045;21.6655
2024-07-29 07:00:00+00:00;532638.95;22.416
2024-07-29 08:00:00+00:00;552675.171;23.3952
2024-07-29 09:00:00+00:00;560018.185;24.834
2024-07-29 10:00:00+00:00;556385.104;25.53475
2024-07-29 11:00:00+00:00;581153.696;26.183600000000002
2024-07-29 12:00:00+00:00;607837.106;23.45635
2024-07-29 13:00:00+00:00;649549.94;19.9332
2024-07-29 14:00:00+00:00;667306.405;18.956
2024-07-29 15:00:00+00:00;697576.82;19.1276
2024-07-29 16:00:00+00:00;754214.407;20.1
2024-07-29 17:00:00+00:00;795099.944;20.1
2024-07-29 18:00:00+00:00;774875.184;20.1
2024-07-29 19:00:00+00:00;970297.228;20.1
2024-07-29 20:00:00+00:00;930390.392;20.1
2024-07-29 21:00:00+00:00;751452.177;19.27985
2024-07-29 22:00:00+00:00;599288.776;19.081
2024-07-29 23:00:00+00:00;519982.886;18.718049999999998
2024-07-30 00:00:00+00:00;463635.069;18.044
2024-07-30 01:00:00+00:00;435962.364;17.98115
2024-07-30 02:00:00+00:00;434305.501;17.625
2024-07-30 03:00:00+00:00;457774.211;17.625
2024-07-30 04:00:00+00:00;461808.307;18.236399999999996
2024-07-30 05:00:00+00:00;494046.895;18.644
2024-07-30 06:00:00+00:00;518274.657;18.79955
2024-07-30 07:00:00+00:00;537055.467;19.681
2024-07-30 08:00:00+00:00;558594.538;19.681
2024-07-30 09:00:00+00:00;566598.696;20.5105
2024-07-30 10:00:00+00:00;568649.618;20.787
2024-07-30 11:00:00+00:00;580875.204;20.77935
2024-07-30 12:00:00+00:00;595773.362;19.756
2024-07-30 13:00:00+00:00;632214.092;19.756
2024-07-30 14:00:00+00:00;656029.468;18.91515
2024-07-30 15:00:00+00:00;695002.906;17.968
2024-07-30 16:00:00+00:00;762885.321;17.0605
2024-07-30 17:00:00+00:00;804919.078;16.588
2024-07-30 18:00:00+00:00;784161.208;16.588
2024-07-30 19:00:00+00:00;981514.491;15.5043
2024-07-30 20:00:00+00:00;943388.641;15.356
2024-07-30 21:00:00+00:00;753667.812;15.356
2024-07-30 22:00:00+00:00;593802.529;15.356
2024-07-30 23:00:00+00:00;523386.357;15.356
2024-07-31 00:00:00+00:00;496586.32;15.356
2024-07-31 01:00:00+00:00;466495.66;15.288050000000002
2024-07-31 02:00:00+00:00;464350.376;14.794
2024-07-31 03:00:00+00:00;478689.967;14.794
2024-07-31 04:00:00+00:00;474869.593;14.794
2024-07-31 05:00:00+00:00;507205.698;14.846800000000002
2024-07-31 06:00:00+00:00;534103.092;15.85
2024-07-31 07:00:00+00:00;554644.995;15.9569
2024-07-31 08:00:00+00:00;576285.464;16.919
2024-07-31 09:00:00+00:00;575834.571;16.919
2024-07-31 10:00:00+00:00;571021.575;17.8109
2024-07-31 11:00:00+00:00;577042.08;19.025
2024-07-31 12:00:00+00:00;602024.89;19.96
2024-07-31 13:00:00+00:00;645854.945;20.48555
2024-07-31 14:00:00+00:00;672358.127;21.06115
2024-07-31 15:00:00+00:00;721275.683;21.4239
2024-07-31 16:00:00+00:00;787205.874;22.3184
2024-07-31 17:00:00+00:00;829609.791;20.7379
2024-07-31 18:00:00+00:00;802204.494;20.019
2024-07-31 19:00:00+00:00;992934.401;18.956
2024-07-31 20:00:00+00:00;968032.398;18.32125
2024-07-31 21:00:00+00:00;800806.302;17.894
2024-07-31 22:00:00+00:00;630927.553;17.488799999999998
2024-07-31 23:00:00+00:00;561940.788;16.881
2024-08-01 00:00:00+00:00;515054.095;16.7748
2024-08-01 01:00:00+00:00;477243.562;15.8094
2024-08-01 02:00:00+00:00;465923.19;15.738
2024-08-01 03:00:00+00:00;486480.206;15.738
2024-08-01 04:00:00+00:00;488725.675;15.738
2024-08-01 05:00:00+00:00;517839.813;15.738
2024-08-01 06:00:00+00:00;541314.533;15.738
2024-08-01 07:00:00+00:00;561177.918;15.738
2024-08-01 08:00:00+00:00;582146.828;16.763
2024-08-01 09:00:00+00:00;582304.739;16.763
2024-08-01 10:00:00+00:00;570339.612;16.763
2024-08-01 11:00:00+00:00;568101.987;16.763
2024-08-01 12:00:00+00:00;589334.01;16.92425
2024-08-01 13:00:00+00:00;631473.638;17.838
2024-08-01 14:00:00+00:00;658066.932;17.838
2024-08-01 15:00:00+00:00;707743.765;17.838
2024-08-01 16:00:00+00:00;776755.394;17.838
2024-08-01 17:00:00+00:00;820409.445;16.793
2024-08-01 18:00:00+00:00;807863.297;16.738
2024-08-01 19:00:00+00:00;1005744.18;16.738
2024-08-01 20:00:00+00:00;964982.086;16.738
2024-08-01 21:00:00+00:00;781780.568;16.738
2024-08-01 22:00:00+00:00;630431.85;16.738
2024-08-01 23:00:00+00:00;559866.953;16.738
2024-08-02 00:00:00+00:00;516972.807;16.738
2024-08-02 01:00:00+00:00;482850.883;16.70705
2024-08-02 02:00:00+00:00;467261.804;15.769
2024-08-02 03:00:00+00:00;486983.942;15.769
2024-08-02 04:00:00+00:00;492476.329;16.9066
2024-08-02 05:00:00+00:00;527044.976;18.34265
2024-08-02 06:00:00+00:00;553528.504;18.919
2024-08-02 07:00:00+00:00;572544.222;18.919
2024-08-02 08:00:00+00:00;593117.059;19.5412
2024-08-02 09:00:00+00:00;591807.027;20.550549999999998
2024-08-02 10:00:00+00:00;586137.105;21.8186
2024-08-02 11:00:00+00:00;586189.098;23.067050000000002
2024-08-02 12:00:00+00:00;602338.49;23.531
2024-08-02 13:00:00+00:00;639767.303;23.531
2024-08-02 14:00:00+00:00;669924.876;23.431
2024-08-02 15:00:00+00:00;716043.368;22.531
2024-08-02 16:00:00+00:00;768299.568;24.40055
2024-08-02 17:00:00+00:00;801854.493;23.492250000000002
2024-08-02 18:00:00+00:00;785481.12;20.15
2024-08-02 19:00:00+00:00;996885.726;19.18195
2024-08-02 20:00:00+00:00;965140.821;19.131
2024-08-02 21:00:00+00:00;782158.414;18.06355
2024-08-02 22:00:00+00:00;619313.494;17.33665
2024-08-02 23:00:00+00:00;537249.62;17.0
2024-08-03 00:00:00+00:00;495872.231;16.065
2024-08-03 01:00:00+00:00;467451.279;15.885349999999999
2024-08-03 02:00:00+00:00;452654.328;15.756
2024-08-03 03:00:00+00:00;448825.064;15.756
2024-08-03 04:00:00+00:00;453405.617;16.566200000000002
2024-08-03 05:00:00+00:00;509863.404;17.7201
2024-08-03 06:00:00+00:00;562915.164;19.10655
2024-08-03 07:00:00+00:00;599260.154;19.969
2024-08-03 08:00:00+00:00;619924.366;20.391399999999997
2024-08-03 09:00:00+00:00;621837.636;21.025
2024-08-03 10:00:00+00:00;619652.185;21.6786
2024-08-03 11:00:00+00:00;637304.737;21.075
2024-08-03 12:00:00+00:00;653042.761;21.075
2024-08-03 13:00:00+00:00;669828.695;21.075
2024-08-03 14:00:00+00:00;712434.084;21.533549999999998
2024-08-03 15:00:00+00:00;781504.353;22.094
2024-08-03 16:00:00+00:00;830531.962;21.994
2024-08-03 17:00:00+00:00;823840.63;21.094
2024-08-03 18:00:00+00:00;774620.585;20.7947
2024-08-03 19:00:00+00:00;974998.473;20.006
2024-08-03 20:00:00+00:00;958450.661;19.0727
2024-08-03 21:00:00+00:00;773999.04;18.657600000000002
2024-08-03 22:00:00+00:00;614241.375;17.76705
2024-08-03 23:00:00+00:00;535303.739;16.5227
2024-08-04 00:00:00+00:00;489654.988;15.25
2024-08-04 01:00:00+00:00;462541.434;14.756799999999998
2024-08-04 02:00:00+00:00;448789.634;15.437999999999999
2024-08-04 03:00:00+00:00;447876.644;15.437999999999999
2024-08-04 04:00:00+00:00;444278.681;16.763849999999998
2024-08-04 05:00:00+00:00;494590.252;17.6723
2024-08-04 06:00:00+00:00;551305.921;19.15945
2024-08-04 07:00:00+00:00;597643.388;20.183
2024-08-04 08:00:00+00:00;635162.011;20.37315
2024-08-04 09:00:00+00:00;660441.513;21.7087
2024-08-04 10:00:00+00:00;661815.008;23.6104
2024-08-04 11:00:00+00:00;681792.554;23.906
2024-08-04 12:00:00+00:00;673554.23;23.906
2024-08-04 13:00:00+00:00;684416.843;24.63105
2024-08-04 14:00:00+00:00;715111.624;25.847550000000002
2024-08-04 15:00:00+00:00;767802.867;27.7118
2024-08-04 16:00:00+00:00;832474.814;26.628449999999997
2024-08-04 17:00:00+00:00;859723.951;28.77
2024-08-04 18:00:00+00:00;814889.621;22.80005
2024-08-04 19:00:00+00:00;1001533.662;20.953
2024-08-04 20:00:00+00:00;966759.191;19.6203
2024-08-04 21:00:00+00:00;777069.36;18.581
2024-08-04 22:00:00+00:00;612517.021;18.0414
2024-08-04 23:00:00+00:00;535639.38;17.2064
2024-08-05 00:00:00+00:00;501424.948;16.0883
2024-08-05 01:00:00+00:00;470131.976;15.361699999999999
2024-08-05 02:00:00+00:00;467509.659;14.969
2024-08-05 03:00:00+00:00;494170.23;14.969
2024-08-05 04:00:00+00:00;496028.499;16.089750000000002
2024-08-05 05:00:00+00:00;514867.194;17.5514
2024-08-05 06:00:00+00:00;525007.491;18.9035
2024-08-05 07:00:00+00:00;535532.173;20.1135
2024-08-05 08:00:00+00:00;557283.193;21.2194
2024-08-05 09:00:00+00:00;559403.181;21.53425
2024-08-05 10:00:00+00:00;552538.066;22.7714
2024-08-05 11:00:00+00:00;553955.71;23.586949999999998
2024-08-05 12:00:00+00:00;580161.685;24.419
2024-08-05 13:00:00+00:00;633952.158;26.063049999999997
2024-08-05 14:00:00+00:00;661761.175;27.4558
2024-08-05 15:00:00+00:00;695113.746;29.696499999999997
2024-08-05 16:00:00+00:00;761944.404;29.427699999999998
2024-08-05 17:00:00+00:00;811552.641;28.7935
2024-08-05 18:00:00+00:00;795661.526;27.0628
2024-08-05 19:00:00+00:00;997806.673;21.65625
2024-08-05 20:00:00+00:00;957114.695;19.810799999999997
2024-08-05 21:00:00+00:00;759590.054;18.594549999999998
2024-08-05 22:00:00+00:00;602227.918;17.8599
2024-08-05 23:00:00+00:00;537042.439;16.4939
2024-08-06 00:00:00+00:00;497849.032;15.6447
2024-08-06 01:00:00+00:00;475301.471;14.520050000000001
2024-08-06 02:00:00+00:00;469281.341;14.35
2024-08-06 03:00:00+00:00;498951.393;14.35
2024-08-06 04:00:00+00:00;502190.022;15.1834
2024-08-06 05:00:00+00:00;516613.978;17.59375
2024-08-06 06:00:00+00:00;522214.691;18.963900000000002
2024-08-06 07:00:00+00:00;531399.974;19.8481
2024-08-06 08:00:00+00:00;550731.669;20.756
2024-08-06 09:00:00+00:00;549513.411;20.8082
2024-08-06 10:00:00+00:00;546836.405;21.8
2024-08-06 11:00:00+00:00;556234.147;22.19955
2024-08-06 12:00:00+00:00;579089.008;23.6209
2024-08-06 13:00:00+00:00;635364.635;24.81855
2024-08-06 14:00:00+00:00;666711.33;27.09395
2024-08-06 15:00:00+00:00;704867.587;30.09515
2024-08-06 16:00:00+00:00;778960.655;31.157549999999997
2024-08-06 17:00:00+00:00;842285.909;31.528
2024-08-06 18:00:00+00:00;806860.114;26.952499999999997
2024-08-06 19:00:00+00:00;1004561.739;22.3533
2024-08-06 20:00:00+00:00;961871.815;20.104899999999997
2024-08-06 21:00:00+00:00;766223.61;18.23475
2024-08-06 22:00:00+00:00;613270.471;17.389
2024-08-06 23:00:00+00:00;550118.746;16.160400000000003
2024-08-07 00:00:00+00:00;518789.273;15.091399999999998
2024-08-07 01:00:00+00:00;490223.43;14.02835
2024-08-07 02:00:00+00:00;482051.713;13.406
2024-08-07 03:00:00+00:00;515021.668;13.406
2024-08-07 04:00:00+00:00;519576.123;14.663900000000002
2024-08-07 05:00:00+00:00;531143.879;16.1323
2024-08-07 06:00:00+00:00;528449.451;17.8595
2024-08-07 07:00:00+00:00;531292.023;19.1464
2024-08-07 08:00:00+00:00;542342.888;19.825
2024-08-07 09:00:00+00:00;540135.448;20.645000000000003
2024-08-07 10:00:00+00:00;533277.45;20.85
2024-08-07 11:00:00+00:00;539492.287;21.817500000000003
2024-08-07 12:00:00+00:00;572919.931;22.523400000000002
2024-08-07 13:00:00+00:00;631400.134;24.332050000000002
2024-08-07 14:00:00+00:00;669948.073;26.43455
2024-08-07 15:00:00+00:00;719593.316;30.904650000000004
2024-08-07 16:00:00+00:00;795909.966;32.227999999999994
2024-08-07 17:00:00+00:00;840778.441;31.0262
2024-08-07 18:00:00+00:00;819654.111;26.223750000000003
2024-08-07 19:00:00+00:00;1016740.069;20.59725
2024-08-07 20:00:00+00:00;966631.474;18.4209
2024-08-07 21:00:00+00:00;771663.377;17.02815
2024-08-07 22:00:00+00:00;631304.579;16.2072
2024-08-07 23:00:00+00:00;566596.125;14.7822
2024-08-08 00:00:00+00:00;520368.722;13.80275
2024-08-08 01:00:00+00:00;486375.992;13.125
2024-08-08 02:00:00+00:00;483543.37;12.6
2024-08-08 03:00:00+00:00;521775.23;12.6575
2024-08-08 04:00:00+00:00;531606.792;14.278
2024-08-08 05:00:00+00:00;534769.159;16.218799999999998
2024-08-08 06:00:00+00:00;522589.556;18.1529
2024-08-08 07:00:00+00:00;521266.386;19.4994
2024-08-08 08:00:00+00:00;531337.084;20.1679
2024-08-08 09:00:00+00:00;528884.56;21.175
2024-08-08 10:00:00+00:00;528012.862;21.93475
2024-08-08 11:00:00+00:00;541888.255;22.478749999999998
2024-08-08 12:00:00+00:00;580039.162;23.51225
2024-08-08 13:00:00+00:00;635759.143;25.11135
2024-08-08 14:00:00+00:00;659685.589;27.668799999999997
2024-08-08 15:00:00+00:00;693224.654;31.52435
2024-08-08 16:00:00+00:00;770425.846;33.032300000000006
2024-08-08 17:00:00+00:00;833573.52;31.234699999999997
2024-08-08 18:00:00+00:00;814485.891;26.8485
2024-08-08 19:00:00+00:00;1009883.033;22.40365
2024-08-08 20:00:00+00:00;972671.431;20.68125
2024-08-08 21:00:00+00:00;795385.095;19.84255
2024-08-08 22:00:00+00:00;621368.072;18.863
2024-08-08 23:00:00+00:00;538949.997;17.8946
2024-08-09 00:00:00+00:00;488249.05;17.787
2024-08-09 01:00:00+00:00;462229.588;16.655250000000002
2024-08-09 02:00:00+00:00;462524.577;16.513
2024-08-09 03:00:00+00:00;503708.816;16.6714
2024-08-09 04:00:00+00:00;522571.747;18.27165
2024-08-09 05:00:00+00:00;533373.711;18.7019
2024-08-09 06:00:00+00:00;530079.08;20.2345
2024-08-09 07:00:00+00:00;532060.765;21.6633
2024-08-09 08:00:00+00:00;547266.006;22.762949999999996
2024-08-09 09:00:00+00:00;554744.693;24.24595
2024-08-09 10:00:00+00:00;566370.043;24.981
2024-08-09 11:00:00+00:00;591705.639;25.9035
2024-08-09 12:00:00+00:00;624793.985;26.391000000000002
2024-08-09 13:00:00+00:00;663577.757;27.66375
2024-08-09 14:00:00+00:00;686363.615;28.388749999999998
2024-08-09 15:00:00+00:00;724243.576;27.6156
2024-08-09 16:00:00+00:00;776197.502;26.075
2024-08-09 17:00:00+00:00;808756.386;25.19865
2024-08-09 18:00:00+00:00;790708.67;24.2336
2024-08-09 19:00:00+00:00;1004741.481;22.931
2024-08-09 20:00:00+00:00;963905.181;22.6685
2024-08-09 21:00:00+00:00;779527.667;21.881
2024-08-09 22:00:00+00:00;609762.926;21.881
2024-08-09 23:00:00+00:00;526663.53;21.6648
2024-08-10 00:00:00+00:00;475791.333;20.8
2024-08-10 01:00:00+00:00;446572.028;20.60775
2024-08-10 02:00:00+00:00;436220.278;20.287
2024-08-10 03:00:00+00:00;444078.093;20.287
2024-08-10 04:00:00+00:00;460646.281;20.287
2024-08-10 05:00:00+00:00;527340.865;20.742849999999997
2024-08-10 06:00:00+00:00;591798.74;22.030800000000003
2024-08-10 07:00:00+00:00;640353.778;22.94945
2024-08-10 08:00:00+00:00;674251.212;22.4
2024-08-10 09:00:00+00:00;700826.08;22.4
2024-08-10 10:00:00+00:00;712532.551;22.346899999999998
2024-08-10 11:00:00+00:00;706939.392;21.4547
2024-08-10 12:00:00+00:00;706923.013;22.739449999999998
2024-08-10 13:00:00+00:00;738257.304;22.381
2024-08-10 14:00:00+00:00;790152.803;22.381
2024-08-10 15:00:00+00:00;863608.363;22.0699
2024-08-10 16:00:00+00:00;908722.396;20.3579
2024-08-10 17:00:00+00:00;886938.264;19.707150000000002
2024-08-10 18:00:00+00:00;812695.653;19.25
2024-08-10 19:00:00+00:00;999386.274;18.33625
2024-08-10 20:00:00+00:00;967426.723;18.175
2024-08-10 21:00:00+00:00;781667.24;18.175
2024-08-10 22:00:00+00:00;628119.559;17.7058
2024-08-10 23:00:00+00:00;550381.026;17.162
2024-08-11 00:00:00+00:00;499217.028;17.162
2024-08-11 01:00:00+00:00;469423.059;17.032999999999998
2024-08-11 02:00:00+00:00;456875.862;16.813
2024-08-11 03:00:00+00:00;458937.863;16.813
2024-08-11 04:00:00+00:00;460267.936;16.813
2024-08-11 05:00:00+00:00;515737.986;16.813
2024-08-11 06:00:00+00:00;577650.312;17.3988
2024-08-11 07:00:00+00:00;627725.413;19.0123
2024-08-11 08:00:00+00:00;666123.163;20.3365
2024-08-11 09:00:00+00:00;686314.228;21.2302
2024-08-11 10:00:00+00:00;687435.881;22.075
2024-08-11 11:00:00+00:00;690561.686;22.772250000000003
2024-08-11 12:00:00+00:00;693527.399;22.9524
2024-08-11 13:00:00+00:00;717025.145;22.44845
2024-08-11 14:00:00+00:00;754939.43;22.01445
2024-08-11 15:00:00+00:00;822154.273;22.201249999999998
2024-08-11 16:00:00+00:00;907906.251;22.93145
2024-08-11 17:00:00+00:00;932702.302;20.823500000000003
2024-08-11 18:00:00+00:00;865574.018;19.31225
2024-08-11 19:00:00+00:00;1015764.725;17.920250000000003
2024-08-11 20:00:00+00:00;971364.993;16.8094
2024-08-11 21:00:00+00:00;796736.849;16.7
2024-08-11 22:00:00+00:00;644422.035;16.23835
2024-08-11 23:00:00+00:00;561252.971;15.183349999999999
2024-08-12 00:00:00+00:00;513591.898;14.5073
2024-08-12 01:00:00+00:00;484375.487;13.26515
2024-08-12 02:00:00+00:00;491026.488;12.725
2024-08-12 03:00:00+00:00;542229.688;13.034299999999998
2024-08-12 04:00:00+00:00;555710.135;13.756
2024-08-12 05:00:00+00:00;552218.947;15.45135
2024-08-12 06:00:00+00:00;545012.404;16.9404
2024-08-12 07:00:00+00:00;545948.852;18.6208
2024-08-12 08:00:00+00:00;560050.737;19.919
2024-08-12 09:00:00+00:00;557967.281;20.6124
2024-08-12 10:00:00+00:00;551135.805;22.044
2024-08-12 11:00:00+00:00;561764.025;22.11095
2024-08-12 12:00:00+00:00;597778.046;22.53015
2024-08-12 13:00:00+00:00;661754.503;22.06405
2024-08-12 14:00:00+00:00;691525.673;23.124000000000002
2024-08-12 15:00:00+00:00;721947.943;24.937450000000002
2024-08-12 16:00:00+00:00;791359.371;24.28085
2024-08-12 17:00:00+00:00;848793.323;25.92625
2024-08-12 18:00:00+00:00;827748.604;22.8464
2024-08-12 19:00:00+00:00;1013104.488;20.474899999999998
2024-08-12 20:00:00+00:00;962602.808;19.38725
2024-08-12 21:00:00+00:00;794950.968;18.470999999999997
2024-08-12 22:00:00+00:00;633913.092;17.149549999999998
2024-08-12 23:00:00+00:00;557824.674;16.1692
2024-08-13 00:00:00+00:00;508880.941;15.5278
2024-08-13 01:00:00+00:00;489179.621;14.61705
2024-08-13 02:00:00+00:00;501802.922;14.138
2024-08-13 03:00:00+00:00;553813.157;14.138
2024-08-13 04:00:00+00:00;560174.622;15.494299999999999
2024-08-13 05:00:00+00:00;551167.859;16.83585
2024-08-13 06:00:00+00:00;531897.515;18.6432
2024-08-13 07:00:00+00:00;520828.64;19.88175
2024-08-13 08:00:00+00:00;522856.981;21.0125
2024-08-13 09:00:00+00:00;515007.081;22.3826
2024-08-13 10:00:00+00:00;508130.17;24.0405
2024-08-13 11:00:00+00:00;518598.653;24.42245
2024-08-13 12:00:00+00:00;561738.225;23.85
2024-08-13 13:00:00+00:00;630868.174;24.644799999999996
2024-08-13 14:00:00+00:00;665114.327;25.784249999999997
2024-08-13 15:00:00+00:00;704199.015;27.3878
2024-08-13 16:00:00+00:00;783461.025;27.280399999999997
2024-08-13 17:00:00+00:00;852112.086;27.3144
2024-08-13 18:00:00+00:00;832303.728;23.922
2024-08-13 19:00:00+00:00;1012740.783;20.6449
2024-08-13 20:00:00+00:00;959103.111;18.7974
2024-08-13 21:00:00+00:00;787923.493;18.07685
2024-08-13 22:00:00+00:00;613806.693;17.156
2024-08-13 23:00:00+00:00;536550.963;15.885200000000001
2024-08-14 00:00:00+00:00;506287.948;15.025
2024-08-14 01:00:00+00:00;482366.956;14.6542
2024-08-14 02:00:00+00:00;483613.912;13.625
2024-08-14 03:00:00+00:00;531859.089;13.808150000000001
2024-08-14 04:00:00+00:00;535639.276;15.71945
2024-08-14 05:00:00+00:00;528225.343;17.946450000000002
2024-08-14 06:00:00+00:00;511595.972;19.4484
2024-08-14 07:00:00+00:00;505521.614;21.04235
2024-08-14 08:00:00+00:00;508744.621;22.075
2024-08-14 09:00:00+00:00;501003.976;22.6459
2024-08-14 10:00:00+00:00;495860.31;23.113
2024-08-14 11:00:00+00:00;507826.377;23.113
2024-08-14 12:00:00+00:00;548845.326;24.1276
2024-08-14 13:00:00+00:00;614582.597;24.754150000000003
2024-08-14 14:00:00+00:00;649989.696;26.47275
2024-08-14 15:00:00+00:00;691915.287;27.692199999999996
2024-08-14 16:00:00+00:00;767935.906;27.68104761904762
2024-08-14 17:00:00+00:00;837370.414;26.813105263157894
2024-08-14 18:00:00+00:00;827836.723;22.911
2024-08-14 19:00:00+00:00;1008580.56;20.6862
2024-08-14 20:00:00+00:00;949852.503;19.69155
2024-08-14 21:00:00+00:00;759200.143;18.44295
2024-08-14 22:00:00+00:00;609513.23;17.579749999999997
2024-08-14 23:00:00+00:00;541016.114;16.881
2024-08-15 00:00:00+00:00;510951.031;16.07475
2024-08-15 01:00:00+00:00;495575.384;15.79565
2024-08-15 02:00:00+00:00;490381.538;15.781
2024-08-15 03:00:00+00:00;528663.106;15.81105
2024-08-15 04:00:00+00:00;537525.349;17.1298
2024-08-15 05:00:00+00:00;533257.267;18.4925
2024-08-15 06:00:00+00:00;518585.747;20.98935
2024-08-15 07:00:00+00:00;513405.554;23.106
2024-08-15 08:00:00+00:00;519056.914;23.231550000000002
2024-08-15 09:00:00+00:00;513911.193;24.156
2024-08-15 10:00:00+00:00;512407.614;25.256
2024-08-15 11:00:00+00:00;534520.075;25.575400000000002
2024-08-15 12:00:00+00:00;580594.706;26.306
2024-08-15 13:00:00+00:00;638795.095;26.306
2024-08-15 14:00:00+00:00;669079.96;25.46445
2024-08-15 15:00:00+00:00;706733.319;23.328
2024-08-15 16:00:00+00:00;784041.933;23.056
2024-08-15 17:00:00+00:00;854051.006;22.847150000000003
2024-08-15 18:00:00+00:00;833509.445;22.006
2024-08-15 19:00:00+00:00;1009429.383;21.478
2024-08-15 20:00:00+00:00;955508.623;20.95
2024-08-15 21:00:00+00:00;771593.863;20.7412
2024-08-15 22:00:00+00:00;616862.272;20.731
2024-08-15 23:00:00+00:00;542321.045;20.731
2024-08-16 00:00:00+00:00;507952.195;20.631
2024-08-16 01:00:00+00:00;479334.772;19.6274
2024-08-16 02:00:00+00:00;470067.354;19.213
2024-08-16 03:00:00+00:00;509335.121;19.213
2024-08-16 04:00:00+00:00;532251.576;19.213
2024-08-16 05:00:00+00:00;546123.483;19.213
2024-08-16 06:00:00+00:00;549509.596;19.213
2024-08-16 07:00:00+00:00;554726.585;19.930500000000002
2024-08-16 08:00:00+00:00;565272.758;20.238
2024-08-16 09:00:00+00:00;563862.958;20.238
2024-08-16 10:00:00+00:00;562725.617;20.238
2024-08-16 11:00:00+00:00;580857.531;20.238
2024-08-16 12:00:00+00:00;622281.62;20.238
2024-08-16 13:00:00+00:00;676221.96;20.238
2024-08-16 14:00:00+00:00;714329.922;20.238
2024-08-16 15:00:00+00:00;763068.404;20.238
2024-08-16 16:00:00+00:00;817553.157;21.32845
2024-08-16 17:00:00+00:00;839950.847;20.975649999999998
2024-08-16 18:00:00+00:00;806466.1;19.355
2024-08-16 19:00:00+00:00;999255.977;18.4538
2024-08-16 20:00:00+00:00;954212.025;17.401
2024-08-16 21:00:00+00:00;766923.682;16.981
2024-08-16 22:00:00+00:00;610667.86;15.39985
2024-08-16 23:00:00+00:00;537937.318;13.888899999999998
2024-08-17 00:00:00+00:00;502136.501;13.1852
2024-08-17 01:00:00+00:00;482574.962;12.26295
2024-08-17 02:00:00+00:00;471929.191;11.669
2024-08-17 03:00:00+00:00;472792.061;11.669
2024-08-17 04:00:00+00:00;481289.22;12.92395
2024-08-17 05:00:00+00:00;540086.717;15.318999999999999
2024-08-17 06:00:00+00:00;584709.815;16.284
2024-08-17 07:00:00+00:00;608641.425;16.944
2024-08-17 08:00:00+00:00;618240.59;17.413800000000002
2024-08-17 09:00:00+00:00;612814.477;17.988
2024-08-17 10:00:00+00:00;599854.65;17.988
2024-08-17 11:00:00+00:00;596012.141;18.869449999999997
2024-08-17 12:00:00+00:00;604506.245;19.025
2024-08-17 13:00:00+00:00;629855.669;20.32055
2024-08-17 14:00:00+00:00;680770.445;21.156
2024-08-17 15:00:00+00:00;739099.711;22.490299999999998
2024-08-17 16:00:00+00:00;805737.914;22.08125
2024-08-17 17:00:00+00:00;837475.224;20.0774
2024-08-17 18:00:00+00:00;804865.084;17.58165
2024-08-17 19:00:00+00:00;989468.522;16.706
2024-08-17 20:00:00+00:00;961133.497;15.4779
2024-08-17 21:00:00+00:00;787703.523;14.364949999999999
2024-08-17 22:00:00+00:00;657963.912;13.06965
2024-08-17 23:00:00+00:00;583134.53;12.0209
2024-08-18 00:00:00+00:00;527786.394;11.45
2024-08-18 01:00:00+00:00;497430.685;10.3718
2024-08-18 02:00:00+00:00;487930.219;10.044
2024-08-18 03:00:00+00:00;492238.222;10.044
2024-08-18 04:00:00+00:00;488483.002;10.877500000000001
2024-08-18 05:00:00+00:00;535233.009;13.036599999999998
2024-08-18 06:00:00+00:00;585287.32;15.02705
2024-08-18 07:00:00+00:00;622343.196;16.778399999999998
2024-08-18 08:00:00+00:00;646629.267;18.115299999999998
2024-08-18 09:00:00+00:00;645301.227;18.97775
2024-08-18 10:00:00+00:00;634955.842;19.62275
2024-08-18 11:00:00+00:00;626247.202;20.644
2024-08-18 12:00:00+00:00;638656.12;21.9168
2024-08-18 13:00:00+00:00;657772.653;23.194
2024-08-18 14:00:00+00:00;699558.087;24.591
2024-08-18 15:00:00+00:00;775412.951;24.9233
2024-08-18 16:00:00+00:00;872975.807;22.865
2024-08-18 17:00:00+00:00;920215.752;21.7167
2024-08-18 18:00:00+00:00;866422.198;19.3128
2024-08-18 19:00:00+00:00;1025326.953;17.505499999999998
2024-08-18 20:00:00+00:00;982393.407;16.3
2024-08-18 21:00:00+00:00;832877.496;16.3
2024-08-18 22:00:00+00:00;669042.279;15.29965
2024-08-18 23:00:00+00:00;573494.964;15.294
2024-08-19 00:00:00+00:00;521249.428;15.294
2024-08-19 01:00:00+00:00;494373.424;15.080000000000002
2024-08-19 02:00:00+00:00;498122.527;14.437999999999999
2024-08-19 03:00:00+00:00;545111.114;14.437999999999999
2024-08-19 04:00:00+00:00;557527.987;14.49015
2024-08-19 05:00:00+00:00;554143.162;15.481
2024-08-19 06:00:00+00:00;539837.162;16.1496
2024-08-19 07:00:00+00:00;536137.669;17.544
2024-08-19 08:00:00+00:00;549815.819;16.7392
2024-08-19 09:00:00+00:00;548054.743;16.96955
2024-08-19 10:00:00+00:00;541480.073;17.594
2024-08-19 11:00:00+00:00;549580.102;17.869400000000002
2024-08-19 12:00:00+00:00;590547.563;17.9062
2024-08-19 13:00:00+00:00;657421.288;18.519
2024-08-19 14:00:00+00:00;689194.871;19.362599999999997
2024-08-19 15:00:00+00:00;726293.077;20.8675
2024-08-19 16:00:00+00:00;800778.525;21.165947368421055
2024-08-19 17:00:00+00:00;862716.113;19.56345
2024-08-19 18:00:00+00:00;841141.074;18.13455
2024-08-19 19:00:00+00:00;1016450.737;17.231
2024-08-19 20:00:00+00:00;963368.58;17.231
2024-08-19 21:00:00+00:00;776886.747;16.4876
2024-08-19 22:00:00+00:00;640553.254;16.169
2024-08-19 23:00:00+00:00;587850.639;16.115850000000002
2024-08-20 00:00:00+00:00;550863.013;14.9485
2024-08-20 01:00:00+00:00;532330.361;13.9642
2024-08-20 02:00:00+00:00;539953.459;12.913599999999999
2024-08-20 03:00:00+00:00;593583.809;12.506
2024-08-20 04:00:00+00:00;590667.928;12.65335
2024-08-20 05:00:00+00:00;572084.168;14.4524
2024-08-20 06:00:00+00:00;544862.88;15.759649999999999
2024-08-20 07:00:00+00:00;531440.282;16.769
2024-08-20 08:00:00+00:00;532752.236;17.056894736842104
2024-08-20 09:00:00+00:00;527768.552;17.913
2024-08-20 10:00:00+00:00;520941.369;19.13195
2024-08-20 11:00:00+00:00;532194.092;21.21405
2024-08-20 12:00:00+00:00;575503.028;21.45
2024-08-20 13:00:00+00:00;645706.685;21.45
2024-08-20 14:00:00+00:00;683593.79;22.377699999999997
2024-08-20 15:00:00+00:00;728817.536;22.97135
2024-08-20 16:00:00+00:00;818755.896;21.6687
2024-08-20 17:00:00+00:00;887668.053;20.65745
2024-08-20 18:00:00+00:00;858965.804;19.26005
2024-08-20 19:00:00+00:00;1033439.082;18.646099999999997
2024-08-20 20:00:00+00:00;981407.356;17.7949
2024-08-20 21:00:00+00:00;795878.228;17.113
2024-08-20 22:00:00+00:00;650059.536;16.3598
2024-08-20 23:00:00+00:00;585373.44;15.98485
2024-08-21 00:00:00+00:00;554073.385;14.994
2024-08-21 01:00:00+00:00;523477.07;14.526900000000001
2024-08-21 02:00:00+00:00;523387.312;13.6767
2024-08-21 03:00:00+00:00;571725.321;13.662
2024-08-21 04:00:00+00:00;574939.36;13.662
2024-08-21 05:00:00+00:00;562430.762;14.581550000000002
2024-08-21 06:00:00+00:00;543644.396;15.942599999999999
2024-08-21 07:00:00+00:00;535201.252;17.33815
2024-08-21 08:00:00+00:00;539560.348;18.3875
2024-08-21 09:00:00+00:00;532220.563;20.03235
2024-08-21 10:00:00+00:00;527123.859;21.334200000000003
2024-08-21 11:00:00+00:00;545176.501;22.1
2024-08-21 12:00:00+00:00;589659.012;22.77015
2024-08-21 13:00:00+00:00;659599.64;23.806800000000003
2024-08-21 14:00:00+00:00;696415.17;24.8017
2024-08-21 15:00:00+00:00;744806.027;26.275
2024-08-21 16:00:00+00:00;834950.103;25.3056
2024-08-21 17:00:00+00:00;898546.645;23.1251
2024-08-21 18:00:00+00:00;854261.691;21.1892
2024-08-21 19:00:00+00:00;1010778.236;20.156
2024-08-21 20:00:00+00:00;949040.194;19.906
2024-08-21 21:00:00+00:00;756925.685;18.740099999999998
2024-08-21 22:00:00+00:00;627983.628;17.769
2024-08-21 23:00:00+00:00;552685.177;16.706
2024-08-22 00:00:00+00:00;496293.358;16.1506
2024-08-22 01:00:00+00:00;463658.909;15.687999999999999
2024-08-22 02:00:00+00:00;467394.168;15.437999999999999
2024-08-22 03:00:00+00:00;520054.87;15.437999999999999
2024-08-22 04:00:00+00:00;541218.682;15.437999999999999
2024-08-22 05:00:00+00:00;545076.928;16.1905
2024-08-22 06:00:00+00:00;539718.385;17.4429
2024-08-22 07:00:00+00:00;540900.017;19.016399999999997
2024-08-22 08:00:00+00:00;552706.981;20.2536
2024-08-22 09:00:00+00:00;549366.627;20.619
2024-08-22 10:00:00+00:00;544632.308;21.5233
2024-08-22 11:00:00+00:00;557847.505;23.4949
2024-08-22 12:00:00+00:00;604946.27;23.806
2024-08-22 13:00:00+00:00;675452.393;23.2407
2024-08-22 14:00:00+00:00;707899.033;22.638
2024-08-22 15:00:00+00:00;753982.594;21.6867
2024-08-22 16:00:00+00:00;836322.6;20.758499999999998
2024-08-22 17:00:00+00:00;891133.652;20.406
2024-08-22 18:00:00+00:00;847103.289;19.546100000000003
2024-08-22 19:00:00+00:00;1010726.579;19.344
2024-08-22 20:00:00+00:00;951744.148;19.040100000000002
2024-08-22 21:00:00+00:00;767085.964;17.7935
2024-08-22 22:00:00+00:00;643128.699;17.256
2024-08-22 23:00:00+00:00;562002.678;17.256
2024-08-23 00:00:00+00:00;502693.674;17.256
2024-08-23 01:00:00+00:00;472029.652;17.0985
2024-08-23 02:00:00+00:00;477985.267;16.206
2024-08-23 03:00:00+00:00;532481.97;16.206
2024-08-23 04:00:00+00:00;551132.278;16.206
2024-08-23 05:00:00+00:00;553342.388;16.65915
2024-08-23 06:00:00+00:00;541471.527;17.36945
2024-08-23 07:00:00+00:00;540911.251;18.54205
2024-08-23 08:00:00+00:00;550613.94;19.275
2024-08-23 09:00:00+00:00;545683.021;20.3086
2024-08-23 10:00:00+00:00;543093.219;20.363
2024-08-23 11:00:00+00:00;558577.432;20.51765
2024-08-23 12:00:00+00:00;599276.961;21.394
2024-08-23 13:00:00+00:00;653793.269;21.596449999999997
2024-08-23 14:00:00+00:00;690862.32;21.668
2024-08-23 15:00:00+00:00;744284.423;23.353
2024-08-23 16:00:00+00:00;813487.128;22.8228
2024-08-23 17:00:00+00:00;860463.378;20.668
2024-08-23 18:00:00+00:00;830772.109;19.411350000000002
2024-08-23 19:00:00+00:00;1013682.496;19.356
2024-08-23 20:00:00+00:00;973070.673;19.356
2024-08-23 21:00:00+00:00;779556.277;18.55425
2024-08-23 22:00:00+00:00;631806.369;17.7655
2024-08-23 23:00:00+00:00;581148.349;17.244
2024-08-24 00:00:00+00:00;523450.408;16.304399999999998
2024-08-24 01:00:00+00:00;484562.474;16.2067
2024-08-24 02:00:00+00:00;464178.965;16.294
2024-08-24 03:00:00+00:00;470869.832;16.294
2024-08-24 04:00:00+00:00;490350.074;16.294
2024-08-24 05:00:00+00:00;562127.185;16.294
2024-08-24 06:00:00+00:00;620936.983;17.1188
2024-08-24 07:00:00+00:00;662996.821;17.636400000000002
2024-08-24 08:00:00+00:00;683596.435;18.363
2024-08-24 09:00:00+00:00;686455.179;18.363
2024-08-24 10:00:00+00:00;694742.365;18.363
2024-08-24 11:00:00+00:00;677545.924;19.0494
2024-08-24 12:00:00+00:00;679834.157;19.419
2024-08-24 13:00:00+00:00;707294.945;19.419
2024-08-24 14:00:00+00:00;757774.817;19.60495
2024-08-24 15:00:00+00:00;842542.088;20.01275
2024-08-24 16:00:00+00:00;904982.974;20.853099999999998
2024-08-24 17:00:00+00:00;906337.55;19.003
2024-08-24 18:00:00+00:00;844906.148;17.4183
2024-08-24 19:00:00+00:00;1020129.83;16.517400000000002
2024-08-24 20:00:00+00:00;982367.776;16.113750000000003
2024-08-24 21:00:00+00:00;806085.609;15.178049999999999
2024-08-24 22:00:00+00:00;646296.428;14.1535
2024-08-24 23:00:00+00:00;574875.656;13.156
2024-08-25 00:00:00+00:00;526129.888;12.200199999999999
2024-08-25 01:00:00+00:00;495051.847;11.6496
2024-08-25 02:00:00+00:00;483156.585;10.875
2024-08-25 03:00:00+00:00;485978.565;10.978100000000001
2024-08-25 04:00:00+00:00;489052.497;11.906
2024-08-25 05:00:00+00:00;545831.72;12.72965
2024-08-25 06:00:00+00:00;605677.708;12.956
2024-08-25 07:00:00+00:00;650325.279;12.956
2024-08-25 08:00:00+00:00;681393.934;12.956
2024-08-25 09:00:00+00:00;688637.155;13.508949999999999
2024-08-25 10:00:00+00:00;698585.522;15.380349999999998
2024-08-25 11:00:00+00:00;728047.244;18.526699999999998
2024-08-25 12:00:00+00:00;735522.557;19.294
2024-08-25 13:00:00+00:00;754522.112;19.294
2024-08-25 14:00:00+00:00;795794.42;18.40355
2024-08-25 15:00:00+00:00;871030.807;18.275
2024-08-25 16:00:00+00:00;952541.919;18.275
2024-08-25 17:00:00+00:00;963860.627;18.275
2024-08-25 18:00:00+00:00;869147.293;18.275
2024-08-25 19:00:00+00:00;1005484.63;18.275
2024-08-25 20:00:00+00:00;956328.714;18.075
2024-08-25 21:00:00+00:00;779160.11;17.275
2024-08-25 22:00:00+00:00;633429.896;16.855
2024-08-25 23:00:00+00:00;547132.139;15.414850000000001
2024-08-26 00:00:00+00:00;497406.17;14.39445
2024-08-26 01:00:00+00:00;475433.595;13.134199999999998
2024-08-26 02:00:00+00:00;488032.993;12.869
2024-08-26 03:00:00+00:00;545103.2;12.869
2024-08-26 04:00:00+00:00;559187.018;12.869
2024-08-26 05:00:00+00:00;555176.83;13.6738
2024-08-26 06:00:00+00:00;539713.896;14.88355
2024-08-26 07:00:00+00:00;535199.488;16.4395
2024-08-26 08:00:00+00:00;544157.825;17.292499999999997
2024-08-26 09:00:00+00:00;537402.092;19.0744
2024-08-26 10:00:00+00:00;529851.917;19.125
2024-08-26 11:00:00+00:00;539744.252;19.2996
2024-08-26 12:00:00+00:00;582587.547;20.125
2024-08-26 13:00:00+00:00;655480.394;20.125
2024-08-26 14:00:00+00:00;697264.279;20.005000000000003
2024-08-26 15:00:00+00:00;744972.909;19.075
2024-08-26 16:00:00+00:00;834008.932;18.547
2024-08-26 17:00:00+00:00;895717.019;17.7125
2024-08-26 18:00:00+00:00;860067.53;17.406
2024-08-26 19:00:00+00:00;1018668.048;17.406
2024-08-26 20:00:00+00:00;957291.489;16.546
2024-08-26 21:00:00+00:00;772166.807;15.712399999999999
2024-08-26 22:00:00+00:00;630948.051;15.287
2024-08-26 23:00:00+00:00;561114.421;15.287
2024-08-27 00:00:00+00:00;500850.845;15.287
2024-08-27 01:00:00+00:00;476982.139;15.287
2024-08-27 02:00:00+00:00;491094.594;14.490549999999999
2024-08-27 03:00:00+00:00;549853.701;14.35
2024-08-27 04:00:00+00:00;560503.486;14.35
2024-08-27 05:00:00+00:00;552887.339;14.4047
2024-08-27 06:00:00+00:00;540743.394;15.443999999999999
2024-08-27 07:00:00+00:00;537972.577;15.443999999999999
2024-08-27 08:00:00+00:00;545781.004;16.40435
2024-08-27 09:00:00+00:00;539121.354;16.494
2024-08-27 10:00:00+00:00;530391.454;16.494
2024-08-27 11:00:00+00:00;545649.732;16.494
2024-08-27 12:00:00+00:00;587334.198;16.494
2024-08-27 13:00:00+00:00;659180.732;16.494
2024-08-27 14:00:00+00:00;699046.08;17.6404
2024-08-27 15:00:00+00:00;751712.162;19.217599999999997
2024-08-27 16:00:00+00:00;846263.806;18.696
2024-08-27 17:00:00+00:00;918111.08;16.8785
2024-08-27 18:00:00+00:00;882179.237;15.561150000000001
2024-08-27 19:00:00+00:00;1036783.933;14.7026
2024-08-27 20:00:00+00:00;982387.574;13.905449999999998
2024-08-27 21:00:00+00:00;802567.334;13.419
2024-08-27 22:00:00+00:00;662435.442;12.97805
2024-08-27 23:00:00+00:00;598474.724;13.356
2024-08-28 00:00:00+00:00;559029.278;12.741
2024-08-28 01:00:00+00:00;524943.335;11.4848
2024-08-28 02:00:00+00:00;529517.998;11.256
2024-08-28 03:00:00+00:00;584934.208;11.256
2024-08-28 04:00:00+00:00;593211.574;12.319
2024-08-28 05:00:00+00:00;582800.999;12.98135
2024-08-28 06:00:00+00:00;563438.139;14.100100000000001
2024-08-28 07:00:00+00:00;555414.81;15.481
2024-08-28 08:00:00+00:00;557480.286;15.481
2024-08-28 09:00:00+00:00;550559.3;16.9109
2024-08-28 10:00:00+00:00;542632.526;17.556
2024-08-28 11:00:00+00:00;552428.252;17.8899
2024-08-28 12:00:00+00:00;595980.103;18.669
2024-08-28 13:00:00+00:00;670351.735;18.669
2024-08-28 14:00:00+00:00;716337.329;18.669
2024-08-28 15:00:00+00:00;776276.586;18.669
2024-08-28 16:00:00+00:00;872659.147;18.669
2024-08-28 17:00:00+00:00;934849.204;17.931
2024-08-28 18:00:00+00:00;886588.147;16.575
2024-08-28 19:00:00+00:00;1038269.746;16.575
2024-08-28 20:00:00+00:00;980640.32;16.575
2024-08-28 21:00:00+00:00;792363.683;15.354849999999999
2024-08-28 22:00:00+00:00;652001.492;14.469
2024-08-28 23:00:00+00:00;588568.16;14.469
2024-08-29 00:00:00+00:00;535747.03;14.469
2024-08-29 01:00:00+00:00;505805.146;14.4652
2024-08-29 02:00:00+00:00;514486.236;14.388
2024-08-29 03:00:00+00:00;571358.122;14.388
2024-08-29 04:00:00+00:00;579640.354;14.388
2024-08-29 05:00:00+00:00;566259.802;14.656749999999999
2024-08-29 06:00:00+00:00;545944.799;15.463
2024-08-29 07:00:00+00:00;534923.418;15.823849999999998
2024-08-29 08:00:00+00:00;534003.342;16.60715
2024-08-29 09:00:00+00:00;520743.097;18.218600000000002
2024-08-29 10:00:00+00:00;512355.377;19.6285
2024-08-29 11:00:00+00:00;526547.87;19.75035
2024-08-29 12:00:00+00:00;569931.65;21.1938
2024-08-29 13:00:00+00:00;629518.391;22.394750000000002
2024-08-29 14:00:00+00:00;659701.649;23.7396
2024-08-29 15:00:00+00:00;703263.104;22.912
2024-08-29 16:00:00+00:00;793195.462;23.9099
2024-08-29 17:00:00+00:00;886025.258;21.262700000000002
2024-08-29 18:00:00+00:00;863319.812;20.546699999999998
2024-08-29 19:00:00+00:00;1027948.152;18.87975
2024-08-29 20:00:00+00:00;981741.913;18.419
2024-08-29 21:00:00+00:00;790257.41;18.408350000000002
2024-08-29 22:00:00+00:00;639688.2;16.95545
2024-08-29 23:00:00+00:00;567855.125;16.306
2024-08-30 00:00:00+00:00;528430.934;15.797450000000001
2024-08-30 01:00:00+00:00;502466.316;15.238
2024-08-30 02:00:00+00:00;498684.205;14.763300000000001
2024-08-30 03:00:00+00:00;547504.635;14.689850000000002
2024-08-30 04:00:00+00:00;564422.128;15.170300000000001
2024-08-30 05:00:00+00:00;567475.512;16.689
2024-08-30 06:00:00+00:00;556790.679;18.283549999999998
2024-08-30 07:00:00+00:00;550552.415;19.2892
2024-08-30 08:00:00+00:00;555496.538;20.550549999999998
2024-08-30 09:00:00+00:00;552482.523;21.037
2024-08-30 10:00:00+00:00;555081.412;19.9591
2024-08-30 11:00:00+00:00;574720.603;18.981
2024-08-30 12:00:00+00:00;616386.174;18.981
2024-08-30 13:00:00+00:00;670305.635;18.981
2024-08-30 14:00:00+00:00;713905.202;18.981
2024-08-30 15:00:00+00:00;760790.524;18.981
2024-08-30 16:00:00+00:00;818962.383;18.981
2024-08-30 17:00:00+00:00;853105.358;18.981
2024-08-30 18:00:00+00:00;814726.679;18.981
2024-08-30 19:00:00+00:00;994989.895;18.981
2024-08-30 20:00:00+00:00;945097.363;18.981
2024-08-30 21:00:00+00:00;756889.598;18.981
2024-08-30 22:00:00+00:00;610204.697;18.981
2024-08-30 23:00:00+00:00;540505.065;18.981
2024-08-31 00:00:00+00:00;494458.216;18.981
2024-08-31 01:00:00+00:00;468086.377;18.3288
2024-08-31 02:00:00+00:00;462659.58;17.75
2024-08-31 03:00:00+00:00;476015.813;17.75
2024-08-31 04:00:00+00:00;490254.015;17.75
2024-08-31 05:00:00+00:00;558493.221;17.75
2024-08-31 06:00:00+00:00;619320.367;17.75
2024-08-31 07:00:00+00:00;658700.176;17.75
2024-08-31 08:00:00+00:00;685488.673;18.169999999999998
2024-08-31 09:00:00+00:00;683698.044;18.8
2024-08-31 10:00:00+00:00;670285.317;18.8
2024-08-31 11:00:00+00:00;665700.7;18.8
2024-08-31 12:00:00+00:00;688764.433;18.8
2024-08-31 13:00:00+00:00;735095.126;18.8
2024-08-31 14:00:00+00:00;791971.684;18.8
2024-08-31 15:00:00+00:00;859509.84;18.8
2024-08-31 16:00:00+00:00;906814.296;17.83765
2024-08-31 17:00:00+00:00;894837.673;17.787
2024-08-31 18:00:00+00:00;830852.534;16.7979
2024-08-31 19:00:00+00:00;1012188.74;16.688
2024-08-31 20:00:00+00:00;987778.699;16.13805
2024-08-31 21:00:00+00:00;824448.092;15.687999999999999
2024-08-31 22:00:00+00:00;662580.013;15.687999999999999
2024-08-31 23:00:00+00:00;592576.793;15.3691
2024-09-01 00:00:00+00:00;546777.497;14.625
2024-09-01 01:00:00+00:00;511525.192;14.625
2024-09-01 02:00:00+00:00;498045.144;14.2868
2024-09-01 03:00:00+00:00;502446.366;14.269
2024-09-01 04:00:00+00:00;507201.085;14.269
2024-09-01 05:00:00+00:00;568601.52;15.17765
2024-09-01 06:00:00+00:00;631652.624;16.2488
2024-09-01 07:00:00+00:00;684632.366;16.7308
2024-09-01 08:00:00+00:00;722141.549;18.45035
2024-09-01 09:00:00+00:00;732471.363;18.537
2024-09-01 10:00:00+00:00;724698.057;18.6184
2024-09-01 11:00:00+00:00;719254.195;20.024700000000003
2024-09-01 12:00:00+00:00;720180.186;19.969299999999997
2024-09-01 13:00:00+00:00;737125.174;21.345499999999998
2024-09-01 14:00:00+00:00;780658.561;22.5757
2024-09-01 15:00:00+00:00;865594.82;22.39775
2024-09-01 16:00:00+00:00;954188.235;22.1811
2024-09-01 17:00:00+00:00;966200.158;18.8827
2024-09-01 18:00:00+00:00;889681.865;17.5
2024-09-01 19:00:00+00:00;1041653.233;16.8113
2024-09-01 20:00:00+00:00;1012435.479;16.166150000000002
2024-09-01 21:00:00+00:00;842121.692;15.4
2024-09-01 22:00:00+00:00;697910.076;14.64555
2024-09-01 23:00:00+00:00;625128.699;14.304149999999998
2024-09-02 00:00:00+00:00;579149.386;13.318999999999999
2024-09-02 01:00:00+00:00;558711.029;13.241200000000001
2024-09-02 02:00:00+00:00;557920.433;12.588
2024-09-02 03:00:00+00:00;604589.983;12.588
2024-09-02 04:00:00+00:00;613325.057;12.588
2024-09-02 05:00:00+00:00;603631.336;13.4846
2024-09-02 06:00:00+00:00;581002.711;14.51815
2024-09-02 07:00:00+00:00;571140.255;14.638
2024-09-02 08:00:00+00:00;574159.242;16.4947
2024-09-02 09:00:00+00:00;563110.813;17.3338
2024-09-02 10:00:00+00:00;554493.47;18.823150000000002
2024-09-02 11:00:00+00:00;573189.749;20.54785
2024-09-02 12:00:00+00:00;622086.734;20.792949999999998
2024-09-02 13:00:00+00:00;687385.521;21.019
2024-09-02 14:00:00+00:00;719116.058;22.283949999999997
2024-09-02 15:00:00+00:00;762429.376;24.188
2024-09-02 16:00:00+00:00;847883.069;22.345750000000002
2024-09-02 17:00:00+00:00;901819.479;19.1399
2024-09-02 18:00:00+00:00;864402.572;17.92965
2024-09-02 19:00:00+00:00;1033403.644;17.775
2024-09-02 20:00:00+00:00;986957.017;17.775
2024-09-02 21:00:00+00:00;806658.151;17.775
2024-09-02 22:00:00+00:00;668664.433;17.619449999999997
2024-09-02 23:00:00+00:00;604791.076;16.738
2024-09-03 00:00:00+00:00;553365.372;16.738
2024-09-03 01:00:00+00:00;515061.962;16.738
2024-09-03 02:00:00+00:00;516015.803;16.2988
2024-09-03 03:00:00+00:00;573318.632;16.25
2024-09-03 04:00:00+00:00;580750.238;16.25
2024-09-03 05:00:00+00:00;570936.504;16.25
2024-09-03 06:00:00+00:00;549649.855;16.25
2024-09-03 07:00:00+00:00;538188.54;17.1252
2024-09-03 08:00:00+00:00;542022.215;18.375
2024-09-03 09:00:00+00:00;535552.785;18.375
2024-09-03 10:00:00+00:00;523477.614;18.917099999999998
2024-09-03 11:00:00+00:00;532404.772;19.913400000000003
2024-09-03 12:00:00+00:00;575186.3;20.5
2024-09-03 13:00:00+00:00;639080.773;21.453300000000002
2024-09-03 14:00:00+00:00;672338.865;23.224
2024-09-03 15:00:00+00:00;705998.006;24.498250000000002
2024-09-03 16:00:00+00:00;781618.782;20.64675
2024-09-03 17:00:00+00:00;848326.493;17.6112
2024-09-03 18:00:00+00:00;830722.334;17.4
2024-09-03 19:00:00+00:00;1001235.034;17.4
2024-09-03 20:00:00+00:00;967556.679;16.5248
2024-09-03 21:00:00+00:00;831328.064;15.83575
2024-09-03 22:00:00+00:00;690174.501;15.275
2024-09-03 23:00:00+00:00;604233.74;14.855
2024-09-04 00:00:00+00:00;542948.093;13.9007
2024-09-04 01:00:00+00:00;511195.82;13.02525
2024-09-04 02:00:00+00:00;520201.631;12.75
2024-09-04 03:00:00+00:00;576208.774;12.75
2024-09-04 04:00:00+00:00;574452.147;13.503
2024-09-04 05:00:00+00:00;554090.972;13.906
2024-09-04 06:00:00+00:00;529438.832;15.417449999999999
2024-09-04 07:00:00+00:00;519253.721;16.43
2024-09-04 08:00:00+00:00;516872.561;17.445749999999997
2024-09-04 09:00:00+00:00;505979.051;18.4672
2024-09-04 10:00:00+00:00;498377.193;19.2499
2024-09-04 11:00:00+00:00;508745.859;20.389400000000002
2024-09-04 12:00:00+00:00;554783.685;21.323
2024-09-04 13:00:00+00:00;622901.201;22.785249999999998
2024-09-04 14:00:00+00:00;657786.649;24.90845
2024-09-04 15:00:00+00:00;696836.303;25.949400000000004
2024-09-04 16:00:00+00:00;776924.899;25.4036
2024-09-04 17:00:00+00:00;853625.334;21.3175
2024-09-04 18:00:00+00:00;853626.6;19.860599999999998
2024-09-04 19:00:00+00:00;1016186.004;19.25
2024-09-04 20:00:00+00:00;992777.831;18.76925
2024-09-04 21:00:00+00:00;831812.43;18.156
2024-09-04 22:00:00+00:00;662597.457;17.4326
2024-09-04 23:00:00+00:00;569809.389;17.1
2024-09-05 00:00:00+00:00;509997.067;17.1
2024-09-05 01:00:00+00:00;481968.189;17.0206
2024-09-05 02:00:00+00:00;491600.15;16.306
2024-09-05 03:00:00+00:00;548105.442;16.306
2024-09-05 04:00:00+00:00;557154.85;16.306
2024-09-05 05:00:00+00:00;542210.458;16.509800000000002
2024-09-05 06:00:00+00:00;518313.448;17.5362
2024-09-05 07:00:00+00:00;507304.238;18.757749999999998
2024-09-05 08:00:00+00:00;511626.986;19.438
2024-09-05 09:00:00+00:00;519052.974;20.4055
2024-09-05 10:00:00+00:00;508990.942;19.6334
2024-09-05 11:00:00+00:00;520820.295;19.856
2024-09-05 12:00:00+00:00;562868.728;20.506
2024-09-05 13:00:00+00:00;627991.216;21.15515
2024-09-05 14:00:00+00:00;651340.348;19.903
2024-09-05 15:00:00+00:00;679164.848;19.0557
2024-09-05 16:00:00+00:00;752692.138;18.287
2024-09-05 17:00:00+00:00;821737.304;18.287
2024-09-05 18:00:00+00:00;798231.443;18.287
2024-09-05 19:00:00+00:00;967858.894;18.287
2024-09-05 20:00:00+00:00;927526.365;18.287
2024-09-05 21:00:00+00:00;751578.457;18.287
2024-09-05 22:00:00+00:00;648746.573;18.287
2024-09-05 23:00:00+00:00;556399.897;18.287
2024-09-06 00:00:00+00:00;496942.98;18.287
2024-09-06 01:00:00+00:00;469019.149;17.6188
2024-09-06 02:00:00+00:00;478873.516;17.094
2024-09-06 03:00:00+00:00;536622.517;17.094
2024-09-06 04:00:00+00:00;555664.09;17.094
2024-09-06 05:00:00+00:00;547472.781;17.094
2024-09-06 06:00:00+00:00;527348.445;18.014
2024-09-06 07:00:00+00:00;517629.014;18.8738
2024-09-06 08:00:00+00:00;523673.827;19.67805
2024-09-06 09:00:00+00:00;525451.123;20.83705
2024-09-06 10:00:00+00:00;543782.807;20.660149999999998
2024-09-06 11:00:00+00:00;574970.72;21.3155
2024-09-06 12:00:00+00:00;606663.568;22.71405
2024-09-06 13:00:00+00:00;642899.86;23.806
2024-09-06 14:00:00+00:00;663934.08;24.64265
2024-09-06 15:00:00+00:00;705302.02;25.912
2024-09-06 16:00:00+00:00;779127.152;24.22295
2024-09-06 17:00:00+00:00;840528.729;22.020599999999998
2024-09-06 18:00:00+00:00;831526.264;20.9178
2024-09-06 19:00:00+00:00;1017697.921;20.17195
2024-09-06 20:00:00+00:00;978113.954;19.494
2024-09-06 21:00:00+00:00;810125.978;19.232999999999997
2024-09-06 22:00:00+00:00;654583.635;18.45
2024-09-06 23:00:00+00:00;570534.751;17.4411
2024-09-07 00:00:00+00:00;521460.825;16.49245
2024-09-07 01:00:00+00:00;502692.238;16.2207
2024-09-07 02:00:00+00:00;493810.206;15.488
2024-09-07 03:00:00+00:00;509273.446;15.488
2024-09-07 04:00:00+00:00;526635.592;15.488
2024-09-07 05:00:00+00:00;582835.148;16.113799999999998
2024-09-07 06:00:00+00:00;618763.531;17.76325
2024-09-07 07:00:00+00:00;634118.291;19.11825
2024-09-07 08:00:00+00:00;638445.754;20.0558
2024-09-07 09:00:00+00:00;632076.407;20.763
2024-09-07 10:00:00+00:00;620240.13;20.763
2024-09-07 11:00:00+00:00;633091.662;21.38725
2024-09-07 12:00:00+00:00;635524.401;21.969450000000002
2024-09-07 13:00:00+00:00;662727.468;22.856
2024-09-07 14:00:00+00:00;706939.117;21.9084
2024-09-07 15:00:00+00:00;785757.99;21.110149999999997
2024-09-07 16:00:00+00:00;846714.817;20.9635
2024-09-07 17:00:00+00:00;856069.036;19.3021
2024-09-07 18:00:00+00:00;792744.422;18.3552
2024-09-07 19:00:00+00:00;961949.191;17.5
2024-09-07 20:00:00+00:00;936191.936;16.7475
2024-09-07 21:00:00+00:00;776407.625;15.6705
2024-09-07 22:00:00+00:00;633347.522;14.5638
2024-09-07 23:00:00+00:00;558152.659;14.35
2024-09-08 00:00:00+00:00;513070.811;14.35
2024-09-08 01:00:00+00:00;489173.399;14.23285
2024-09-08 02:00:00+00:00;482547.819;13.568999999999999
2024-09-08 03:00:00+00:00;486827.98;13.568999999999999
2024-09-08 04:00:00+00:00;493354.517;13.568999999999999
2024-09-08 05:00:00+00:00;545299.178;13.956100000000001
2024-09-08 06:00:00+00:00;589940.863;15.65595
2024-09-08 07:00:00+00:00;621938.316;17.1636
2024-09-08 08:00:00+00:00;657928.011;18.372
2024-09-08 09:00:00+00:00;664118.426;19.2126
2024-09-08 10:00:00+00:00;670597.237;19.956
2024-09-08 11:00:00+00:00;662334.083;20.2656
2024-09-08 12:00:00+00:00;659271.557;21.483
2024-09-08 13:00:00+00:00;671291.635;22.508000000000003
2024-09-08 14:00:00+00:00;701750.649;23.5078
2024-09-08 15:00:00+00:00;772590.694;23.6409
2024-09-08 16:00:00+00:00;863685.13;22.476
2024-09-08 17:00:00+00:00;904257.402;18.642699999999998
2024-09-08 18:00:00+00:00;844082.959;17.769
2024-09-08 19:00:00+00:00;995968.176;17.769
2024-09-08 20:00:00+00:00;955060.282;17.769
2024-09-08 21:00:00+00:00;788632.208;17.769
2024-09-08 22:00:00+00:00;658329.208;17.769
2024-09-08 23:00:00+00:00;579904.717;16.8765
2024-09-09 00:00:00+00:00;517957.25;16.719
2024-09-09 01:00:00+00:00;486838.819;16.597050000000003
2024-09-09 02:00:00+00:00;494678.881;15.906
2024-09-09 03:00:00+00:00;551607.779;15.906
2024-09-09 04:00:00+00:00;568345.779;15.906
2024-09-09 05:00:00+00:00;560237.19;16.606
2024-09-09 06:00:00+00:00;539001.451;17.572200000000002
2024-09-09 07:00:00+00:00;528303.652;18.51765
2024-09-09 08:00:00+00:00;530959.662;19.22
2024-09-09 09:00:00+00:00;521439.406;20.51585
2024-09-09 10:00:00+00:00;513227.822;21.63435
2024-09-09 11:00:00+00:00;524344.725;22.219
2024-09-09 12:00:00+00:00;568325.596;23.3029
2024-09-09 13:00:00+00:00;639425.043;23.7702
2024-09-09 14:00:00+00:00;679036.518;24.9578
2024-09-09 15:00:00+00:00;725423.098;25.813
2024-09-09 16:00:00+00:00;818885.514;23.0129
2024-09-09 17:00:00+00:00;885091.824;20.8588
2024-09-09 18:00:00+00:00;825827.808;19.415399999999998
2024-09-09 19:00:00+00:00;982298.313;18.686799999999998
2024-09-09 20:00:00+00:00;934952.924;18.306
2024-09-09 21:00:00+00:00;759545.177;17.281
2024-09-09 22:00:00+00:00;607157.156;16.681
2024-09-09 23:00:00+00:00;543134.854;16.281
2024-09-10 00:00:00+00:00;496347.379;15.2835
2024-09-10 01:00:00+00:00;472388.474;15.229800000000001
2024-09-10 02:00:00+00:00;476650.488;14.844
2024-09-10 03:00:00+00:00;535082.325;14.844
2024-09-10 04:00:00+00:00;546410.017;15.82605
2024-09-10 05:00:00+00:00;536548.441;16.530949999999997
2024-09-10 06:00:00+00:00;518900.224;17.95035
2024-09-10 07:00:00+00:00;511739.985;20.088
2024-09-10 08:00:00+00:00;518123.933;21.3334
2024-09-10 09:00:00+00:00;517449.238;21.8834
2024-09-10 10:00:00+00:00;516777.659;22.8066
2024-09-10 11:00:00+00:00;536567.425;23.55
2024-09-10 12:00:00+00:00;589468.514;23.602200000000003
2024-09-10 13:00:00+00:00;668486.501;24.594
2024-09-10 14:00:00+00:00;714967.195;25.508599999999998
2024-09-10 15:00:00+00:00;769219.755;24.0062
2024-09-10 16:00:00+00:00;865425.426;22.842399999999998
2024-09-10 17:00:00+00:00;919120.513;21.5806
2024-09-10 18:00:00+00:00;845149.883;21.01105
2024-09-10 19:00:00+00:00;993066.925;20.444
2024-09-10 20:00:00+00:00;946164.946;20.444
2024-09-10 21:00:00+00:00;783609.735;20.444
2024-09-10 22:00:00+00:00;627747.478;20.444
2024-09-10 23:00:00+00:00;542625.429;19.53455
2024-09-11 00:00:00+00:00;488734.897;18.651699999999998
2024-09-11 01:00:00+00:00;463129.416;18.234199999999998
2024-09-11 02:00:00+00:00;475279.28;17.363
2024-09-11 03:00:00+00:00;538783.867;17.363
2024-09-11 04:00:00+00:00;551278.469;17.363
2024-09-11 05:00:00+00:00;540590.288;17.4648
2024-09-11 06:00:00+00:00;524628.862;18.381
2024-09-11 07:00:00+00:00;520015.954;19.39085
2024-09-11 08:00:00+00:00;524879.7;20.447200000000002
2024-09-11 09:00:00+00:00;518354.247;20.5
2024-09-11 10:00:00+00:00;515726.524;20.14335
2024-09-11 11:00:00+00:00;528430.013;19.32545
2024-09-11 12:00:00+00:00;570875.194;18.444
2024-09-11 13:00:00+00:00;640017.549;18.444
2024-09-11 14:00:00+00:00;681441.188;18.444
2024-09-11 15:00:00+00:00;742695.203;19.6178
2024-09-11 16:00:00+00:00;869040.186;19.75295
2024-09-11 17:00:00+00:00;953145.71;18.563
2024-09-11 18:00:00+00:00;881712.578;18.0315
2024-09-11 19:00:00+00:00;1025620.103;17.5
2024-09-11 20:00:00+00:00;969167.895;17.5
2024-09-11 21:00:00+00:00;794014.873;16.62365
2024-09-11 22:00:00+00:00;672137.177;16.469
2024-09-11 23:00:00+00:00;594098.444;16.363300000000002
2024-09-12 00:00:00+00:00;528529.174;15.412
2024-09-12 01:00:00+00:00;489555.724;15.330549999999999
2024-09-12 02:00:00+00:00;494816.572;14.869
2024-09-12 03:00:00+00:00;551810.618;14.869
2024-09-12 04:00:00+00:00;556549.697;14.869
2024-09-12 05:00:00+00:00;541544.345;15.4098
2024-09-12 06:00:00+00:00;521939.074;16.77345
2024-09-12 07:00:00+00:00;515786.404;18.25925
2024-09-12 08:00:00+00:00;522861.22;19.25735
2024-09-12 09:00:00+00:00;512892.473;18.4345
2024-09-12 10:00:00+00:00;503271.211;18.3
2024-09-12 11:00:00+00:00;511753.009;17.64835
2024-09-12 12:00:00+00:00;551918.651;16.3063
2024-09-12 13:00:00+00:00;614179.907;16.75
2024-09-12 14:00:00+00:00;642454.92;17.0981
2024-09-12 15:00:00+00:00;677063.227;16.181
2024-09-12 16:00:00+00:00;761714.288;17.65815
2024-09-12 17:00:00+00:00;820915.729;16.188
2024-09-12 18:00:00+00:00;778979.612;15.322399999999998
2024-09-12 19:00:00+00:00;981363.034;15.106
2024-09-12 20:00:00+00:00;955260.834;14.639350000000002
2024-09-12 21:00:00+00:00;778241.235;14.068999999999999
2024-09-12 22:00:00+00:00;610435.908;14.068999999999999
2024-09-12 23:00:00+00:00;536434.362;14.068999999999999
2024-09-13 00:00:00+00:00;492289.528;13.961500000000001
2024-09-13 01:00:00+00:00;470921.51;13.044
2024-09-13 02:00:00+00:00;491434.833;13.494
2024-09-13 03:00:00+00:00;548142.049;13.494
2024-09-13 04:00:00+00:00;571779.234;13.494
2024-09-13 05:00:00+00:00;574512.759;13.494
2024-09-13 06:00:00+00:00;564732.737;14.4048
2024-09-13 07:00:00+00:00;566744.812;14.778
2024-09-13 08:00:00+00:00;573428.197;15.594
2024-09-13 09:00:00+00:00;566426.848;15.594
2024-09-13 10:00:00+00:00;564953.12;16.3594
2024-09-13 11:00:00+00:00;576655.719;16.631
2024-09-13 12:00:00+00:00;613982.459;16.631
2024-09-13 13:00:00+00:00;670480.11;16.631
2024-09-13 14:00:00+00:00;716689.411;17.181
2024-09-13 15:00:00+00:00;767499.193;18.3635
2024-09-13 16:00:00+00:00;827329.043;17.325300000000002
2024-09-13 17:00:00+00:00;849096.169;15.2239
2024-09-13 18:00:00+00:00;818909.596;14.1925
2024-09-13 19:00:00+00:00;1015080.337;13.3025
2024-09-13 20:00:00+00:00;985877.181;12.619
2024-09-13 21:00:00+00:00;803735.494;12.619
2024-09-13 22:00:00+00:00;651061.52;12.619
2024-09-13 23:00:00+00:00;583499.24;12.619
2024-09-14 00:00:00+00:00;552414.788;12.619
2024-09-14 01:00:00+00:00;528902.027;12.619
2024-09-14 02:00:00+00:00;512325.836;12.2333
2024-09-14 03:00:00+00:00;525761.849;12.213
2024-09-14 04:00:00+00:00;533375.001;12.213
2024-09-14 05:00:00+00:00;600271.255;12.213
2024-09-14 06:00:00+00:00;651692.481;12.49575
2024-09-14 07:00:00+00:00;689135.871;13.344
2024-09-14 08:00:00+00:00;715157.027;14.11275
2024-09-14 09:00:00+00:00;712058.251;14.478399999999999
2024-09-14 10:00:00+00:00;703639.568;15.463
2024-09-14 11:00:00+00:00;708707.791;15.463
2024-09-14 12:00:00+00:00;732479.273;15.463
2024-09-14 13:00:00+00:00;783245.227;15.463
2024-09-14 14:00:00+00:00;853338.181;15.463
2024-09-14 15:00:00+00:00;951070.049;15.463
2024-09-14 16:00:00+00:00;994176.771;14.431000000000001
2024-09-14 17:00:00+00:00;955234.423;13.5966
2024-09-14 18:00:00+00:00;863076.097;13.388
2024-09-14 19:00:00+00:00;1033990.102;13.388
2024-09-14 20:00:00+00:00;1035296.07;12.72645
2024-09-14 21:00:00+00:00;931167.272;12.356
2024-09-14 22:00:00+00:00;738385.535;11.9207
2024-09-14 23:00:00+00:00;647796.228;11.287
2024-09-15 00:00:00+00:00;580807.262;11.287
2024-09-15 01:00:00+00:00;543338.718;11.287
2024-09-15 02:00:00+00:00;536836.227;10.638
2024-09-15 03:00:00+00:00;542929.216;10.638
2024-09-15 04:00:00+00:00;554568.247;10.638
2024-09-15 05:00:00+00:00;618847.259;10.638
2024-09-15 06:00:00+00:00;682229.64;10.638
2024-09-15 07:00:00+00:00;730453.742;10.638
2024-09-15 08:00:00+00:00;747557.794;10.638
2024-09-15 09:00:00+00:00;745504.347;10.638
2024-09-15 10:00:00+00:00;732153.555;10.638
2024-09-15 11:00:00+00:00;723418.439;11.5228
2024-09-15 12:00:00+00:00;726586.038;12.377600000000001
2024-09-15 13:00:00+00:00;746075.712;12.8
2024-09-15 14:00:00+00:00;786498.069;12.8
2024-09-15 15:00:00+00:00;866616.992;12.8
2024-09-15 16:00:00+00:00;956563.543;12.8
2024-09-15 17:00:00+00:00;967887.804;12.5428
2024-09-15 18:00:00+00:00;885566.216;11.178
2024-09-15 19:00:00+00:00;1072224.737;9.725624999999999
2024-09-15 20:00:00+00:00;1063524.853;9.687524999999999
2024-09-15 21:00:00+00:00;908839.618;10.408125
2024-09-15 22:00:00+00:00;802525.708;10.381775000000001
2024-09-15 23:00:00+00:00;752208.51;9.941145
2024-09-16 00:00:00+00:00;690976.219;7.567539999999999
2024-09-16 01:00:00+00:00;654474.06;6.4839199999999995
2024-09-16 02:00:00+00:00;666803.253;5.725
2024-09-16 03:00:00+00:00;725136.793;5.259175
2024-09-16 04:00:00+00:00;729264.111;4.7063
2024-09-16 05:00:00+00:00;701416.141;6.2763
2024-09-16 06:00:00+00:00;655705.743;8.169695
2024-09-16 07:00:00+00:00;625343.743;10.388075
2024-09-16 08:00:00+00:00;614214.365;11.929
2024-09-16 09:00:00+00:00;595466.974;12.850050000000001
2024-09-16 10:00:00+00:00;582516.77;13.839699999999999
2024-09-16 11:00:00+00:00;596005.402;14.238
2024-09-16 12:00:00+00:00;642312.439;15.22715
2024-09-16 13:00:00+00:00;701748.494;15.796899999999999
2024-09-16 14:00:00+00:00;732633.45;17.690649999999998
2024-09-16 15:00:00+00:00;785043.028;18.08215
2024-09-16 16:00:00+00:00;882554.781;14.0785
2024-09-16 17:00:00+00:00;932729.738;13.119
2024-09-16 18:00:00+00:00;882146.731;12.190999999999999
2024-09-16 19:00:00+00:00;1065062.737;12.075
2024-09-16 20:00:00+00:00;1051477.984;12.075
2024-09-16 21:00:00+00:00;904561.876;12.075
2024-09-16 22:00:00+00:00;763264.82;11.1246
2024-09-16 23:00:00+00:00;691452.853;11.019
2024-09-17 00:00:00+00:00;605542.272;11.019
2024-09-17 01:00:00+00:00;559606.863;11.019
2024-09-17 02:00:00+00:00;568949.191;10.50565
2024-09-17 03:00:00+00:00;625910.144;10.475
2024-09-17 04:00:00+00:00;631685.281;10.475
2024-09-17 05:00:00+00:00;619463.001;10.475
2024-09-17 06:00:00+00:00;597932.643;11.275
2024-09-17 07:00:00+00:00;589820.162;11.587526315789473
2024-09-17 08:00:00+00:00;591361.361;12.544
2024-09-17 09:00:00+00:00;576418.085;13.42035
2024-09-17 10:00:00+00:00;566479.984;14.242799999999999
2024-09-17 11:00:00+00:00;594086.233;14.687999999999999
2024-09-17 12:00:00+00:00;630444.403;15.1628
2024-09-17 13:00:00+00:00;688052.702;15.744
2024-09-17 14:00:00+00:00;720900.736;15.744
2024-09-17 15:00:00+00:00;768473.424;15.744
2024-09-17 16:00:00+00:00;860292.438;15.129
2024-09-17 17:00:00+00:00;919807.412;13.523999999999997
2024-09-17 18:00:00+00:00;866204.319;12.594
2024-09-17 19:00:00+00:00;1043042.006;11.77985
2024-09-17 20:00:00+00:00;1019603.293;11.569
2024-09-17 21:00:00+00:00;851101.103;11.569
2024-09-17 22:00:00+00:00;735488.545;11.569
2024-09-17 23:00:00+00:00;677704.07;11.569
2024-09-18 00:00:00+00:00;673527.07;11.569
2024-09-18 01:00:00+00:00;691815.932;11.254000000000001
2024-09-18 02:00:00+00:00;680261.045;10.4712
2024-09-18 03:00:00+00:00;703924.395;10.463
2024-09-18 04:00:00+00:00;693960.429;10.538549999999999
2024-09-18 05:00:00+00:00;669271.224;11.98955
2024-09-18 06:00:00+00:00;637838.83;13.4025
2024-09-18 07:00:00+00:00;615999.14;13.875
2024-09-18 08:00:00+00:00;615199.539;14.825399999999998
2024-09-18 09:00:00+00:00;621966.77;15.7566
2024-09-18 10:00:00+00:00;618843.724;15.963
2024-09-18 11:00:00+00:00;620301.947;15.963
2024-09-18 12:00:00+00:00;656431.64;15.963
2024-09-18 13:00:00+00:00;720030.19;15.963
2024-09-18 14:00:00+00:00;760876.45;15.963
2024-09-18 15:00:00+00:00;825724.273;17.34545
2024-09-18 16:00:00+00:00;936247.71;15.750499999999999
2024-09-18 17:00:00+00:00;996281.554;14.9
2024-09-18 18:00:00+00:00;964238.544;14.3405
2024-09-18 19:00:00+00:00;1135044.017;13.781
2024-09-18 20:00:00+00:00;1108534.757;12.4962
2024-09-18 21:00:00+00:00;919194.084;11.45025
2024-09-18 22:00:00+00:00;744295.383;10.662
2024-09-18 23:00:00+00:00;664320.277;9.59691
2024-09-19 00:00:00+00:00;621760.457;9.5875
2024-09-19 01:00:00+00:00;603817.603;9.5875
2024-09-19 02:00:00+00:00;621930.093;8.99125
2024-09-19 03:00:00+00:00;685741.262;9.4227
2024-09-19 04:00:00+00:00;694550.111;10.031
2024-09-19 05:00:00+00:00;674819.146;11.4113
2024-09-19 06:00:00+00:00;639785.779;13.52985
2024-09-19 07:00:00+00:00;614705.669;15.205350000000001
2024-09-19 08:00:00+00:00;606010.106;16.01225
2024-09-19 09:00:00+00:00;582020.972;17.028799999999997
2024-09-19 10:00:00+00:00;576604.027;18.35265
2024-09-19 11:00:00+00:00;588802.815;18.513
2024-09-19 12:00:00+00:00;647192.392;19.0369
2024-09-19 13:00:00+00:00;691519.069;19.319
2024-09-19 14:00:00+00:00;726233.517;19.319
2024-09-19 15:00:00+00:00;800314.542;18.601499999999998
2024-09-19 16:00:00+00:00;938079.715;17.413899999999998
2024-09-19 17:00:00+00:00;1019760.789;16.785249999999998
2024-09-19 18:00:00+00:00;956644.527;16.194
2024-09-19 19:00:00+00:00;1122465.612;16.194
2024-09-19 20:00:00+00:00;1100378.888;16.194
2024-09-19 21:00:00+00:00;956413.646;16.194
2024-09-19 22:00:00+00:00;790036.526;16.194
2024-09-19 23:00:00+00:00;689812.698;16.194
2024-09-20 00:00:00+00:00;628421.174;16.194
2024-09-20 01:00:00+00:00;599550.478;15.62455
2024-09-20 02:00:00+00:00;609557.486;14.9333
2024-09-20 03:00:00+00:00;669320.365;14.25695
2024-09-20 04:00:00+00:00;677060.06;13.894
2024-09-20 05:00:00+00:00;656161.662;13.894
2024-09-20 06:00:00+00:00;619699.33;13.894
2024-09-20 07:00:00+00:00;594918.042;13.894
2024-09-20 08:00:00+00:00;590158.181;13.894
2024-09-20 09:00:00+00:00;580375.294;13.894
2024-09-20 10:00:00+00:00;572753.484;13.894
2024-09-20 11:00:00+00:00;596787.964;13.894
2024-09-20 12:00:00+00:00;624361.92;13.894
2024-09-20 13:00:00+00:00;669572.52;13.894
2024-09-20 14:00:00+00:00;707050.597;14.01995
2024-09-20 15:00:00+00:00;770521.058;12.904050000000002
2024-09-20 16:00:00+00:00;862015.657;12.85
2024-09-20 17:00:00+00:00;907084.576;12.85
2024-09-20 18:00:00+00:00;861507.081;12.85
2024-09-20 19:00:00+00:00;1077405.525;11.9688
2024-09-20 20:00:00+00:00;1079138.357;10.781
2024-09-20 21:00:00+00:00;916045.911;10.781
2024-09-20 22:00:00+00:00;771070.551;10.781
2024-09-20 23:00:00+00:00;701996.778;10.781
2024-09-21 00:00:00+00:00;668553.87;10.02871
2024-09-21 01:00:00+00:00;663077.052;9.49754
2024-09-21 02:00:00+00:00;660972.882;8.38125
2024-09-21 03:00:00+00:00;666315.839;8.35
2024-09-21 04:00:00+00:00;683584.904;8.35
2024-09-21 05:00:00+00:00;749282.958;8.35
2024-09-21 06:00:00+00:00;784698.285;8.35
2024-09-21 07:00:00+00:00;798404.467;8.50282
2024-09-21 08:00:00+00:00;800494.463;9.3688
2024-09-21 09:00:00+00:00;789486.725;9.3688
2024-09-21 10:00:00+00:00;798317.84;9.3688
2024-09-21 11:00:00+00:00;790961.448;9.3688
2024-09-21 12:00:00+00:00;804956.414;10.401639999999999
2024-09-21 13:00:00+00:00;856984.626;10.456
2024-09-21 14:00:00+00:00;950535.028;11.35475
2024-09-21 15:00:00+00:00;1073294.052;12.29465
2024-09-21 16:00:00+00:00;1127868.533;9.470564999999999
2024-09-21 17:00:00+00:00;1115542.9;7.59173
2024-09-21 18:00:00+00:00;1016296.072;5.9013
2024-09-21 19:00:00+00:00;1205846.042;4.844720000000001
2024-09-21 20:00:00+00:00;1226592.583;4.008725
2024-09-21 21:00:00+00:00;1079262.712;3.1125
2024-09-21 22:00:00+00:00;920617.484;3.1125
2024-09-21 23:00:00+00:00;853797.888;2.51784
2024-09-22 00:00:00+00:00;813313.698;2.0313
2024-09-22 01:00:00+00:00;798161.115;0.7
2024-09-22 02:00:00+00:00;806435.781;0.0
2024-09-22 03:00:00+00:00;832193.924;0.0
2024-09-22 04:00:00+00:00;839243.825;0.0
2024-09-22 05:00:00+00:00;886409.261;0.35874999999999996
2024-09-22 06:00:00+00:00;893682.576;2.5688450000000005
2024-09-22 07:00:00+00:00;885571.194;4.7915849999999995
2024-09-22 08:00:00+00:00;918602.304;6.4643749999999995
2024-09-22 09:00:00+00:00;901334.47;7.901650000000001
2024-09-22 10:00:00+00:00;867172.991;9.103615
2024-09-22 11:00:00+00:00;866370.089;9.4813
2024-09-22 12:00:00+00:00;872239.835;10.297075000000001
2024-09-22 13:00:00+00:00;872568.677;10.569
2024-09-22 14:00:00+00:00;926560.823;10.569
2024-09-22 15:00:00+00:00;1034197.696;9.798860000000001
2024-09-22 16:00:00+00:00;1130151.624;8.205675000000001
2024-09-22 17:00:00+00:00;1121338.937;6.84975
2024-09-22 18:00:00+00:00;1035634.982;6.2313
2024-09-22 19:00:00+00:00;1227537.606;5.39626
2024-09-22 20:00:00+00:00;1227882.432;4.1375
2024-09-22 21:00:00+00:00;1072222.367;4.1375
2024-09-22 22:00:00+00:00;919469.878;3.625
2024-09-22 23:00:00+00:00;846703.467;3.1125
2024-09-23 00:00:00+00:00;854466.904;3.1125
2024-09-23 01:00:00+00:00;834060.354;3.1125
2024-09-23 02:00:00+00:00;825697.703;3.679475
2024-09-23 03:00:00+00:00;865993.848;3.6875
2024-09-23 04:00:00+00:00;851557.12;3.6875
2024-09-23 05:00:00+00:00;828376.308;4.6015749999999995
2024-09-23 06:00:00+00:00;790642.54;5.43005
2024-09-23 07:00:00+00:00;759105.97;6.55004
2024-09-23 08:00:00+00:00;752121.461;7.375
2024-09-23 09:00:00+00:00;734540.266;8.1264
2024-09-23 10:00:00+00:00;714531.857;8.4563
2024-09-23 11:00:00+00:00;712493.57;8.4563
2024-09-23 12:00:00+00:00;750578.127;8.4563
2024-09-23 13:00:00+00:00;826394.347;8.4563
2024-09-23 14:00:00+00:00;874338.15;8.4563
2024-09-23 15:00:00+00:00;974699.759;8.4563
2024-09-23 16:00:00+00:00;1124942.855;8.4563
2024-09-23 17:00:00+00:00;1164276.769;8.4563
2024-09-23 18:00:00+00:00;1070608.108;8.4563
2024-09-23 19:00:00+00:00;1247084.262;8.4563
2024-09-23 20:00:00+00:00;1223931.055;8.4563
2024-09-23 21:00:00+00:00;1057873.962;8.4563
2024-09-23 22:00:00+00:00;931101.039;8.4563
2024-09-23 23:00:00+00:00;855255.735;8.4563
2024-09-24 00:00:00+00:00;780704.2;8.4563
2024-09-24 01:00:00+00:00;733672.456;8.4563
2024-09-24 02:00:00+00:00;730146.874;8.358125
2024-09-24 03:00:00+00:00;782910.435;8.432375
2024-09-24 04:00:00+00:00;779294.945;9.3938
2024-09-24 05:00:00+00:00;760396.6;9.65485
2024-09-24 06:00:00+00:00;726674.673;10.438
2024-09-24 07:00:00+00:00;704832.314;10.438
2024-09-24 08:00:00+00:00;699206.959;10.489250000000002
2024-09-24 09:00:00+00:00;676615.208;11.463
2024-09-24 10:00:00+00:00;653629.584;11.463
2024-09-24 11:00:00+00:00;651742.094;11.742473684210527
2024-09-24 12:00:00+00:00;683816.248;13.1814
2024-09-24 13:00:00+00:00;746562.49;13.619
2024-09-24 14:00:00+00:00;781521.261;13.619
2024-09-24 15:00:00+00:00;847461.953;13.619
2024-09-24 16:00:00+00:00;999238.544;13.619
2024-09-24 17:00:00+00:00;1047936.583;13.619
2024-09-24 18:00:00+00:00;951673.1;13.619
2024-09-24 19:00:00+00:00;1121958.968;13.619
2024-09-24 20:00:00+00:00;1091100.51;13.619
2024-09-24 21:00:00+00:00;909958.603;13.619
2024-09-24 22:00:00+00:00;757730.851;13.619
2024-09-24 23:00:00+00:00;684744.436;13.619
2024-09-25 00:00:00+00:00;651062.717;13.619
2024-09-25 01:00:00+00:00;625828.59;13.619
2024-09-25 02:00:00+00:00;628688.5;13.548599999999999
2024-09-25 03:00:00+00:00;670956.3;13.531
2024-09-25 04:00:00+00:00;675005.934;13.531
2024-09-25 05:00:00+00:00;664751.236;13.531
2024-09-25 06:00:00+00:00;644378.987;13.531
2024-09-25 07:00:00+00:00;639373.581;13.631
2024-09-25 08:00:00+00:00;641186.334;14.531
2024-09-25 09:00:00+00:00;637745.951;14.531
2024-09-25 10:00:00+00:00;629597.195;14.531
2024-09-25 11:00:00+00:00;639983.763;14.531
2024-09-25 12:00:00+00:00;689553.545;15.5114
2024-09-25 13:00:00+00:00;771944.658;15.562999999999999
2024-09-25 14:00:00+00:00;836834.509;15.562999999999999
2024-09-25 15:00:00+00:00;924913.93;15.562999999999999
2024-09-25 16:00:00+00:00;1045465.321;15.562999999999999
2024-09-25 17:00:00+00:00;1068948.795;15.562999999999999
2024-09-25 18:00:00+00:00;957328.053;15.562999999999999
2024-09-25 19:00:00+00:00;1136007.372;15.562999999999999
2024-09-25 20:00:00+00:00;1099547.282;14.80325
2024-09-25 21:00:00+00:00;928280.975;14.445600000000002
2024-09-25 22:00:00+00:00;787908.852;13.506
2024-09-25 23:00:00+00:00;720482.821;13.506
2024-09-26 00:00:00+00:00;655840.089;13.506
2024-09-26 01:00:00+00:00;612302.553;13.506
2024-09-26 02:00:00+00:00;615256.93;12.57435
2024-09-26 03:00:00+00:00;674491.688;12.2825
2024-09-26 04:00:00+00:00;688059.344;11.519
2024-09-26 05:00:00+00:00;684079.768;11.519
2024-09-26 06:00:00+00:00;666169.237;12.068999999999999
2024-09-26 07:00:00+00:00;657597.31;13.209299999999999
2024-09-26 08:00:00+00:00;662680.713;14.5785
2024-09-26 09:00:00+00:00;651871.06;14.523500000000002
2024-09-26 10:00:00+00:00;637154.873;12.506
2024-09-26 11:00:00+00:00;640802.322;12.506
2024-09-26 12:00:00+00:00;678538.361;12.506
2024-09-26 13:00:00+00:00;750564.603;12.506
2024-09-26 14:00:00+00:00;798414.65;11.4553
2024-09-26 15:00:00+00:00;861636.967;11.4
2024-09-26 16:00:00+00:00;964297.956;11.4
2024-09-26 17:00:00+00:00;1017193.525;11.4
2024-09-26 18:00:00+00:00;947613.67;11.4
2024-09-26 19:00:00+00:00;1139144.624;11.396049999999999
2024-09-26 20:00:00+00:00;1109074.4;10.338
2024-09-26 21:00:00+00:00;931137.998;10.338
2024-09-26 22:00:00+00:00;823776.222;10.131905
2024-09-26 23:00:00+00:00;745537.333;9.3
2024-09-27 00:00:00+00:00;690883.568;9.25488
2024-09-27 01:00:00+00:00;672580.269;7.631279999999999
2024-09-27 02:00:00+00:00;658157.932;6.60724
2024-09-27 03:00:00+00:00;707926.342;6.3812
2024-09-27 04:00:00+00:00;724091.77;6.3812
2024-09-27 05:00:00+00:00;721620.963;6.3812
2024-09-27 06:00:00+00:00;702592.451;6.3812
2024-09-27 07:00:00+00:00;703948.292;7.236555
2024-09-27 08:00:00+00:00;726221.34;7.6547
2024-09-27 09:00:00+00:00;728732.574;8.4563
2024-09-27 10:00:00+00:00;722434.681;8.4563
2024-09-27 11:00:00+00:00;742508.313;8.4563
2024-09-27 12:00:00+00:00;793754.163;8.4563
2024-09-27 13:00:00+00:00;861511.497;8.4563
2024-09-27 14:00:00+00:00;924244.717;8.4563
2024-09-27 15:00:00+00:00;1004680.099;8.4563
2024-09-27 16:00:00+00:00;1088814.585;8.4563
2024-09-27 17:00:00+00:00;1078264.575;8.4563
2024-09-27 18:00:00+00:00;990612.386;8.4563
2024-09-27 19:00:00+00:00;1201571.124;8.4563
2024-09-27 20:00:00+00:00;1179229.482;7.8959600000000005
2024-09-27 21:00:00+00:00;1003382.415;7.4375
2024-09-27 22:00:00+00:00;881859.201;6.9125
2024-09-27 23:00:00+00:00;784076.218;6.3875
2024-09-28 00:00:00+00:00;715112.771;6.3875
2024-09-28 01:00:00+00:00;684338.708;6.3875
2024-09-28 02:00:00+00:00;674442.078;5.728389999999999
2024-09-28 03:00:00+00:00;693520.413;5.6937
2024-09-28 04:00:00+00:00;713429.194;5.6937
2024-09-28 05:00:00+00:00;784500.194;5.6937
2024-09-28 06:00:00+00:00;826264.725;5.6937
2024-09-28 07:00:00+00:00;851158.455;6.1774949999999995
2024-09-28 08:00:00+00:00;856994.822;6.879769999999999
2024-09-28 09:00:00+00:00;846108.222;7.832859999999999
2024-09-28 10:00:00+00:00;831112.372;8.8125
2024-09-28 11:00:00+00:00;827134.282;8.8125
2024-09-28 12:00:00+00:00;846561.803;9.791250000000002
2024-09-28 13:00:00+00:00;887094.142;9.9
2024-09-28 14:00:00+00:00;967706.943;10.04446
2024-09-28 15:00:00+00:00;1088952.305;9.191239999999999
2024-09-28 16:00:00+00:00;1171041.096;8.12248
2024-09-28 17:00:00+00:00;1133424.12;7.7
2024-09-28 18:00:00+00:00;1033010.445;6.3439700000000006
2024-09-28 19:00:00+00:00;1242362.303;5.0469
2024-09-28 20:00:00+00:00;1260543.613;4.5313
2024-09-28 21:00:00+00:00;1111336.117;3.743763157894737
2024-09-28 22:00:00+00:00;969659.678;3.4625
2024-09-28 23:00:00+00:00;905607.149;3.19375
2024-09-29 00:00:00+00:00;865383.184;2.3875
2024-09-29 01:00:00+00:00;853056.939;2.3875
2024-09-29 02:00:00+00:00;841215.408;2.019295
2024-09-29 03:00:00+00:00;842681.846;1.95
2024-09-29 04:00:00+00:00;843160.717;1.95
2024-09-29 05:00:00+00:00;915620.449;1.95
2024-09-29 06:00:00+00:00;955711.526;3.37879
2024-09-29 07:00:00+00:00;963455.611;5.638769999999999
2024-09-29 08:00:00+00:00;970760.56;7.510630000000001
2024-09-29 09:00:00+00:00;968678.693;8.2875
2024-09-29 10:00:00+00:00;958723.573;8.2875
2024-09-29 11:00:00+00:00;960844.633;9.290985000000001
2024-09-29 12:00:00+00:00;965705.038;9.3438
2024-09-29 13:00:00+00:00;996595.657;9.3438
2024-09-29 14:00:00+00:00;1070312.684;10.181564999999999
2024-09-29 15:00:00+00:00;1214068.97;9.863949999999999
2024-09-29 16:00:00+00:00;1344229.731;9.4
2024-09-29 17:00:00+00:00;1318519.302;9.4
2024-09-29 18:00:00+00:00;1198923.737;9.4
2024-09-29 19:00:00+00:00;1370304.346;9.4
2024-09-29 20:00:00+00:00;1376409.522;8.6266
2024-09-29 21:00:00+00:00;1216492.762;8.15878
2024-09-29 22:00:00+00:00;1062569.243;7.3187
2024-09-29 23:00:00+00:00;992011.714;7.3187
2024-09-30 00:00:00+00:00;971116.901;7.00934
2024-09-30 01:00:00+00:00;960508.72;6.2875
2024-09-30 02:00:00+00:00;968624.868;5.329725
2024-09-30 03:00:00+00:00;1030531.181;5.0938
2024-09-30 04:00:00+00:00;1029865.181;3.5368899999999996
2024-09-30 05:00:00+00:00;1003654.391;3.59754
2024-09-30 06:00:00+00:00;928972.642;6.0275
2024-09-30 07:00:00+00:00;853939.075;6.545
2024-09-30 08:00:00+00:00;812961.401;6.975
2024-09-30 09:00:00+00:00;780168.809;7.21477
2024-09-30 10:00:00+00:00;761575.85;8.05
2024-09-30 11:00:00+00:00;758642.903;8.05
2024-09-30 12:00:00+00:00;788173.656;8.931875000000002
2024-09-30 13:00:00+00:00;854514.321;9.0875
2024-09-30 14:00:00+00:00;911338.845;9.0875
2024-09-30 15:00:00+00:00;1003347.76;8.14596
2024-09-30 16:00:00+00:00;1150688.211;6.24092
2024-09-30 17:00:00+00:00;1262087.584;5.8625
2024-09-30 18:00:00+00:00;1248672.017;5.8625
2024-09-30 19:00:00+00:00;1482487.911;5.0825499999999995
2024-09-30 20:00:00+00:00;1490721.74;4.23716
2024-09-30 21:00:00+00:00;1358872.626;3.7562000000000006
2024-09-30 22:00:00+00:00;1211111.22;3.7562000000000006
2024-09-30 23:00:00+00:00;1131992.806;3.7562000000000006
2024-10-01 00:00:00+00:00;1076112.093;3.7562000000000006
2024-10-01 01:00:00+00:00;1043458.748;3.7562000000000006
2024-10-01 02:00:00+00:00;1050184.054;3.89628
2024-10-01 03:00:00+00:00;1117821.338;3.9312999999999994
2024-10-01 04:00:00+00:00;1115018.712;4.7188
2024-10-01 05:00:00+00:00;1083363.279;5.72505
2024-10-01 06:00:00+00:00;1010879.82;6.15317
2024-10-01 07:00:00+00:00;931543.489;7.3559
2024-10-01 08:00:00+00:00;875611.959;8.82872
2024-10-01 09:00:00+00:00;835155.549;9.2562
2024-10-01 10:00:00+00:00;812071.171;9.2562
2024-10-01 11:00:00+00:00;815889.498;9.7751
2024-10-01 12:00:00+00:00;860985.614;10.294
2024-10-01 13:00:00+00:00;939113.473;10.294
2024-10-01 14:00:00+00:00;985977.166;10.294
2024-10-01 15:00:00+00:00;1057745.053;9.932975
2024-10-01 16:00:00+00:00;1173174.546;8.658719999999999
2024-10-01 17:00:00+00:00;1203776.744;7.516595
2024-10-01 18:00:00+00:00;1137473.839;6.49085
2024-10-01 19:00:00+00:00;1358983.6;5.2438
2024-10-01 20:00:00+00:00;1373244.341;4.8141
2024-10-01 21:00:00+00:00;1249164.877;3.87438
2024-10-01 22:00:00+00:00;1085091.917;2.9688
2024-10-01 23:00:00+00:00;992762.312;1.941565
2024-10-02 00:00:00+00:00;945491.168;1.728125
2024-10-02 01:00:00+00:00;935948.887;0.7221875
2024-10-02 02:00:00+00:00;945188.011;0.53125
2024-10-02 03:00:00+00:00;987966.211;0.53125
2024-10-02 04:00:00+00:00;973561.287;-0.3453125
2024-10-02 05:00:00+00:00;947891.289;-0.5
2024-10-02 06:00:00+00:00;907560.093;0.1540625
2024-10-02 07:00:00+00:00;874652.574;1.9465949999999999
2024-10-02 08:00:00+00:00;859294.718;3.2399999999999998
2024-10-02 09:00:00+00:00;834468.066;4.6010599999999995
2024-10-02 10:00:00+00:00;816892.471;5.93967
2024-10-02 11:00:00+00:00;828266.452;6.8563
2024-10-02 12:00:00+00:00;874770.152;7.57373
2024-10-02 13:00:00+00:00;966036.63;8.80217
2024-10-02 14:00:00+00:00;1030590.861;9.92819
2024-10-02 15:00:00+00:00;1114954.884;7.151585
2024-10-02 16:00:00+00:00;1222648.933;4.601925
2024-10-02 17:00:00+00:00;1239040.907;3.0138
2024-10-02 18:00:00+00:00;1173567.156;2.157845
2024-10-02 19:00:00+00:00;1391167.179;1.4875
2024-10-02 20:00:00+00:00;1402238.147;0.520625
2024-10-02 21:00:00+00:00;1275248.739;0.0
2024-10-02 22:00:00+00:00;1113097.04;-0.36312500000000003
2024-10-02 23:00:00+00:00;1036901.557;-1.0375
2024-10-03 00:00:00+00:00;1007896.294;-1.0375
2024-10-03 01:00:00+00:00;974759.263;-1.883435
2024-10-03 02:00:00+00:00;965210.926;-2.3937
2024-10-03 03:00:00+00:00;1014877.737;-2.3937
2024-10-03 04:00:00+00:00;1003057.611;-2.3937
2024-10-03 05:00:00+00:00;978354.28;-2.3937
2024-10-03 06:00:00+00:00;929220.867;-1.2581099999999998
2024-10-03 07:00:00+00:00;883370.067;0.0
2024-10-03 08:00:00+00:00;846172.999;1.18334
2024-10-03 09:00:00+00:00;804595.207;3.059135
2024-10-03 10:00:00+00:00;772482.361;4.76066
2024-10-03 11:00:00+00:00;783251.579;5.8462499999999995
2024-10-03 12:00:00+00:00;810150.18;6.315775
2024-10-03 13:00:00+00:00;879654.535;7.1362499999999995
2024-10-03 14:00:00+00:00;942957.887;7.76657
2024-10-03 15:00:00+00:00;1039065.346;4.750305
2024-10-03 16:00:00+00:00;1182391.198;3.40691
2024-10-03 17:00:00+00:00;1236482.459;2.65
2024-10-03 18:00:00+00:00;1194344.367;2.65
2024-10-03 19:00:00+00:00;1433423.601;2.65
2024-10-03 20:00:00+00:00;1501568.247;2.65
2024-10-03 21:00:00+00:00;1368986.949;2.65
2024-10-03 22:00:00+00:00;1229219.732;2.90625
2024-10-03 23:00:00+00:00;1175955.239;3.675
2024-10-04 00:00:00+00:00;1152404.46;3.675
2024-10-04 01:00:00+00:00;1138022.609;3.675
2024-10-04 02:00:00+00:00;1127226.591;3.650835
2024-10-04 03:00:00+00:00;1157867.539;3.65
2024-10-04 04:00:00+00:00;1145776.915;4.29878
2024-10-04 05:00:00+00:00;1104378.675;4.7313
2024-10-04 06:00:00+00:00;1034781.064;5.192505
2024-10-04 07:00:00+00:00;958476.698;5.782884999999999
2024-10-04 08:00:00+00:00;907571.051;6.8688
2024-10-04 09:00:00+00:00;864641.12;7.713759999999999
2024-10-04 10:00:00+00:00;842443.589;7.925
2024-10-04 11:00:00+00:00;847360.896;7.925
2024-10-04 12:00:00+00:00;876518.666;7.925
2024-10-04 13:00:00+00:00;936394.237;7.925
2024-10-04 14:00:00+00:00;998462.833;8.838474999999999
2024-10-04 15:00:00+00:00;1095476.41;7.9375
2024-10-04 16:00:00+00:00;1202620.514;7.9375
2024-10-04 17:00:00+00:00;1221544.939;7.421899999999999
2024-10-04 18:00:00+00:00;1219721.795;6.9063
2024-10-04 19:00:00+00:00;1468913.41;6.9063
2024-10-04 20:00:00+00:00;1491479.095;6.9063
2024-10-04 21:00:00+00:00;1377273.031;6.9063
2024-10-04 22:00:00+00:00;1201877.0;6.024425
2024-10-04 23:00:00+00:00;1124613.28;5.8688
2024-10-05 00:00:00+00:00;1071771.484;3.8495800000000004
2024-10-05 01:00:00+00:00;1031606.349;2.7
2024-10-05 02:00:00+00:00;1007055.486;2.85
2024-10-05 03:00:00+00:00;1018962.828;2.9
2024-10-05 04:00:00+00:00;1024705.731;2.79688
2024-10-05 05:00:00+00:00;1085957.24;1.8687999999999998
2024-10-05 06:00:00+00:00;1075663.205;2.7500500000000003
2024-10-05 07:00:00+00:00;1026253.991;4.22598
2024-10-05 08:00:00+00:00;986768.315;5.2375
2024-10-05 09:00:00+00:00;953243.485;6.3313
2024-10-05 10:00:00+00:00;929230.4;6.3313
2024-10-05 11:00:00+00:00;908958.25;6.3313
2024-10-05 12:00:00+00:00;932801.684;6.3313
2024-10-05 13:00:00+00:00;976957.634;6.7024349999999995
2024-10-05 14:00:00+00:00;1051770.549;7.393800000000001
2024-10-05 15:00:00+00:00;1181482.302;5.9344850000000005
2024-10-05 16:00:00+00:00;1263274.876;3.89313
2024-10-05 17:00:00+00:00;1218544.776;2.5625
2024-10-05 18:00:00+00:00;1132574.511;2.1375
2024-10-05 19:00:00+00:00;1364303.476;1.13411
2024-10-05 20:00:00+00:00;1402169.513;0.0968725
2024-10-05 21:00:00+00:00;1245024.281;0.0
2024-10-05 22:00:00+00:00;1081332.748;0.0
2024-10-05 23:00:00+00:00;995657.616;0.0
2024-10-06 00:00:00+00:00;939699.347;0.0
2024-10-06 01:00:00+00:00;940760.64;0.0
2024-10-06 02:00:00+00:00;948949.083;0.0
2024-10-06 03:00:00+00:00;940570.93;0.0
2024-10-06 04:00:00+00:00;921660.065;0.0
2024-10-06 05:00:00+00:00;989481.877;0.1
2024-10-06 06:00:00+00:00;1043899.116;1.0
2024-10-06 07:00:00+00:00;1069065.121;1.1075
2024-10-06 08:00:00+00:00;1082258.676;2.075
2024-10-06 09:00:00+00:00;1091062.95;2.8766000000000003
2024-10-06 10:00:00+00:00;1089278.571;3.1438
2024-10-06 11:00:00+00:00;1078933.327;3.1438
2024-10-06 12:00:00+00:00;1066668.093;3.1438
2024-10-06 13:00:00+00:00;1089203.247;3.1438
2024-10-06 14:00:00+00:00;1148250.309;3.1438
2024-10-06 15:00:00+00:00;1262314.738;3.1438
2024-10-06 16:00:00+00:00;1339296.592;3.1438
2024-10-06 17:00:00+00:00;1267659.85;3.1438
2024-10-06 18:00:00+00:00;1139761.663;3.1438
2024-10-06 19:00:00+00:00;1323496.378;3.1438
2024-10-06 20:00:00+00:00;1335970.329;3.1438
2024-10-06 21:00:00+00:00;1195445.503;3.1438
2024-10-06 22:00:00+00:00;1028677.999;2.8891
2024-10-06 23:00:00+00:00;950921.51;2.125
2024-10-07 00:00:00+00:00;905617.748;2.125
2024-10-07 01:00:00+00:00;868084.522;1.652465
2024-10-07 02:00:00+00:00;866732.871;1.0625
2024-10-07 03:00:00+00:00;921413.824;1.0625
2024-10-07 04:00:00+00:00;908843.764;1.0625
2024-10-07 05:00:00+00:00;893199.027;1.0625
2024-10-07 06:00:00+00:00;861287.438;1.0625
2024-10-07 07:00:00+00:00;840862.348;1.35854
2024-10-07 08:00:00+00:00;834665.803;2.0938
2024-10-07 09:00:00+00:00;817679.919;2.0938
2024-10-07 10:00:00+00:00;802506.95;3.1625
2024-10-07 11:00:00+00:00;813277.625;3.1625
2024-10-07 12:00:00+00:00;864919.486;3.1625
2024-10-07 13:00:00+00:00;955582.863;3.1625
2024-10-07 14:00:00+00:00;1012514.57;3.1625
2024-10-07 15:00:00+00:00;1091135.639;2.4921550000000003
2024-10-07 16:00:00+00:00;1191609.018;2.1312
2024-10-07 17:00:00+00:00;1218257.36;2.1312
2024-10-07 18:00:00+00:00;1201066.914;2.1312
2024-10-07 19:00:00+00:00;1416719.253;2.1312
2024-10-07 20:00:00+00:00;1444477.82;1.479085
2024-10-07 21:00:00+00:00;1301350.024;0.33189
2024-10-07 22:00:00+00:00;1141117.067;-0.3018005
2024-10-07 23:00:00+00:00;1082807.048;-1.0563
2024-10-08 00:00:00+00:00;1038895.814;-1.0563
2024-10-08 01:00:00+00:00;1013620.015;-1.005045
2024-10-08 02:00:00+00:00;1009452.664;-0.54375
2024-10-08 03:00:00+00:00;1064931.12;-0.54375
2024-10-08 04:00:00+00:00;1050064.682;-0.54375
2024-10-08 05:00:00+00:00;1033129.765;-0.54375
2024-10-08 06:00:00+00:00;994955.797;-0.33249999999999996
2024-10-08 07:00:00+00:00;970884.509;0.61625
2024-10-08 08:00:00+00:00;964374.829;1.55
2024-10-08 09:00:00+00:00;945644.216;1.55
2024-10-08 10:00:00+00:00;934828.103;2.5475000000000003
2024-10-08 11:00:00+00:00;952590.347;2.6
2024-10-08 12:00:00+00:00;1007243.43;2.6
2024-10-08 13:00:00+00:00;1100773.758;3.4924999999999997
2024-10-08 14:00:00+00:00;1177066.376;3.65
2024-10-08 15:00:00+00:00;1277566.119;3.65
2024-10-08 16:00:00+00:00;1398274.127;3.65
2024-10-08 17:00:00+00:00;1405560.853;3.65
2024-10-08 18:00:00+00:00;1322877.169;3.65
2024-10-08 19:00:00+00:00;1524175.635;3.65
2024-10-08 20:00:00+00:00;1527233.749;3.65
2024-10-08 21:00:00+00:00;1398944.109;3.0906499999999997
2024-10-08 22:00:00+00:00;1224393.915;2.045025
2024-10-08 23:00:00+00:00;1132934.623;1.475
2024-10-09 00:00:00+00:00;1057779.119;1.475
2024-10-09 01:00:00+00:00;1007125.462;1.3739575
2024-10-09 02:00:00+00:00;1000434.971;0.50625
2024-10-09 03:00:00+00:00;1048333.755;0.50625
2024-10-09 04:00:00+00:00;1033466.089;0.50625
2024-10-09 05:00:00+00:00;1018615.952;0.50625
2024-10-09 06:00:00+00:00;996018.028;0.6100049999999999
2024-10-09 07:00:00+00:00;985605.72;1.788205
2024-10-09 08:00:00+00:00;989394.502;2.8625
2024-10-09 09:00:00+00:00;983707.153;4.148185
2024-10-09 10:00:00+00:00;980613.47;4.9875
2024-10-09 11:00:00+00:00;1001390.215;4.9875
2024-10-09 12:00:00+00:00;1065083.225;4.9875
2024-10-09 13:00:00+00:00;1167512.915;4.9875
2024-10-09 14:00:00+00:00;1248792.756;4.9875
2024-10-09 15:00:00+00:00;1349573.541;4.9875
2024-10-09 16:00:00+00:00;1440101.969;4.9875
2024-10-09 17:00:00+00:00;1417356.883;4.473525
2024-10-09 18:00:00+00:00;1296731.776;4.125
2024-10-09 19:00:00+00:00;1496361.876;4.125
2024-10-09 20:00:00+00:00;1491934.055;4.125
2024-10-09 21:00:00+00:00;1316334.373;4.125
2024-10-09 22:00:00+00:00;1154876.275;4.125
2024-10-09 23:00:00+00:00;1066829.81;3.4262499999999996
2024-10-10 00:00:00+00:00;989857.46;2.5479399999999996
2024-10-10 01:00:00+00:00;932344.01;2.02786
2024-10-10 02:00:00+00:00;915074.198;1.725
2024-10-10 03:00:00+00:00;957155.661;2.383125
2024-10-10 04:00:00+00:00;940094.004;2.7375
2024-10-10 05:00:00+00:00;925278.054;3.100625
2024-10-10 06:00:00+00:00;902271.851;4.022875
2024-10-10 07:00:00+00:00;885490.898;5.1475
2024-10-10 08:00:00+00:00;882156.813;6.511280000000001
2024-10-10 09:00:00+00:00;870835.32;7.10369
2024-10-10 10:00:00+00:00;861262.398;8.0375
2024-10-10 11:00:00+00:00;878048.175;8.54186
2024-10-10 12:00:00+00:00;930019.312;9.0813
2024-10-10 13:00:00+00:00;1021831.362;9.0813
2024-10-10 14:00:00+00:00;1083167.71;9.0813
2024-10-10 15:00:00+00:00;1157014.335;9.0813
2024-10-10 16:00:00+00:00;1244168.959;9.0813
2024-10-10 17:00:00+00:00;1256276.485;8.67878
2024-10-10 18:00:00+00:00;1172179.397;8.075
2024-10-10 19:00:00+00:00;1370014.561;8.075
2024-10-10 20:00:00+00:00;1355109.691;8.025
2024-10-10 21:00:00+00:00;1174658.021;7.075
2024-10-10 22:00:00+00:00;1018317.92;7.075
2024-10-10 23:00:00+00:00;926193.21;7.075
2024-10-11 00:00:00+00:00;852660.817;7.075
2024-10-11 01:00:00+00:00;805618.635;7.07491
2024-10-11 02:00:00+00:00;788661.064;7.0
2024-10-11 03:00:00+00:00;836814.82;7.358750000000001
2024-10-11 04:00:00+00:00;846903.102;8.433855
2024-10-11 05:00:00+00:00;857436.754;9.270975000000002
2024-10-11 06:00:00+00:00;849367.563;10.34885
2024-10-11 07:00:00+00:00;840262.879;11.5285
2024-10-11 08:00:00+00:00;837493.435;12.925999999999998
2024-10-11 09:00:00+00:00;825977.557;13.356
2024-10-11 10:00:00+00:00;821223.666;12.4635
2024-10-11 11:00:00+00:00;842123.31;11.3161
2024-10-11 12:00:00+00:00;897082.024;10.6354
2024-10-11 13:00:00+00:00;973548.96;8.945595
2024-10-11 14:00:00+00:00;1040793.519;8.1438
2024-10-11 15:00:00+00:00;1137877.303;7.19282
2024-10-11 16:00:00+00:00;1212985.685;7.025
2024-10-11 17:00:00+00:00;1191884.36;7.025
2024-10-11 18:00:00+00:00;1112705.033;
2024-10-11 19:00:00+00:00;1334778.335;
2024-10-11 20:00:00+00:00;1339104.465;6.6625
2024-10-11 21:00:00+00:00;1178544.362;6.6625
2024-10-11 22:00:00+00:00;1012700.955;6.6625
2024-10-11 23:00:00+00:00;937897.29;5.575
2024-10-12 00:00:00+00:00;902171.349;5.50201
2024-10-12 01:00:00+00:00;922558.055;4.5188
2024-10-12 02:00:00+00:00;937351.564;3.5072631578947364
2024-10-12 03:00:00+00:00;961234.221;2.28378
2024-10-12 04:00:00+00:00;967957.727;1.8563000000000003
2024-10-12 05:00:00+00:00;1042755.635;1.8563000000000003
2024-10-12 06:00:00+00:00;1068559.785;1.8563000000000003
2024-10-12 07:00:00+00:00;1056817.603;2.38031
2024-10-12 08:00:00+00:00;1043307.294;3.46938
2024-10-12 09:00:00+00:00;1013948.142;4.80968
2024-10-12 10:00:00+00:00;984919.123;5.187695
2024-10-12 11:00:00+00:00;972921.715;6.0438
2024-10-12 12:00:00+00:00;999531.691;5.94255
2024-10-12 13:00:00+00:00;1070058.955;5.0313
2024-10-12 14:00:00+00:00;1190377.89;4.9262999999999995
2024-10-12 15:00:00+00:00;1372630.872;3.355115
2024-10-12 16:00:00+00:00;1467012.653;2.913015
2024-10-12 17:00:00+00:00;1400916.636;1.8875
2024-10-12 18:00:00+00:00;1289600.9;1.4575
2024-10-12 19:00:00+00:00;1529154.337;0.8125
2024-10-12 20:00:00+00:00;1568338.137;0.8125
2024-10-12 21:00:00+00:00;1435101.191;0.8125
2024-10-12 22:00:00+00:00;1261983.295;0.8125
2024-10-12 23:00:00+00:00;1170936.483;0.8125
2024-10-13 00:00:00+00:00;1111037.567;0.8125
2024-10-13 01:00:00+00:00;1081995.479;0.8184374999999999
2024-10-13 02:00:00+00:00;1061460.956;0.93125
2024-10-13 03:00:00+00:00;1055767.813;0.93125
2024-10-13 04:00:00+00:00;1032293.136;0.93125
2024-10-13 05:00:00+00:00;1095333.271;0.93125
2024-10-13 06:00:00+00:00;1132710.472;1.6137825
2024-10-13 07:00:00+00:00;1129530.413;2.450965
2024-10-13 08:00:00+00:00;1112839.792;3.2375
2024-10-13 09:00:00+00:00;1077162.9;4.0875
2024-10-13 10:00:00+00:00;1051423.56;4.504980000000001
2024-10-13 11:00:00+00:00;1037678.447;5.1312
2024-10-13 12:00:00+00:00;1045585.42;5.49641
2024-10-13 13:00:00+00:00;1090886.051;6.2
2024-10-13 14:00:00+00:00;1184587.206;6.2
2024-10-13 15:00:00+00:00;1327479.318;6.2
2024-10-13 16:00:00+00:00;1393500.808;6.2
2024-10-13 17:00:00+00:00;1336742.492;6.2
2024-10-13 18:00:00+00:00;1233932.755;6.2
2024-10-13 19:00:00+00:00;1446955.759;6.2
2024-10-13 20:00:00+00:00;1465820.316;5.65235
2024-10-13 21:00:00+00:00;1327690.469;5.1688
2024-10-13 22:00:00+00:00;1200140.329;5.1688
2024-10-13 23:00:00+00:00;1093324.202;5.1688
2024-10-14 00:00:00+00:00;1018680.607;5.1688
2024-10-14 01:00:00+00:00;979827.653;5.155984999999999
2024-10-14 02:00:00+00:00;978148.406;4.9125
2024-10-14 03:00:00+00:00;1004325.341;4.9125
2024-10-14 04:00:00+00:00;978796.307;4.9125
2024-10-14 05:00:00+00:00;986575.241;4.9125
2024-10-14 06:00:00+00:00;975845.903;4.9125
2024-10-14 07:00:00+00:00;966671.857;4.9125
2024-10-14 08:00:00+00:00;962823.666;4.9125
2024-10-14 09:00:00+00:00;953208.314;5.27783
2024-10-14 10:00:00+00:00;925967.845;5.9563
2024-10-14 11:00:00+00:00;924549.123;5.9563
2024-10-14 12:00:00+00:00;962075.213;5.9563
2024-10-14 13:00:00+00:00;1045395.534;5.11126
2024-10-14 14:00:00+00:00;1104017.341;4.9
2024-10-14 15:00:00+00:00;1177530.412;4.9
2024-10-14 16:00:00+00:00;1242575.871;4.796725
2024-10-14 17:00:00+00:00;1231669.961;3.8938
2024-10-14 18:00:00+00:00;1173996.388;3.8938
2024-10-14 19:00:00+00:00;1413161.756;3.8938
2024-10-14 20:00:00+00:00;1431976.904;3.8938
2024-10-14 21:00:00+00:00;1294017.524;3.8938
2024-10-14 22:00:00+00:00;1151027.412;3.8938
2024-10-14 23:00:00+00:00;1101692.795;3.8938
2024-10-15 00:00:00+00:00;1060475.331;3.8938
2024-10-15 01:00:00+00:00;1055982.939;3.866295
2024-10-15 02:00:00+00:00;1058537.84;3.3313
2024-10-15 03:00:00+00:00;1067075.374;3.3313
2024-10-15 04:00:00+00:00;1029794.699;3.3313
2024-10-15 05:00:00+00:00;1025464.957;3.3313
2024-10-15 06:00:00+00:00;1006935.158;3.3313
2024-10-15 07:00:00+00:00;991340.318;3.3313
2024-10-15 08:00:00+00:00;993024.147;4.358778947368421
2024-10-15 09:00:00+00:00;977989.81;5.0415849999999995
2024-10-15 10:00:00+00:00;971348.938;5.5
2024-10-15 11:00:00+00:00;980042.293;5.5
2024-10-15 12:00:00+00:00;1013609.674;5.5
2024-10-15 13:00:00+00:00;1089154.119;5.664070000000001
2024-10-15 14:00:00+00:00;1166359.332;5.87752
2024-10-15 15:00:00+00:00;1300942.763;4.525
2024-10-15 16:00:00+00:00;1414141.691;4.236035
2024-10-15 17:00:00+00:00;1426676.569;3.083125
2024-10-15 18:00:00+00:00;1356271.862;1.5377699999999999
2024-10-15 19:00:00+00:00;1581225.664;1.3812
2024-10-15 20:00:00+00:00;1614008.042;0.06906
2024-10-15 21:00:00+00:00;1467835.695;0.0
2024-10-15 22:00:00+00:00;1317808.115;-0.7687499999999999
2024-10-15 23:00:00+00:00;1252087.232;-1.025
2024-10-16 00:00:00+00:00;1228783.835;-1.025
2024-10-16 01:00:00+00:00;1216362.26;-2.104495
2024-10-16 02:00:00+00:00;1216721.394;-2.3688
2024-10-16 03:00:00+00:00;1238264.4;-2.3688
2024-10-16 04:00:00+00:00;1202777.226;-1.8625
2024-10-16 05:00:00+00:00;1202105.559;-0.88153
2024-10-16 06:00:00+00:00;1165491.255;0.0
2024-10-16 07:00:00+00:00;1104709.861;0.6225
2024-10-16 08:00:00+00:00;1056651.702;2.1253450000000003
2024-10-16 09:00:00+00:00;1008781.935;2.835025
2024-10-16 10:00:00+00:00;984682.943;4.054125
2024-10-16 11:00:00+00:00;980353.659;4.854725
2024-10-16 12:00:00+00:00;999493.516;6.29
2024-10-16 13:00:00+00:00;1071991.771;6.7
2024-10-16 14:00:00+00:00;1163698.179;
2024-10-16 15:00:00+00:00;1297570.155;
2024-10-16 16:00:00+00:00;1399069.598;
2024-10-16 17:00:00+00:00;1383711.712;
2024-10-16 18:00:00+00:00;1290292.722;
2024-10-16 19:00:00+00:00;1503630.089;
2024-10-16 20:00:00+00:00;1516816.0;
2024-10-16 21:00:00+00:00;1356083.498;
2024-10-16 22:00:00+00:00;1209917.127;
2024-10-16 23:00:00+00:00;1127781.261;
2024-10-17 00:00:00+00:00;1062126.571;
2024-10-17 01:00:00+00:00;1031819.475;
2024-10-17 02:00:00+00:00;1024191.015;
2024-10-17 03:00:00+00:00;1055521.58;
2024-10-17 04:00:00+00:00;1030652.329;
2024-10-17 05:00:00+00:00;1047390.198;4.95
2024-10-17 06:00:00+00:00;1029164.12;5.075075
2024-10-17 07:00:00+00:00;992622.223;6.0062
2024-10-17 08:00:00+00:00;966200.96;6.6137999999999995
2024-10-17 09:00:00+00:00;934355.997;7.0062
2024-10-17 10:00:00+00:00;903807.948;7.793774999999999
2024-10-17 11:00:00+00:00;895528.957;8.59615
2024-10-17 12:00:00+00:00;931387.594;10.043130000000001
2024-10-17 13:00:00+00:00;1006921.868;9.718480000000001
2024-10-17 14:00:00+00:00;1085723.841;9.1438
2024-10-17 15:00:00+00:00;1195643.924;9.1438
2024-10-17 16:00:00+00:00;1292127.004;9.1438
2024-10-17 17:00:00+00:00;1295478.415;9.1438
2024-10-17 18:00:00+00:00;1209872.803;8.608640000000001
2024-10-17 19:00:00+00:00;1422942.075;8.5813
2024-10-17 20:00:00+00:00;1427441.528;8.5813
2024-10-17 21:00:00+00:00;1260164.596;8.5813
2024-10-17 22:00:00+00:00;1123563.497;7.82185
2024-10-17 23:00:00+00:00;1040071.65;7.4002799999999995
2024-10-18 00:00:00+00:00;975533.745;6.5125
2024-10-18 01:00:00+00:00;936551.084;6.5125
2024-10-18 02:00:00+00:00;929390.869;5.9893
2024-10-18 03:00:00+00:00;968259.241;6.956300000000001
2024-10-18 04:00:00+00:00;961284.078;6.956300000000001
2024-10-18 05:00:00+00:00;985614.076;7.328175
2024-10-18 06:00:00+00:00;971884.978;8.0188
2024-10-18 07:00:00+00:00;954994.036;8.486410000000001
2024-10-18 08:00:00+00:00;946987.002;9.1125
2024-10-18 09:00:00+00:00;927845.509;9.1125
2024-10-18 10:00:00+00:00;904851.942;9.590625
2024-10-18 11:00:00+00:00;907041.556;10.175
2024-10-18 12:00:00+00:00;941055.293;10.175
2024-10-18 13:00:00+00:00;1016836.953;10.175
2024-10-18 14:00:00+00:00;1098887.052;10.175
2024-10-18 15:00:00+00:00;1205606.26;10.175
2024-10-18 16:00:00+00:00;1268798.152;10.175
2024-10-18 17:00:00+00:00;1232469.67;10.175
2024-10-18 18:00:00+00:00;1144996.419;10.175
2024-10-18 19:00:00+00:00;1377129.826;9.571304999999999
2024-10-18 20:00:00+00:00;1382135.048;9.1312
2024-10-18 21:00:00+00:00;1212625.806;9.1312
2024-10-18 22:00:00+00:00;1054846.435;9.1312
2024-10-18 23:00:00+00:00;972792.17;9.1312
2024-10-19 00:00:00+00:00;923438.645;9.1312
2024-10-19 01:00:00+00:00;893224.952;9.1312
2024-10-19 02:00:00+00:00;872573.322;9.457809999999998
2024-10-19 03:00:00+00:00;878181.206;9.475
2024-10-19 04:00:00+00:00;869365.925;9.475
2024-10-19 05:00:00+00:00;937713.85;9.475
2024-10-19 06:00:00+00:00;981553.137;9.475
2024-10-19 07:00:00+00:00;989401.831;10.025
2024-10-19 08:00:00+00:00;984861.633;10.575
2024-10-19 09:00:00+00:00;965637.614;10.575
2024-10-19 10:00:00+00:00;937800.996;10.575
2024-10-19 11:00:00+00:00;931633.231;10.575
2024-10-19 12:00:00+00:00;953831.979;10.575
2024-10-19 13:00:00+00:00;1020532.533;10.575
2024-10-19 14:00:00+00:00;1139154.043;10.575
2024-10-19 15:00:00+00:00;1306080.247;10.575
2024-10-19 16:00:00+00:00;1359336.407;10.575
2024-10-19 17:00:00+00:00;1281311.155;10.575
2024-10-19 18:00:00+00:00;1162175.42;10.575
2024-10-19 19:00:00+00:00;1377573.984;10.575
2024-10-19 20:00:00+00:00;1400795.654;10.575
2024-10-19 21:00:00+00:00;1237887.66;10.575
2024-10-19 22:00:00+00:00;1069882.927;10.575
2024-10-19 23:00:00+00:00;986542.848;10.575
2024-10-20 00:00:00+00:00;947363.973;10.575
2024-10-20 01:00:00+00:00;919535.759;10.575
2024-10-20 02:00:00+00:00;898478.892;10.21305
2024-10-20 03:00:00+00:00;904964.463;10.194
2024-10-20 04:00:00+00:00;894083.114;10.194
2024-10-20 05:00:00+00:00;954672.021;10.194
2024-10-20 06:00:00+00:00;1006895.123;10.194
2024-10-20 07:00:00+00:00;1027204.744;10.194
2024-10-20 08:00:00+00:00;1042517.78;10.194
2024-10-20 09:00:00+00:00;1050467.171;9.645315
2024-10-20 10:00:00+00:00;1050697.562;9.446715000000001
2024-10-20 11:00:00+00:00;1062079.34;10.188
2024-10-20 12:00:00+00:00;1083529.314;10.188
2024-10-20 13:00:00+00:00;1113520.313;10.188
2024-10-20 14:00:00+00:00;1189375.043;10.188
2024-10-20 15:00:00+00:00;1304698.27;10.188
2024-10-20 16:00:00+00:00;1346949.131;10.188
2024-10-20 17:00:00+00:00;1266283.224;10.188
2024-10-20 18:00:00+00:00;1146278.126;10.188
2024-10-20 19:00:00+00:00;1345966.463;10.188
2024-10-20 20:00:00+00:00;1347772.489;10.188
2024-10-20 21:00:00+00:00;1176166.465;10.188
2024-10-20 22:00:00+00:00;1015586.946;10.188
2024-10-20 23:00:00+00:00;929362.717;10.188
2024-10-21 00:00:00+00:00;882611.184;10.188
2024-10-21 01:00:00+00:00;852743.342;10.188
2024-10-21 02:00:00+00:00;838059.476;10.9755
2024-10-21 03:00:00+00:00;877313.743;11.063
2024-10-21 04:00:00+00:00;877109.762;11.063
2024-10-21 05:00:00+00:00;889541.375;11.063
2024-10-21 06:00:00+00:00;884484.061;11.063
2024-10-21 07:00:00+00:00;885280.086;11.063
2024-10-21 08:00:00+00:00;896650.053;11.063
2024-10-21 09:00:00+00:00;893212.716;11.063
2024-10-21 10:00:00+00:00;889056.431;11.063
2024-10-21 11:00:00+00:00;899075.309;11.063
2024-10-21 12:00:00+00:00;947066.838;11.063
2024-10-21 13:00:00+00:00;1033555.271;11.063
2024-10-21 14:00:00+00:00;1092584.128;11.063
2024-10-21 15:00:00+00:00;1163953.655;11.063
2024-10-21 16:00:00+00:00;1225392.202;11.063
2024-10-21 17:00:00+00:00;1207192.963;11.063
2024-10-21 18:00:00+00:00;1111825.759;11.063
2024-10-21 19:00:00+00:00;1306253.207;11.063
2024-10-21 20:00:00+00:00;1303575.297;11.063
2024-10-21 21:00:00+00:00;1146471.023;11.063
2024-10-21 22:00:00+00:00;968921.522;11.063
2024-10-21 23:00:00+00:00;874257.253;11.063
2024-10-22 00:00:00+00:00;809033.118;11.063
2024-10-22 01:00:00+00:00;782590.124;11.063
2024-10-22 02:00:00+00:00;800522.191;10.97255
2024-10-22 03:00:00+00:00;866998.196;10.597529999999999
2024-10-22 04:00:00+00:00;873818.096;9.9188
2024-10-22 05:00:00+00:00;881066.934;9.9188
2024-10-22 06:00:00+00:00;860321.017;9.9188
2024-10-22 07:00:00+00:00;834442.662;9.9188
2024-10-22 08:00:00+00:00;829093.731;9.9188
2024-10-22 09:00:00+00:00;816352.512;9.87815
2024-10-22 10:00:00+00:00;805789.058;9.7562
2024-10-22 11:00:00+00:00;817674.166;9.7562
2024-10-22 12:00:00+00:00;873890.318;9.7562
2024-10-22 13:00:00+00:00;976732.168;9.7562
2024-10-22 14:00:00+00:00;1065762.179;9.7562
2024-10-22 15:00:00+00:00;1176069.031;9.7562
2024-10-22 16:00:00+00:00;1265773.793;9.4469
2024-10-22 17:00:00+00:00;1260262.69;8.7375
2024-10-22 18:00:00+00:00;1160934.026;8.7375
2024-10-22 19:00:00+00:00;1358778.795;8.7375
2024-10-22 20:00:00+00:00;1359723.238;8.7375
2024-10-22 21:00:00+00:00;1210938.118;8.7375
2024-10-22 22:00:00+00:00;1024010.613;8.7375
2024-10-22 23:00:00+00:00;933849.768;8.2875
2024-10-23 00:00:00+00:00;887410.073;7.7375
2024-10-23 01:00:00+00:00;860925.852;7.66875
2024-10-23 02:00:00+00:00;856996.512;7.05
2024-10-23 03:00:00+00:00;905595.174;7.05
2024-10-23 04:00:00+00:00;907317.693;7.05
2024-10-23 05:00:00+00:00;915148.061;7.05
2024-10-23 06:00:00+00:00;901056.181;7.05
2024-10-23 07:00:00+00:00;882479.717;7.05
2024-10-23 08:00:00+00:00;866501.023;7.063844999999999
2024-10-23 09:00:00+00:00;843097.228;8.05
2024-10-23 10:00:00+00:00;826664.451;8.05
2024-10-23 11:00:00+00:00;839090.933;8.05
2024-10-23 12:00:00+00:00;899228.312;8.05
2024-10-23 13:00:00+00:00;1006473.692;8.36962
2024-10-23 14:00:00+00:00;1117970.201;8.49792
2024-10-23 15:00:00+00:00;1257663.337;8.2125
2024-10-23 16:00:00+00:00;1364503.429;8.2125
2024-10-23 17:00:00+00:00;1360476.95;8.2125
2024-10-23 18:00:00+00:00;1250037.85;8.2125
2024-10-23 19:00:00+00:00;1442022.558;8.2125
2024-10-23 20:00:00+00:00;1434439.978;7.754040000000001
2024-10-23 21:00:00+00:00;1280114.912;7.1937
2024-10-23 22:00:00+00:00;1121028.847;7.1937
2024-10-23 23:00:00+00:00;1013743.071;7.1937
2024-10-24 00:00:00+00:00;942287.797;7.1937
2024-10-24 01:00:00+00:00;906855.568;6.24816
2024-10-24 02:00:00+00:00;913815.082;5.7404850000000005
2024-10-24 03:00:00+00:00;973185.498;5.012355
2024-10-24 04:00:00+00:00;967420.979;3.8390500000000003
2024-10-24 05:00:00+00:00;971329.644;2.709105
2024-10-24 06:00:00+00:00;943638.827;2.5563
2024-10-24 07:00:00+00:00;905200.209;4.08864
2024-10-24 08:00:00+00:00;873038.502;5.835115
2024-10-24 09:00:00+00:00;838960.219;6.4688
2024-10-24 10:00:00+00:00;810473.412;6.4688
2024-10-24 11:00:00+00:00;808928.425;6.4688
2024-10-24 12:00:00+00:00;843566.0;6.39941
2024-10-24 13:00:00+00:00;927628.401;5.9666049999999995
2024-10-24 14:00:00+00:00;1016567.76;5.285535
2024-10-24 15:00:00+00:00;1124691.656;3.95625
2024-10-24 16:00:00+00:00;1209550.788;3.85
2024-10-24 17:00:00+00:00;1248620.003;3.85
2024-10-24 18:00:00+00:00;1201880.884;3.85
2024-10-24 19:00:00+00:00;1417571.942;3.85
2024-10-24 20:00:00+00:00;1421004.915;3.85
2024-10-24 21:00:00+00:00;1264455.436;3.85
2024-10-24 22:00:00+00:00;1128360.206;3.85
2024-10-24 23:00:00+00:00;1054714.829;3.85
2024-10-25 00:00:00+00:00;999061.909;3.85
2024-10-25 01:00:00+00:00;968039.512;3.85
2024-10-25 02:00:00+00:00;956384.129;4.550749999999999
2024-10-25 03:00:00+00:00;993672.386;4.6
2024-10-25 04:00:00+00:00;985389.776;4.6
2024-10-25 05:00:00+00:00;993389.88;4.6
2024-10-25 06:00:00+00:00;970770.233;4.6
2024-10-25 07:00:00+00:00;949846.486;4.702724999999999
2024-10-25 08:00:00+00:00;943029.506;5.6375
2024-10-25 09:00:00+00:00;929710.076;5.974855
2024-10-25 10:00:00+00:00;919010.909;6.7375
2024-10-25 11:00:00+00:00;929608.112;6.7375
2024-10-25 12:00:00+00:00;976697.731;6.7375
2024-10-25 13:00:00+00:00;1057297.668;6.7375
2024-10-25 14:00:00+00:00;1139128.334;6.7375
2024-10-25 15:00:00+00:00;1249552.768;6.7375
2024-10-25 16:00:00+00:00;1356236.577;6.7375
2024-10-25 17:00:00+00:00;1331322.589;6.7375
2024-10-25 18:00:00+00:00;1255489.786;6.7375
2024-10-25 19:00:00+00:00;1482385.109;6.83813
2024-10-25 20:00:00+00:00;1473962.884;7.7438
2024-10-25 21:00:00+00:00;1303310.345;7.7438
2024-10-25 22:00:00+00:00;1126150.687;7.7438
2024-10-25 23:00:00+00:00;1008561.229;7.7438
2024-10-26 00:00:00+00:00;934065.671;7.7438
2024-10-26 01:00:00+00:00;892515.263;6.744095
2024-10-26 02:00:00+00:00;880129.284;5.65878
2024-10-26 03:00:00+00:00;895590.893;5.6813
2024-10-26 04:00:00+00:00;896955.04;4.855675
2024-10-26 05:00:00+00:00;973421.414;2.9112999999999998
2024-10-26 06:00:00+00:00;1020488.276;2.5438
2024-10-26 07:00:00+00:00;1022524.88;2.64629
2024-10-26 08:00:00+00:00;1015826.897;4.468815
2024-10-26 09:00:00+00:00;1001524.094;5.6438
2024-10-26 10:00:00+00:00;993975.146;5.6438
2024-10-26 11:00:00+00:00;1002275.251;6.54157
2024-10-26 12:00:00+00:00;1027428.055;6.7
2024-10-26 13:00:00+00:00;1092337.028;6.085
2024-10-26 14:00:00+00:00;1198693.807;4.217665
2024-10-26 15:00:00+00:00;1327206.622;2.4709849999999998
2024-10-26 16:00:00+00:00;1349518.602;1.475
2024-10-26 17:00:00+00:00;1292878.86;1.1521685000000002
2024-10-26 18:00:00+00:00;1231986.142;0.0
2024-10-26 19:00:00+00:00;1451776.986;0.0
2024-10-26 20:00:00+00:00;1482660.689;0.0
2024-10-26 21:00:00+00:00;1320825.69;0.0
2024-10-26 22:00:00+00:00;1151623.38;0.0
2024-10-26 23:00:00+00:00;1052763.714;0.0
2024-10-27 00:00:00+00:00;980907.773;-0.66625
2024-10-27 01:00:00+00:00;936746.696;-1.025
2024-10-27 02:00:00+00:00;919879.693;-1.025
2024-10-27 03:00:00+00:00;925228.921;-0.9478125000000001
2024-10-27 04:00:00+00:00;957760.517;-0.94375
2024-10-27 05:00:00+00:00;966008.061;-0.5828125
2024-10-27 06:00:00+00:00;1041356.984;0.5
2024-10-27 07:00:00+00:00;1098238.678;1.1570399999999998
2024-10-27 08:00:00+00:00;1132962.73;2.075
2024-10-27 09:00:00+00:00;1152120.238;2.6
2024-10-27 10:00:00+00:00;1146786.068;3.5191049999999997
2024-10-27 11:00:00+00:00;1139316.704;4.2963
2024-10-27 12:00:00+00:00;1141575.457;4.7063
2024-10-27 13:00:00+00:00;1169302.163;5.084719999999999
2024-10-27 14:00:00+00:00;1231627.15;5.7875
2024-10-27 15:00:00+00:00;1327740.179;6.57934
2024-10-27 16:00:00+00:00;1403156.67;6.8688
2024-10-27 17:00:00+00:00;1399330.209;7.4688
2024-10-27 18:00:00+00:00;1304347.646;7.8688
2024-10-27 19:00:00+00:00;1174168.961;7.8688
2024-10-27 20:00:00+00:00;1386333.774;7.8688
2024-10-27 21:00:00+00:00;1394484.886;7.8688
2024-10-27 22:00:00+00:00;1218796.587;7.8688
2024-10-27 23:00:00+00:00;1071843.756;7.8688
2024-10-28 00:00:00+00:00;982524.077;7.8688
2024-10-28 01:00:00+00:00;929312.884;7.8688
2024-10-28 02:00:00+00:00;891090.69;7.8688
2024-10-28 03:00:00+00:00;899304.215;8.195315
2024-10-28 04:00:00+00:00;978228.164;7.31473
2024-10-28 05:00:00+00:00;983209.756;7.1563
2024-10-28 06:00:00+00:00;974059.98;6.4615800000000005
2024-10-28 07:00:00+00:00;938777.985;6.0875
2024-10-28 08:00:00+00:00;915695.031;6.0875
2024-10-28 09:00:00+00:00;913038.707;6.0875
2024-10-28 10:00:00+00:00;901027.061;6.0875
2024-10-28 11:00:00+00:00;891844.324;6.0875
2024-10-28 12:00:00+00:00;917776.029;6.0875
2024-10-28 13:00:00+00:00;1003952.076;6.0875
2024-10-28 14:00:00+00:00;1144209.053;6.0875
2024-10-28 15:00:00+00:00;1254873.31;6.0875
2024-10-28 16:00:00+00:00;1316096.31;6.0875
2024-10-28 17:00:00+00:00;1374952.08;6.0875
2024-10-28 18:00:00+00:00;1378462.122;6.0875
2024-10-28 19:00:00+00:00;1299581.429;5.675020000000001
2024-10-28 20:00:00+00:00;1532499.144;5.0563
2024-10-28 21:00:00+00:00;1541280.944;5.0563
2024-10-28 22:00:00+00:00;1382945.474;5.0563
2024-10-28 23:00:00+00:00;1234413.817;5.0563
2024-10-29 00:00:00+00:00;1165000.281;5.0563
2024-10-29 01:00:00+00:00;1110395.998;5.0563
2024-10-29 02:00:00+00:00;1094325.961;5.0563
2024-10-29 03:00:00+00:00;1127229.073;4.71126
2024-10-29 04:00:00+00:00;1214845.054;4.625
2024-10-29 05:00:00+00:00;1202357.373;4.26625
2024-10-29 06:00:00+00:00;1155784.919;3.6
2024-10-29 07:00:00+00:00;1086571.247;3.8515749999999995
2024-10-29 08:00:00+00:00;1025245.086;4.6063
2024-10-29 09:00:00+00:00;988537.75;4.6063
2024-10-29 10:00:00+00:00;959961.265;4.6063
2024-10-29 11:00:00+00:00;954941.778;4.6063
2024-10-29 12:00:00+00:00;994230.955;4.6063
2024-10-29 13:00:00+00:00;1093311.423;4.2650500000000005
2024-10-29 14:00:00+00:00;1250377.937;3.4688000000000003
2024-10-29 15:00:00+00:00;1384455.788;3.4688000000000003
2024-10-29 16:00:00+00:00;1477594.821;3.4688000000000003
2024-10-29 17:00:00+00:00;1543888.304;2.4290399999999996
2024-10-29 18:00:00+00:00;1525691.151;2.4
2024-10-29 19:00:00+00:00;1414159.882;2.4
2024-10-29 20:00:00+00:00;1617956.561;2.4
2024-10-29 21:00:00+00:00;1592938.561;2.4
2024-10-29 22:00:00+00:00;1416696.206;3.09065
2024-10-29 23:00:00+00:00;1239596.893;4.03368
2024-10-30 00:00:00+00:00;1137766.515;5.5125
2024-10-30 01:00:00+00:00;1070689.839;5.5125
2024-10-30 02:00:00+00:00;1023891.274;5.5125
2024-10-30 03:00:00+00:00;1015325.13;5.900354999999999
2024-10-30 04:00:00+00:00;1079228.01;5.9688
2024-10-30 05:00:00+00:00;1064635.531;5.9688
2024-10-30 06:00:00+00:00;1050082.684;5.9688
2024-10-30 07:00:00+00:00;1011512.136;5.602539999999999
2024-10-30 08:00:00+00:00;988493.234;3.3197250000000005
2024-10-30 09:00:00+00:00;985836.575;3.2063
2024-10-30 10:00:00+00:00;974160.887;3.2063
2024-10-30 11:00:00+00:00;982319.327;3.2063
2024-10-30 12:00:00+00:00;1020652.664;3.2063
2024-10-30 13:00:00+00:00;1117008.391;3.2063
2024-10-30 14:00:00+00:00;1265263.09;2.1625
2024-10-30 15:00:00+00:00;1387858.308;2.1625
2024-10-30 16:00:00+00:00;1479589.343;2.1625
2024-10-30 17:00:00+00:00;1561848.589;2.1625
2024-10-30 18:00:00+00:00;1549895.95;2.1625
2024-10-30 19:00:00+00:00;1450356.087;1.6406500000000002
2024-10-30 20:00:00+00:00;1676666.607;1.1188
2024-10-30 21:00:00+00:00;1683251.893;1.00692
2024-10-30 22:00:00+00:00;1534908.733;0.0
2024-10-30 23:00:00+00:00;1407194.284;0.0
2024-10-31 00:00:00+00:00;1304723.624;-1.15435
2024-10-31 01:00:00+00:00;1231504.486;-2.1188
2024-10-31 02:00:00+00:00;1202755.845;-3.104425
2024-10-31 03:00:00+00:00;1220868.101;-3.17997
2024-10-31 04:00:00+00:00;1292665.782;-2.21344
2024-10-31 05:00:00+00:00;1270431.043;-2.1625
2024-10-31 06:00:00+00:00;1235559.906;-1.5918750000000002
2024-10-31 07:00:00+00:00;1180601.014;-0.508084
2024-10-31 08:00:00+00:00;1138536.864;0.40752
2024-10-31 09:00:00+00:00;1132620.816;1.0188
2024-10-31 10:00:00+00:00;1117131.085;1.9756600000000002
2024-10-31 11:00:00+00:00;1106320.274;1.60622
2024-10-31 12:00:00+00:00;1127823.219;1.3187
2024-10-31 13:00:00+00:00;1213339.621;0.188205
2024-10-31 14:00:00+00:00;1330255.804;-1.358745
2024-10-31 15:00:00+00:00;1414239.817;-2.1
2024-10-31 16:00:00+00:00;1477668.889;-2.7865949999999997
2024-10-31 17:00:00+00:00;1562754.107;-3.1563
2024-10-31 18:00:00+00:00;1583283.681;-3.1563
2024-10-31 19:00:00+00:00;1532585.52;-3.1563
2024-10-31 20:00:00+00:00;1772610.936;-3.1563
2024-10-31 21:00:00+00:00;1775334.607;-2.4063
2024-10-31 22:00:00+00:00;1607255.294;-2.2782999999999998
2024-10-31 23:00:00+00:00;1469930.875;-3.225
2024-11-01 00:00:00+00:00;1378977.539;-4.1937
2024-11-01 01:00:00+00:00;1330195.831;-4.847305
2024-11-01 02:00:00+00:00;1308609.546;-5.29594
2024-11-01 03:00:00+00:00;1321830.469;-5.9313
2024-11-01 04:00:00+00:00;1378217.14;-5.9313
2024-11-01 05:00:00+00:00;1364605.358;-5.9313
2024-11-01 06:00:00+00:00;1365558.941;-5.9313
2024-11-01 07:00:00+00:00;1344219.109;-5.9313
2024-11-01 08:00:00+00:00;1328716.573;-5.259835
2024-11-01 09:00:00+00:00;1328234.848;-3.550315
2024-11-01 10:00:00+00:00;1318696.502;-2.8
2024-11-01 11:00:00+00:00;1328533.382;-1.91277
2024-11-01 12:00:00+00:00;1362871.835;-1.7562000000000002
2024-11-01 13:00:00+00:00;1444418.444;-1.86995
2024-11-01 14:00:00+00:00;1568094.562;-2.8937
2024-11-01 15:00:00+00:00;1669954.131;-2.8937
2024-11-01 16:00:00+00:00;1738366.114;-2.8937
2024-11-01 17:00:00+00:00;1766068.201;-2.8937
2024-11-01 18:00:00+00:00;1719169.015;-2.8937
2024-11-01 19:00:00+00:00;1636770.877;-2.8937
2024-11-01 20:00:00+00:00;1902243.127;-2.8937
2024-11-01 21:00:00+00:00;1922922.579;-2.8937
2024-11-01 22:00:00+00:00;1749157.652;-2.8937
2024-11-01 23:00:00+00:00;1584339.885;-2.8937
2024-11-02 00:00:00+00:00;1494552.358;-2.42218
2024-11-02 01:00:00+00:00;1422228.649;-0.825
2024-11-02 02:00:00+00:00;1378006.036;-0.8143749999999998
2024-11-02 03:00:00+00:00;1350057.945;-0.93686
2024-11-02 04:00:00+00:00;1348944.657;-1.6937000000000002
2024-11-02 05:00:00+00:00;1320473.614;-1.6937000000000002
2024-11-02 06:00:00+00:00;1401060.854;-1.6937000000000002
2024-11-02 07:00:00+00:00;1459150.063;-1.6937000000000002
2024-11-02 08:00:00+00:00;1481414.589;-1.5805799999999999
2024-11-02 09:00:00+00:00;1487555.646;-0.5625
2024-11-02 10:00:00+00:00;1476653.322;0.34593749999999995
2024-11-02 11:00:00+00:00;1460308.303;0.50625
2024-11-02 12:00:00+00:00;1462439.025;0.50625
2024-11-02 13:00:00+00:00;1509643.114;0.302311
2024-11-02 14:00:00+00:00;1609853.964;-0.53125
2024-11-02 15:00:00+00:00;1719150.022;-0.53125
2024-11-02 16:00:00+00:00;1797036.957;-1.266865
2024-11-02 17:00:00+00:00;1828941.195;-3.1625
2024-11-02 18:00:00+00:00;1755518.056;-3.6812999999999994
2024-11-02 19:00:00+00:00;1646700.964;-3.6812999999999994
2024-11-02 20:00:00+00:00;1911284.052;-4.200049999999999
2024-11-02 21:00:00+00:00;1956896.508;-4.7188
2024-11-02 22:00:00+00:00;1800801.281;-4.7188
2024-11-02 23:00:00+00:00;1613666.63;-5.24375
2024-11-03 00:00:00+00:00;1504803.124;-5.7687
2024-11-03 01:00:00+00:00;1434882.484;-5.7687
2024-11-03 02:00:00+00:00;1387948.817;-5.674329999999999
2024-11-03 03:00:00+00:00;1360273.449;-4.825
2024-11-03 04:00:00+00:00;1353319.614;-4.772185
2024-11-03 05:00:00+00:00;1315745.089;-3.7687
2024-11-03 06:00:00+00:00;1384944.588;-3.7687
2024-11-03 07:00:00+00:00;1451198.825;-3.2125
2024-11-03 08:00:00+00:00;1493403.917;-2.6563
2024-11-03 09:00:00+00:00;1525402.706;-1.6969450000000001
2024-11-03 10:00:00+00:00;1523965.608;-1.085785
2024-11-03 11:00:00+00:00;1513206.45;-0.58125
2024-11-03 12:00:00+00:00;1509765.034;-0.58125
2024-11-03 13:00:00+00:00;1568185.96;-1.7188000000000003
2024-11-03 14:00:00+00:00;1640180.204;-2.638815
2024-11-03 15:00:00+00:00;1733205.307;-3.1240449999999997
2024-11-03 16:00:00+00:00;1814797.899;-3.8187000000000006
2024-11-03 17:00:00+00:00;1838729.91;-4.1537500000000005
2024-11-03 18:00:00+00:00;1765304.491;-4.8562
2024-11-03 19:00:00+00:00;1649509.256;-3.99978
2024-11-03 20:00:00+00:00;1880161.789;-3.75
2024-11-03 21:00:00+00:00;1895989.118;-3.75
2024-11-03 22:00:00+00:00;1769655.649;-3.4610849999999997
2024-11-03 23:00:00+00:00;1626302.236;-2.6875
2024-11-04 00:00:00+00:00;1511930.859;-2.6875
2024-11-04 01:00:00+00:00;1434412.137;-2.6875
2024-11-04 02:00:00+00:00;1402173.514;-2.656505
2024-11-04 03:00:00+00:00;1424339.5;-2.1375
2024-11-04 04:00:00+00:00;1499554.374;-2.1375
2024-11-04 05:00:00+00:00;1467999.809;-3.308115
2024-11-04 06:00:00+00:00;1441773.188;-4.1937
2024-11-04 07:00:00+00:00;1391965.213;-4.080579999999999
2024-11-04 08:00:00+00:00;1342890.053;-2.368595
2024-11-04 09:00:00+00:00;1309753.74;-1.6515625
2024-11-04 10:00:00+00:00;1269960.095;-0.98125
2024-11-04 11:00:00+00:00;1247526.083;0.134375
2024-11-04 12:00:00+00:00;1267509.958;0.50625
2024-11-04 13:00:00+00:00;1353608.414;0.290462
2024-11-04 14:00:00+00:00;1487759.102;-1.36996
2024-11-04 15:00:00+00:00;1570849.361;-1.5812
2024-11-04 16:00:00+00:00;1608866.152;-2.6437
2024-11-04 17:00:00+00:00;1651796.431;-2.6437
2024-11-04 18:00:00+00:00;1648444.383;-2.6437
2024-11-04 19:00:00+00:00;1591834.727;-2.6437
2024-11-04 20:00:00+00:00;1848406.711;-3.2212000000000005
2024-11-04 21:00:00+00:00;1849924.181;-4.283215
2024-11-04 22:00:00+00:00;1685428.59;-4.498425
2024-11-04 23:00:00+00:00;1540539.229;-3.7062
2024-11-05 00:00:00+00:00;1480646.132;-3.7062
2024-11-05 01:00:00+00:00;1408484.467;-2.95046
2024-11-05 02:00:00+00:00;1365827.041;-2.5989649999999997
2024-11-05 03:00:00+00:00;1349045.806;-2.05
2024-11-05 04:00:00+00:00;1371598.587;-2.05
2024-11-05 05:00:00+00:00;1313675.62;-1.175
2024-11-05 06:00:00+00:00;1269978.764;-0.95625
2024-11-05 07:00:00+00:00;1226781.728;-0.95625
2024-11-05 08:00:00+00:00;1203034.308;-0.16384850000000004
2024-11-05 09:00:00+00:00;1196095.074;0.5125
2024-11-05 10:00:00+00:00;1174081.226;0.5125
2024-11-05 11:00:00+00:00;1158920.146;0.5125
2024-11-05 12:00:00+00:00;1174929.257;0.5125
2024-11-05 13:00:00+00:00;1242783.309;0.5125
2024-11-05 14:00:00+00:00;1364707.676;0.5125
2024-11-05 15:00:00+00:00;1445238.425;0.5125
2024-11-05 16:00:00+00:00;1492250.001;0.5125
2024-11-05 17:00:00+00:00;1555582.528;0.5125
2024-11-05 18:00:00+00:00;1567282.854;0.5125
2024-11-05 19:00:00+00:00;1473040.567;0.5125
2024-11-05 20:00:00+00:00;1714330.832;0.5125
2024-11-05 21:00:00+00:00;1720759.202;0.5125
2024-11-05 22:00:00+00:00;1563088.562;1.415625
2024-11-05 23:00:00+00:00;1423334.935;1.575
2024-11-06 00:00:00+00:00;1333448.889;2.2925
2024-11-06 01:00:00+00:00;1240548.765;2.1022100000000004
2024-11-06 02:00:00+00:00;1176520.326;0.8662775
2024-11-06 03:00:00+00:00;1169549.802;0.9174999999999999
2024-11-06 04:00:00+00:00;1220400.307;1.525
2024-11-06 05:00:00+00:00;1176252.121;1.525
2024-11-06 06:00:00+00:00;1142097.679;1.525
2024-11-06 07:00:00+00:00;1107437.555;1.525
2024-11-06 08:00:00+00:00;1085872.385;2.29066
2024-11-06 09:00:00+00:00;1074725.752;2.6188
2024-11-06 10:00:00+00:00;1060157.349;3.228875
2024-11-06 11:00:00+00:00;1048831.842;3.65
2024-11-06 12:00:00+00:00;1069777.918;3.65
2024-11-06 13:00:00+00:00;1143287.284;3.65
2024-11-06 14:00:00+00:00;1266076.186;2.70973
2024-11-06 15:00:00+00:00;1363019.155;2.5438
2024-11-06 16:00:00+00:00;1414828.187;2.5438
2024-11-06 17:00:00+00:00;1484765.414;2.5438
2024-11-06 18:00:00+00:00;1480428.28;2.5438
2024-11-06 19:00:00+00:00;1401474.753;2.5438
2024-11-06 20:00:00+00:00;1641253.059;2.5438
2024-11-06 21:00:00+00:00;1642679.659;2.5438
2024-11-06 22:00:00+00:00;1482393.199;2.5438
2024-11-06 23:00:00+00:00;1335521.215;2.08272
2024-11-07 00:00:00+00:00;1250570.863;1.4875
2024-11-07 01:00:00+00:00;1192665.564;1.4875
2024-11-07 02:00:00+00:00;1149247.884;1.47062
2024-11-07 03:00:00+00:00;1130790.852;1.3187
2024-11-07 04:00:00+00:00;1172672.705;0.197805
2024-11-07 05:00:00+00:00;1144413.243;0.4312245
2024-11-07 06:00:00+00:00;1131145.276;0.54375
2024-11-07 07:00:00+00:00;1102397.956;1.5338625000000001
2024-11-07 08:00:00+00:00;1078727.557;2.6705300000000003
2024-11-07 09:00:00+00:00;1066649.94;3.68313
2024-11-07 10:00:00+00:00;1050336.437;4.0938
2024-11-07 11:00:00+00:00;1039783.447;4.93876
2024-11-07 12:00:00+00:00;1062975.071;5.15
2024-11-07 13:00:00+00:00;1147010.316;5.874205
2024-11-07 14:00:00+00:00;1263744.356;6.0625
2024-11-07 15:00:00+00:00;1330531.513;5.96125
2024-11-07 16:00:00+00:00;1367443.024;4.343125
2024-11-07 17:00:00+00:00;1438298.894;3.3283099999999997
2024-11-07 18:00:00+00:00;1444641.79;3.18125
2024-11-07 19:00:00+00:00;1380323.422;2.4867850000000002
2024-11-07 20:00:00+00:00;1628181.653;1.9125
2024-11-07 21:00:00+00:00;1633749.335;1.9125
2024-11-07 22:00:00+00:00;1462947.793;1.205625
2024-11-07 23:00:00+00:00;1308162.57;2.0922349999999996
2024-11-08 00:00:00+00:00;1235812.105;3.7550499999999998
2024-11-08 01:00:00+00:00;1192215.962;4.0813
2024-11-08 02:00:00+00:00;1157411.738;4.4194249999999995
2024-11-08 03:00:00+00:00;1142620.556;5.6563
2024-11-08 04:00:00+00:00;1180219.771;5.76192
2024-11-08 05:00:00+00:00;1153154.939;6.7125
2024-11-08 06:00:00+00:00;1149706.125;6.7125
2024-11-08 07:00:00+00:00;1125808.167;6.926260000000001
2024-11-08 08:00:00+00:00;1100581.397;7.7813
2024-11-08 09:00:00+00:00;1088570.847;7.7813
2024-11-08 10:00:00+00:00;1065731.573;7.7813
2024-11-08 11:00:00+00:00;1062249.587;7.7813
2024-11-08 12:00:00+00:00;1103831.218;8.784690000000001
2024-11-08 13:00:00+00:00;1191053.935;8.682820000000001
2024-11-08 14:00:00+00:00;1313962.87;7.8063
2024-11-08 15:00:00+00:00;1412539.924;8.42502
2024-11-08 16:00:00+00:00;1495221.173;8.8375
2024-11-08 17:00:00+00:00;1537692.095;8.8375
2024-11-08 18:00:00+00:00;1506872.745;8.8375
2024-11-08 19:00:00+00:00;1411687.663;8.8375
2024-11-08 20:00:00+00:00;1668951.301;8.8375
2024-11-08 21:00:00+00:00;1671294.919;7.90375
2024-11-08 22:00:00+00:00;1486465.375;7.8
2024-11-08 23:00:00+00:00;1347448.831;7.8
2024-11-09 00:00:00+00:00;1240984.401;7.8
2024-11-09 01:00:00+00:00;1147377.957;7.8
2024-11-09 02:00:00+00:00;1082018.199;7.8
2024-11-09 03:00:00+00:00;1053466.869;7.8
2024-11-09 04:00:00+00:00;1059572.306;7.8
2024-11-09 05:00:00+00:00;1046243.589;7.8
2024-11-09 06:00:00+00:00;1128472.804;7.54845
2024-11-09 07:00:00+00:00;1184078.889;6.7938
2024-11-09 08:00:00+00:00;1206594.003;6.7938
2024-11-09 09:00:00+00:00;1206486.176;6.7938
2024-11-09 10:00:00+00:00;1197494.542;6.7938
2024-11-09 11:00:00+00:00;1186727.622;6.7938
2024-11-09 12:00:00+00:00;1201850.273;6.086925
2024-11-09 13:00:00+00:00;1263701.405;4.43285
2024-11-09 14:00:00+00:00;1368649.27;3.4850000000000003
2024-11-09 15:00:00+00:00;1480970.306;2.2922000000000002
2024-11-09 16:00:00+00:00;1575220.712;1.18504
2024-11-09 17:00:00+00:00;1590514.965;0.0
2024-11-09 18:00:00+00:00;1504012.997;-0.8014940000000002
2024-11-09 19:00:00+00:00;1397255.083;-1.0375
2024-11-09 20:00:00+00:00;1648742.791;-1.507165
2024-11-09 21:00:00+00:00;1686905.492;-2.0812
2024-11-09 22:00:00+00:00;1531800.022;-2.0812
2024-11-09 23:00:00+00:00;1385652.249;-2.0812
2024-11-10 00:00:00+00:00;1309835.267;-2.8968249999999998
2024-11-10 01:00:00+00:00;1247986.78;-3.1687
2024-11-10 02:00:00+00:00;1214449.309;-3.5721
2024-11-10 03:00:00+00:00;1189334.664;-4.3125
2024-11-10 04:00:00+00:00;1188367.349;-4.3125
2024-11-10 05:00:00+00:00;1183421.991;-4.3125
2024-11-10 06:00:00+00:00;1291132.078;-4.3125
2024-11-10 07:00:00+00:00;1368263.757;-4.3125
2024-11-10 08:00:00+00:00;1404993.271;-4.3125
2024-11-10 09:00:00+00:00;1419748.148;-3.6712800000000003
2024-11-10 10:00:00+00:00;1404179.1;-3.2437999999999994
2024-11-10 11:00:00+00:00;1381312.31;-2.693345
2024-11-10 12:00:00+00:00;1383781.111;-2.1437
2024-11-10 13:00:00+00:00;1408165.485;-2.8140449999999997
2024-11-10 14:00:00+00:00;1474488.615;-3.4862499999999996
2024-11-10 15:00:00+00:00;1545694.578;-4.2125
2024-11-10 16:00:00+00:00;1619608.831;-4.2125
2024-11-10 17:00:00+00:00;1658838.509;-3.246175
2024-11-10 18:00:00+00:00;1619091.543;-3.2
2024-11-10 19:00:00+00:00;1533951.795;-3.2
2024-11-10 20:00:00+00:00;1765477.143;-3.2
2024-11-10 21:00:00+00:00;1800803.405;-3.2
2024-11-10 22:00:00+00:00;1656055.225;-3.2
2024-11-10 23:00:00+00:00;1525602.879;-2.90135
2024-11-11 00:00:00+00:00;1414816.665;-2.1875
2024-11-11 01:00:00+00:00;1350938.61;-2.1875
2024-11-11 02:00:00+00:00;1293885.717;-2.190935
2024-11-11 03:00:00+00:00;1274453.349;-2.2562
2024-11-11 04:00:00+00:00;1314225.104;-2.2562
2024-11-11 05:00:00+00:00;1277233.511;-2.2562
2024-11-11 06:00:00+00:00;1256342.36;-2.2562
2024-11-11 07:00:00+00:00;1227357.688;-2.2562
2024-11-11 08:00:00+00:00;1209743.069;-2.2562
2024-11-11 09:00:00+00:00;1210600.705;-1.5859200000000002
2024-11-11 10:00:00+00:00;1200595.831;-1.225
2024-11-11 11:00:00+00:00;1195367.842;-0.6125
2024-11-11 12:00:00+00:00;1216999.139;0.0
2024-11-11 13:00:00+00:00;1288031.544;0.0
2024-11-11 14:00:00+00:00;1396336.958;0.0
2024-11-11 15:00:00+00:00;1452615.677;0.0
2024-11-11 16:00:00+00:00;1487443.336;0.0
2024-11-11 17:00:00+00:00;1531618.432;0.0
2024-11-11 18:00:00+00:00;1524235.991;0.0
2024-11-11 19:00:00+00:00;1449632.825;0.0
2024-11-11 20:00:00+00:00;1691724.62;0.0
2024-11-11 21:00:00+00:00;1692426.066;0.0
2024-11-11 22:00:00+00:00;1535152.022;0.0
2024-11-11 23:00:00+00:00;1396076.068;0.0
2024-11-12 00:00:00+00:00;1325362.612;0.0
2024-11-12 01:00:00+00:00;1267666.689;0.0
2024-11-12 02:00:00+00:00;1208359.735;0.075
2024-11-12 03:00:00+00:00;1197676.499;0.75
2024-11-12 04:00:00+00:00;1245054.748;0.75
2024-11-12 05:00:00+00:00;1203554.89;0.75
2024-11-12 06:00:00+00:00;1185186.661;0.75
2024-11-12 07:00:00+00:00;1168504.555;0.75
2024-11-12 08:00:00+00:00;1163109.65;0.75
2024-11-12 09:00:00+00:00;1161212.508;1.7400000000000002
2024-11-12 10:00:00+00:00;1141342.155;1.85
2024-11-12 11:00:00+00:00;1141072.975;1.85
2024-11-12 12:00:00+00:00;1172168.42;1.85
2024-11-12 13:00:00+00:00;1268170.439;1.85
2024-11-12 14:00:00+00:00;1389871.566;1.6059350000000001
2024-11-12 15:00:00+00:00;1437776.634;1.6
2024-11-12 16:00:00+00:00;1454299.118;1.6
2024-11-12 17:00:00+00:00;1501477.667;1.6
2024-11-12 18:00:00+00:00;1503172.187;1.6
2024-11-12 19:00:00+00:00;1428529.048;1.6
2024-11-12 20:00:00+00:00;1677331.793;1.6
2024-11-12 21:00:00+00:00;1690162.083;1.6
2024-11-12 22:00:00+00:00;1527408.152;1.6
2024-11-12 23:00:00+00:00;1425608.735;1.6
2024-11-13 00:00:00+00:00;1345506.521;1.6
2024-11-13 01:00:00+00:00;1300743.609;1.6
2024-11-13 02:00:00+00:00;1273041.145;1.5433750000000002
2024-11-13 03:00:00+00:00;1254112.353;1.2813
2024-11-13 04:00:00+00:00;1282366.299;1.2813
2024-11-13 05:00:00+00:00;1239867.936;2.02505
2024-11-13 06:00:00+00:00;1228439.919;2.396925
2024-11-13 07:00:00+00:00;1193321.145;3.4063000000000003
2024-11-13 08:00:00+00:00;1190398.315;4.362550000000001
2024-11-13 09:00:00+00:00;1191319.295;5.470979999999999
2024-11-13 10:00:00+00:00;1179064.039;6.6
2024-11-13 11:00:00+00:00;1175156.657;6.6
2024-11-13 12:00:00+00:00;1188783.614;6.6
2024-11-13 13:00:00+00:00;1253217.428;6.2322049999999996
2024-11-13 14:00:00+00:00;1361457.64;5.5625
2024-11-13 15:00:00+00:00;1430088.652;5.5625
2024-11-13 16:00:00+00:00;1513092.965;5.5625
2024-11-13 17:00:00+00:00;1575986.325;5.5625
2024-11-13 18:00:00+00:00;1555747.137;5.5625
2024-11-13 19:00:00+00:00;1448344.596;5.5625
2024-11-13 20:00:00+00:00;1688571.79;5.5625
2024-11-13 21:00:00+00:00;1684237.119;5.5625
2024-11-13 22:00:00+00:00;1518670.757;5.1425
2024-11-13 23:00:00+00:00;1388507.963;4.5125
2024-11-14 00:00:00+00:00;1291039.524;4.5125
2024-11-14 01:00:00+00:00;1202974.415;4.5125
2024-11-14 02:00:00+00:00;1151418.4;4.52813
2024-11-14 03:00:00+00:00;1147663.091;4.6688
2024-11-14 04:00:00+00:00;1201648.709;4.6688
2024-11-14 05:00:00+00:00;1184051.081;4.6688
2024-11-14 06:00:00+00:00;1188539.72;4.453799999999999
2024-11-14 07:00:00+00:00;1166405.562;3.5938000000000003
2024-11-14 08:00:00+00:00;1143443.947;3.5938000000000003
2024-11-14 09:00:00+00:00;1132398.492;3.5938000000000003
2024-11-14 10:00:00+00:00;1119502.074;3.5938000000000003
2024-11-14 11:00:00+00:00;1119629.61;3.5938000000000003
2024-11-14 12:00:00+00:00;1161168.022;3.5938000000000003
2024-11-14 13:00:00+00:00;1265424.074;3.5938000000000003
2024-11-14 14:00:00+00:00;1411079.626;3.541925
2024-11-14 15:00:00+00:00;1496889.9;2.5563
2024-11-14 16:00:00+00:00;1568465.586;2.5563
2024-11-14 17:00:00+00:00;1638584.797;1.9038
2024-11-14 18:00:00+00:00;1637829.189;1.4688
2024-11-14 19:00:00+00:00;1552658.55;1.4688
2024-11-14 20:00:00+00:00;1788466.381;2.19498
2024-11-14 21:00:00+00:00;1787200.692;2.5062
2024-11-14 22:00:00+00:00;1607755.551;2.5062
2024-11-14 23:00:00+00:00;1463172.982;2.5062
2024-11-15 00:00:00+00:00;1388187.829;2.5062
2024-11-15 01:00:00+00:00;1323653.354;2.1001800000000004
2024-11-15 02:00:00+00:00;1274214.213;0.07344
2024-11-15 03:00:00+00:00;1273571.912;0.0
2024-11-15 04:00:00+00:00;1320968.279;0.0
2024-11-15 05:00:00+00:00;1294733.525;0.2547
2024-11-15 06:00:00+00:00;1285327.304;1.0188
2024-11-15 07:00:00+00:00;1248673.277;1.0188
2024-11-15 08:00:00+00:00;1210793.829;1.43628
2024-11-15 09:00:00+00:00;1199035.651;2.0625
2024-11-15 10:00:00+00:00;1195420.511;3.089735
2024-11-15 11:00:00+00:00;1200708.4;3.3031750000000004
2024-11-15 12:00:00+00:00;1227767.793;4.26506
2024-11-15 13:00:00+00:00;1301283.07;5.25
2024-11-15 14:00:00+00:00;1401929.348;5.25
2024-11-15 15:00:00+00:00;1468305.332;6.17817
2024-11-15 16:00:00+00:00;1525458.687;6.2813
2024-11-15 17:00:00+00:00;1559666.084;6.2813
2024-11-15 18:00:00+00:00;1517423.095;6.601925
2024-11-15 19:00:00+00:00;1444328.496;6.9938
2024-11-15 20:00:00+00:00;1713928.647;6.9938
2024-11-15 21:00:00+00:00;1721613.305;6.9938
2024-11-15 22:00:00+00:00;1546972.659;6.9938
2024-11-15 23:00:00+00:00;1364352.854;6.9938
2024-11-16 00:00:00+00:00;1254262.709;6.9938
2024-11-16 01:00:00+00:00;1203079.923;6.9938
2024-11-16 02:00:00+00:00;1141293.697;6.0005250000000006
2024-11-16 03:00:00+00:00;1103208.489;5.5687
2024-11-16 04:00:00+00:00;1090916.425;5.5687
2024-11-16 05:00:00+00:00;1053973.183;5.5687
2024-11-16 06:00:00+00:00;1121739.918;5.5687
2024-11-16 07:00:00+00:00;1177753.62;5.5687
2024-11-16 08:00:00+00:00;1212524.444;5.5687
2024-11-16 09:00:00+00:00;1232851.539;5.5687
2024-11-16 10:00:00+00:00;1237635.553;5.5687
2024-11-16 11:00:00+00:00;1231633.57;5.5687
2024-11-16 12:00:00+00:00;1249072.005;5.5687
2024-11-16 13:00:00+00:00;1309976.789;4.65659
2024-11-16 14:00:00+00:00;1419266.9;3.45
2024-11-16 15:00:00+00:00;1529491.019;3.45
2024-11-16 16:00:00+00:00;1627585.84;3.45
2024-11-16 17:00:00+00:00;1642284.351;2.72816
2024-11-16 18:00:00+00:00;1561651.412;2.4188
2024-11-16 19:00:00+00:00;1480604.645;2.4188
2024-11-16 20:00:00+00:00;1736850.344;2.4188
2024-11-16 21:00:00+00:00;1765347.463;2.256605
2024-11-16 22:00:00+00:00;1598605.461;1.3375
2024-11-16 23:00:00+00:00;1447419.245;1.003125
2024-11-17 00:00:00+00:00;1339720.94;0.0
2024-11-17 01:00:00+00:00;1246057.273;0.0
2024-11-17 02:00:00+00:00;1183205.754;0.0
2024-11-17 03:00:00+00:00;1155130.812;0.0
2024-11-17 04:00:00+00:00;1154069.956;0.0
2024-11-17 05:00:00+00:00;1129482.238;0.0
2024-11-17 06:00:00+00:00;1214003.533;0.0
2024-11-17 07:00:00+00:00;1288352.201;0.0
2024-11-17 08:00:00+00:00;1324236.929;0.0
2024-11-17 09:00:00+00:00;1342182.399;0.6225
2024-11-17 10:00:00+00:00;1336856.257;1.0375
2024-11-17 11:00:00+00:00;1331672.408;1.0375
2024-11-17 12:00:00+00:00;1344344.755;0.8818750000000002
2024-11-17 13:00:00+00:00;1390774.231;0.0
2024-11-17 14:00:00+00:00;1464773.676;-0.271875
2024-11-17 15:00:00+00:00;1533276.185;-0.54375
2024-11-17 16:00:00+00:00;1610426.553;-0.54375
2024-11-17 17:00:00+00:00;1636633.364;-0.54375
2024-11-17 18:00:00+00:00;1575974.985;-0.851235
2024-11-17 19:00:00+00:00;1491440.543;-1.4655799999999999
2024-11-17 20:00:00+00:00;1724380.581;-0.5375
2024-11-17 21:00:00+00:00;1744936.018;-0.5375
2024-11-17 22:00:00+00:00;1600065.592;-0.5375
2024-11-17 23:00:00+00:00;1503207.357;-0.5375
2024-11-18 00:00:00+00:00;1399545.55;-0.5375
2024-11-18 01:00:00+00:00;1316715.927;-0.5375
2024-11-18 02:00:00+00:00;1280308.356;-0.55625
2024-11-18 03:00:00+00:00;1291505.472;-0.6625
2024-11-18 04:00:00+00:00;1350037.328;-0.6625
2024-11-18 05:00:00+00:00;1318880.887;-0.6625
2024-11-18 06:00:00+00:00;1305842.761;-0.6625
2024-11-18 07:00:00+00:00;1279069.98;-1.15957
2024-11-18 08:00:00+00:00;1263163.64;-1.6937000000000002
2024-11-18 09:00:00+00:00;1264832.237;-1.6937000000000002
2024-11-18 10:00:00+00:00;1254976.187;-1.6937000000000002
2024-11-18 11:00:00+00:00;1256067.469;-1.187475
2024-11-18 12:00:00+00:00;1297246.703;-0.68125
2024-11-18 13:00:00+00:00;1377372.468;-0.68125
2024-11-18 14:00:00+00:00;1491993.283;-0.68125
2024-11-18 15:00:00+00:00;1544491.966;-0.68125
2024-11-18 16:00:00+00:00;1576737.941;-0.68125
2024-11-18 17:00:00+00:00;1623684.051;-0.68125
2024-11-18 18:00:00+00:00;1623732.896;-0.68125
2024-11-18 19:00:00+00:00;1585423.281;-0.68125
2024-11-18 20:00:00+00:00;1862109.302;-0.68125
2024-11-18 21:00:00+00:00;1876426.382;-0.68125
2024-11-18 22:00:00+00:00;1743711.485;-0.68125
2024-11-18 23:00:00+00:00;1558090.72;-1.3596875000000002
2024-11-19 00:00:00+00:00;1462705.207;-2.42934
2024-11-19 01:00:00+00:00;1405002.437;-2.7312
2024-11-19 02:00:00+00:00;1399311.768;-2.7369
2024-11-19 03:00:00+00:00;1414647.683;-3.325
2024-11-19 04:00:00+00:00;1471647.577;-3.325
2024-11-19 05:00:00+00:00;1431586.011;-3.325
2024-11-19 06:00:00+00:00;1412314.489;-3.325
2024-11-19 07:00:00+00:00;1385197.997;-3.325
2024-11-19 08:00:00+00:00;1367601.352;-2.775684210526316
2024-11-19 09:00:00+00:00;1358523.973;-2.032652631578947
2024-11-19 10:00:00+00:00;1338187.259;-1.7375
2024-11-19 11:00:00+00:00;1330232.273;-1.5501
2024-11-19 12:00:00+00:00;1361279.178;-0.725
2024-11-19 13:00:00+00:00;1446202.961;-0.725
2024-11-19 14:00:00+00:00;1567695.646;-0.725
2024-11-19 15:00:00+00:00;1629259.706;-0.725
2024-11-19 16:00:00+00:00;1681819.705;-0.725
2024-11-19 17:00:00+00:00;1743414.802;-0.725
2024-11-19 18:00:00+00:00;1749519.706;-0.725
2024-11-19 19:00:00+00:00;1691939.322;-0.725
2024-11-19 20:00:00+00:00;1945719.421;-0.725
2024-11-19 21:00:00+00:00;1970264.252;-1.148715
2024-11-19 22:00:00+00:00;1811040.056;-1.7375
2024-11-19 23:00:00+00:00;1653745.384;-1.7375
2024-11-20 00:00:00+00:00;1570046.489;-1.7375
2024-11-20 01:00:00+00:00;1522840.879;-1.7375
2024-11-20 02:00:00+00:00;1507800.29;-2.6993350000000005
2024-11-20 03:00:00+00:00;1502814.457;-3.6563000000000003
2024-11-20 04:00:00+00:00;1541151.054;-3.6563000000000003
2024-11-20 05:00:00+00:00;1478605.672;-3.6563000000000003
2024-11-20 06:00:00+00:00;1453776.821;-3.6563000000000003
2024-11-20 07:00:00+00:00;1425868.006;-3.6563000000000003
2024-11-20 08:00:00+00:00;1425882.583;-3.0534499999999998
2024-11-20 09:00:00+00:00;1444779.464;-2.65
2024-11-20 10:00:00+00:00;1453259.69;-2.65
2024-11-20 11:00:00+00:00;1459193.072;-2.65
2024-11-20 12:00:00+00:00;1491037.502;-2.7918849999999997
2024-11-20 13:00:00+00:00;1586314.337;-4.52626
2024-11-20 14:00:00+00:00;1737578.576;-5.567500000000001
2024-11-20 15:00:00+00:00;1844819.164;-5.775
2024-11-20 16:00:00+00:00;1896395.705;-6.17624
2024-11-20 17:00:00+00:00;1962755.875;-6.7625
2024-11-20 18:00:00+00:00;1943575.718;-6.7625
2024-11-20 19:00:00+00:00;1862166.932;-6.7625
2024-11-20 20:00:00+00:00;2135386.067;-6.7625
2024-11-20 21:00:00+00:00;2145796.266;-6.603265
2024-11-20 22:00:00+00:00;1968765.035;-5.75
2024-11-20 23:00:00+00:00;1772416.275;-5.75
2024-11-21 00:00:00+00:00;1656923.324;-5.75
2024-11-21 01:00:00+00:00;1572932.686;-5.53374
2024-11-21 02:00:00+00:00;1530953.124;-4.6687
2024-11-21 03:00:00+00:00;1545589.233;-4.4063
2024-11-21 04:00:00+00:00;1602148.886;-4.4063
2024-11-21 05:00:00+00:00;1520517.483;-4.4063
2024-11-21 06:00:00+00:00;1497324.811;-4.4063
2024-11-21 07:00:00+00:00;1478460.894;-4.296889999999999
2024-11-21 08:00:00+00:00;1473352.703;-4.25
2024-11-21 09:00:00+00:00;1481796.057;-4.25
2024-11-21 10:00:00+00:00;1477503.479;-4.25
2024-11-21 11:00:00+00:00;1478377.803;-4.25
2024-11-21 12:00:00+00:00;1495102.922;-4.25
2024-11-21 13:00:00+00:00;1569554.306;-4.25
2024-11-21 14:00:00+00:00;1673551.123;-4.25
2024-11-21 15:00:00+00:00;1722885.777;-4.25
2024-11-21 16:00:00+00:00;1767397.101;-4.27967
2024-11-21 17:00:00+00:00;1824616.502;-4.5125
2024-11-21 18:00:00+00:00;1832272.842;-4.5125
2024-11-21 19:00:00+00:00;1779083.537;-4.5125
2024-11-21 20:00:00+00:00;2040328.712;-4.5125
2024-11-21 21:00:00+00:00;2045205.72;-3.8299999999999996
2024-11-21 22:00:00+00:00;1918833.248;-3.4625
2024-11-21 23:00:00+00:00;1744302.607;-3.4625
2024-11-22 00:00:00+00:00;1638210.42;-3.4625
2024-11-22 01:00:00+00:00;1555873.688;-3.4625
2024-11-22 02:00:00+00:00;1510065.091;-3.4625
2024-11-22 03:00:00+00:00;1520295.472;-2.862765
2024-11-22 04:00:00+00:00;1582107.337;-2.8312
2024-11-22 05:00:00+00:00;1545457.913;-2.8312
2024-11-22 06:00:00+00:00;1540602.178;-2.8312
2024-11-22 07:00:00+00:00;1520017.9;-2.8312
2024-11-22 08:00:00+00:00;1517928.18;-2.8312
2024-11-22 09:00:00+00:00;1520988.302;-2.8312
2024-11-22 10:00:00+00:00;1513699.024;-1.8918700000000002
2024-11-22 11:00:00+00:00;1514701.907;-1.7875
2024-11-22 12:00:00+00:00;1554672.93;-1.7875
2024-11-22 13:00:00+00:00;1635106.458;-1.7875
2024-11-22 14:00:00+00:00;1745176.48;-1.7875
2024-11-22 15:00:00+00:00;1811615.595;-1.7875
2024-11-22 16:00:00+00:00;1873404.497;-1.7875
2024-11-22 17:00:00+00:00;1910630.325;-1.7875
2024-11-22 18:00:00+00:00;1892993.991;-2.4782200000000003
2024-11-22 19:00:00+00:00;1851081.961;-2.8875
2024-11-22 20:00:00+00:00;2117606.857;-2.8875
2024-11-22 21:00:00+00:00;2152928.791;-2.8875
2024-11-22 22:00:00+00:00;1992848.192;-2.8875
2024-11-22 23:00:00+00:00;1840110.386;-2.8875
2024-11-23 00:00:00+00:00;1757243.854;-2.8875
2024-11-23 01:00:00+00:00;1705489.486;-2.8875
2024-11-23 02:00:00+00:00;1684742.826;-2.8875
2024-11-23 03:00:00+00:00;1674358.702;-2.525265
2024-11-23 04:00:00+00:00;1682238.473;-2.5062
2024-11-23 05:00:00+00:00;1640971.017;-2.5062
2024-11-23 06:00:00+00:00;1711065.021;-2.7702
2024-11-23 07:00:00+00:00;1780983.303;-3.525
2024-11-23 08:00:00+00:00;1805253.982;-3.525
2024-11-23 09:00:00+00:00;1811357.273;-3.525
2024-11-23 10:00:00+00:00;1791615.803;-3.525
2024-11-23 11:00:00+00:00;1794833.505;-3.525
2024-11-23 12:00:00+00:00;1813735.96;-3.525
2024-11-23 13:00:00+00:00;1844291.288;-3.525
2024-11-23 14:00:00+00:00;1928681.847;-3.525
2024-11-23 15:00:00+00:00;2029672.184;-3.525
2024-11-23 16:00:00+00:00;2110548.804;-2.8174699999999997
2024-11-23 17:00:00+00:00;2115767.167;-2.525
2024-11-23 18:00:00+00:00;2026041.567;-2.525
2024-11-23 19:00:00+00:00;1929826.141;-2.525
2024-11-23 20:00:00+00:00;2170258.404;-2.525
2024-11-23 21:00:00+00:00;2215075.245;-2.525
2024-11-23 22:00:00+00:00;2059142.934;-2.0524999999999998
2024-11-23 23:00:00+00:00;1905037.853;-1.475
2024-11-24 00:00:00+00:00;1815733.457;-1.475
2024-11-24 01:00:00+00:00;1763102.549;-1.475
2024-11-24 02:00:00+00:00;1699710.056;-1.9909100000000002
2024-11-24 03:00:00+00:00;1663080.693;-2.525
2024-11-24 04:00:00+00:00;1640272.538;-2.525
2024-11-24 05:00:00+00:00;1579346.301;-2.525
2024-11-24 06:00:00+00:00;1667001.306;-2.525
2024-11-24 07:00:00+00:00;1760879.269;-2.525
2024-11-24 08:00:00+00:00;1812846.012;-1.4875
2024-11-24 09:00:00+00:00;1821247.462;0.0
2024-11-24 10:00:00+00:00;1795154.456;0.0
2024-11-24 11:00:00+00:00;1772032.24;0.0
2024-11-24 12:00:00+00:00;1787788.608;0.0
2024-11-24 13:00:00+00:00;1845995.482;-0.36750000000000005
2024-11-24 14:00:00+00:00;1926183.776;0.0
2024-11-24 15:00:00+00:00;1985548.224;-0.570625
2024-11-24 16:00:00+00:00;2043799.524;-1.51
2024-11-24 17:00:00+00:00;2031565.812;-2.0875
2024-11-24 18:00:00+00:00;1927334.053;-2.0875
2024-11-24 19:00:00+00:00;1809253.399;-2.0875
2024-11-24 20:00:00+00:00;2042963.451;-2.0875
2024-11-24 21:00:00+00:00;2047556.198;-2.0875
2024-11-24 22:00:00+00:00;1884585.059;-1.9903600000000001
2024-11-24 23:00:00+00:00;1752420.088;-1.0687
2024-11-25 00:00:00+00:00;1655131.523;-1.0687
2024-11-25 01:00:00+00:00;1573267.537;-0.96183
2024-11-25 02:00:00+00:00;1521862.86;0.0
2024-11-25 03:00:00+00:00;1489698.965;0.0
2024-11-25 04:00:00+00:00;1522892.787;0.0
2024-11-25 05:00:00+00:00;1452952.917;0.0
2024-11-25 06:00:00+00:00;1423985.269;0.0
2024-11-25 07:00:00+00:00;1393419.088;0.09042449999999999
2024-11-25 08:00:00+00:00;1376909.474;1.0438
2024-11-25 09:00:00+00:00;1374570.271;1.0438
2024-11-25 10:00:00+00:00;1356960.871;2.0174550000000004
2024-11-25 11:00:00+00:00;1341034.563;2.0687
2024-11-25 12:00:00+00:00;1347280.569;2.81245
2024-11-25 13:00:00+00:00;1405058.717;3.1312
2024-11-25 14:00:00+00:00;1494674.424;3.96128
2024-11-25 15:00:00+00:00;1534196.042;4.1688
2024-11-25 16:00:00+00:00;1566618.996;4.1688
2024-11-25 17:00:00+00:00;1608364.144;4.1688
2024-11-25 18:00:00+00:00;1590596.483;4.1688
2024-11-25 19:00:00+00:00;1503493.738;4.1688
2024-11-25 20:00:00+00:00;1744119.195;4.1688
2024-11-25 21:00:00+00:00;1726098.092;4.1688
2024-11-25 22:00:00+00:00;1547211.829;4.1688
2024-11-25 23:00:00+00:00;1404218.653;4.1688
2024-11-26 00:00:00+00:00;1322661.882;4.89217
2024-11-26 01:00:00+00:00;1226172.053;5.2625
2024-11-26 02:00:00+00:00;1173838.08;5.2625
2024-11-26 03:00:00+00:00;1164136.959;5.411244999999999
2024-11-26 04:00:00+00:00;1210939.233;5.425
2024-11-26 05:00:00+00:00;1172677.721;5.425
2024-11-26 06:00:00+00:00;1170481.678;5.425
2024-11-26 07:00:00+00:00;1151456.896;5.425
2024-11-26 08:00:00+00:00;1143610.076;5.425
2024-11-26 09:00:00+00:00;1146554.361;5.425
2024-11-26 10:00:00+00:00;1139264.947;5.425
2024-11-26 11:00:00+00:00;1137235.582;5.425
2024-11-26 12:00:00+00:00;1165635.261;5.425
2024-11-26 13:00:00+00:00;1250032.609;5.425
2024-11-26 14:00:00+00:00;1365168.348;5.425
2024-11-26 15:00:00+00:00;1422255.29;5.425
2024-11-26 16:00:00+00:00;1466210.97;4.674055
2024-11-26 17:00:00+00:00;1528430.782;3.42308
2024-11-26 18:00:00+00:00;1527630.656;3.0562250000000004
2024-11-26 19:00:00+00:00;1452419.019;2.2688
2024-11-26 20:00:00+00:00;1679159.232;2.2688
2024-11-26 21:00:00+00:00;1699068.134;1.578175
2024-11-26 22:00:00+00:00;1553028.539;1.2063
2024-11-26 23:00:00+00:00;1367245.377;0.212675
2024-11-27 00:00:00+00:00;1257762.32;-0.51875
2024-11-27 01:00:00+00:00;1181449.435;-1.232515
2024-11-27 02:00:00+00:00;1143149.8;-2.12308
2024-11-27 03:00:00+00:00;1149613.757;-1.4437
2024-11-27 04:00:00+00:00;1205164.007;-1.4437
2024-11-27 05:00:00+00:00;1161979.164;-1.4437
2024-11-27 06:00:00+00:00;1155469.758;-1.4437
2024-11-27 07:00:00+00:00;1138999.983;-2.4175449999999996
2024-11-27 08:00:00+00:00;1131043.738;-2.4688
2024-11-27 09:00:00+00:00;1139064.93;-2.4688
2024-11-27 10:00:00+00:00;1134266.798;-2.4688
2024-11-27 11:00:00+00:00;1138803.524;-2.4688
2024-11-27 12:00:00+00:00;1171374.126;-2.9714199999999997
2024-11-27 13:00:00+00:00;1249014.775;-4.04221
2024-11-27 14:00:00+00:00;1349080.919;-4.6125
2024-11-27 15:00:00+00:00;1405958.277;-4.6125
2024-11-27 16:00:00+00:00;1459239.298;-5.38125
2024-11-27 17:00:00+00:00;1524699.341;-5.6375
2024-11-27 18:00:00+00:00;1526081.681;-5.6375
2024-11-27 19:00:00+00:00;1469216.366;-5.6375
2024-11-27 20:00:00+00:00;1716205.736;-5.6375
2024-11-27 21:00:00+00:00;1723646.029;-5.4332650000000005
2024-11-27 22:00:00+00:00;1568999.366;-4.6312
2024-11-27 23:00:00+00:00;1402605.66;-4.6312
2024-11-28 00:00:00+00:00;1324489.565;-4.6312
2024-11-28 01:00:00+00:00;1288106.892;-4.306545
2024-11-28 02:00:00+00:00;1246401.742;-3.4688000000000003
2024-11-28 03:00:00+00:00;1224807.145;-2.8366499999999997
2024-11-28 04:00:00+00:00;1262179.982;-2.7937
2024-11-28 05:00:00+00:00;1213651.219;-2.7937
2024-11-28 06:00:00+00:00;1208398.512;-2.0937
2024-11-28 07:00:00+00:00;1192287.303;-1.7937
2024-11-28 08:00:00+00:00;1184822.552;-1.7937
2024-11-28 09:00:00+00:00;1190613.058;-0.9237400000000001
2024-11-28 10:00:00+00:00;1183513.057;-0.70625
2024-11-28 11:00:00+00:00;1181621.57;-0.70625
2024-11-28 12:00:00+00:00;1210174.922;-0.70625
2024-11-28 13:00:00+00:00;1287221.999;-0.70625
2024-11-28 14:00:00+00:00;1381778.558;-0.70625
2024-11-28 15:00:00+00:00;1430636.017;-0.70625
2024-11-28 16:00:00+00:00;1469218.52;-0.70625
2024-11-28 17:00:00+00:00;1524936.24;-0.70625
2024-11-28 18:00:00+00:00;1533984.965;-0.70625
2024-11-28 19:00:00+00:00;1480984.087;-0.70625
2024-11-28 20:00:00+00:00;1732357.53;-0.70625
2024-11-28 21:00:00+00:00;1742370.954;-0.70625
2024-11-28 22:00:00+00:00;1572529.611;-0.70625
2024-11-28 23:00:00+00:00;1423878.671;-0.70625
2024-11-29 00:00:00+00:00;1340643.586;-0.70625
2024-11-29 01:00:00+00:00;1339130.649;-0.70625
2024-11-29 02:00:00+00:00;1356418.383;-0.70625
2024-11-29 03:00:00+00:00;1372282.955;-1.2813
2024-11-29 04:00:00+00:00;1403187.296;-1.2813
2024-11-29 05:00:00+00:00;1362176.103;-1.217235
2024-11-29 06:00:00+00:00;1370041.549;0.0
2024-11-29 07:00:00+00:00;1365290.69;0.0
2024-11-29 08:00:00+00:00;1366398.716;0.37827700000000003
2024-11-29 09:00:00+00:00;1375867.643;1.0313
2024-11-29 10:00:00+00:00;1383406.945;1.5594
2024-11-29 11:00:00+00:00;1396011.969;2.0875
2024-11-29 12:00:00+00:00;1447068.145;2.0875
2024-11-29 13:00:00+00:00;1524056.879;2.0875
2024-11-29 14:00:00+00:00;1611422.359;1.530975
2024-11-29 15:00:00+00:00;1661815.139;1.0813
2024-11-29 16:00:00+00:00;1709927.257;0.8734715
2024-11-29 17:00:00+00:00;1732165.347;0.0
2024-11-29 18:00:00+00:00;1707409.059;0.0
2024-11-29 19:00:00+00:00;1649381.891;-0.8549599999999999
2024-11-29 20:00:00+00:00;1907483.495;-1.119325
2024-11-29 21:00:00+00:00;1934049.228;-2.0812
2024-11-29 22:00:00+00:00;1764813.557;-2.0812
2024-11-29 23:00:00+00:00;1611969.638;-2.61245
2024-11-30 00:00:00+00:00;1514179.337;-3.4015250000000004
2024-11-30 01:00:00+00:00;1453769.026;-4.175
2024-11-30 02:00:00+00:00;1413213.827;-5.1537500000000005
2024-11-30 03:00:00+00:00;1396743.119;-6.00464
2024-11-30 04:00:00+00:00;1370033.57;-6.0437
2024-11-30 05:00:00+00:00;1329503.07;-6.99995
2024-11-30 06:00:00+00:00;1406630.563;-7.106199999999999
2024-11-30 07:00:00+00:00;1469493.922;-7.106199999999999
2024-11-30 08:00:00+00:00;1501012.818;-7.106199999999999
2024-11-30 09:00:00+00:00;1531433.185;-7.106199999999999
2024-11-30 10:00:00+00:00;1544012.803;-6.84689
2024-11-30 11:00:00+00:00;1572061.416;-5.9812
2024-11-30 12:00:00+00:00;1609023.115;-5.088785
2024-11-30 13:00:00+00:00;1634858.576;-4.9313
2024-11-30 14:00:00+00:00;1677263.25;-4.6181600000000005
2024-11-30 15:00:00+00:00;1728807.024;-3.8875
2024-11-30 16:00:00+00:00;1799076.639;-3.8875
2024-11-30 17:00:00+00:00;1791699.178;-3.2928399999999995
2024-11-30 18:00:00+00:00;1694028.017;-2.8063
2024-11-30 19:00:00+00:00;1578650.017;-2.8063
2024-11-30 20:00:00+00:00;1806456.635;-2.8063
2024-11-30 21:00:00+00:00;1837733.283;-2.8063
2024-11-30 22:00:00+00:00;1674650.877;-1.8724599999999998
2024-11-30 23:00:00+00:00;1516295.54;-1.7686999999999997
2024-12-01 00:00:00+00:00;1403053.295;-1.7686999999999997
2024-12-01 01:00:00+00:00;1310166.393;-1.7686999999999997
2024-12-01 02:00:00+00:00;1243987.907;-1.7686999999999997
2024-12-01 03:00:00+00:00;1210481.496;-1.394685
2024-12-01 04:00:00+00:00;1200786.171;-1.375
2024-12-01 05:00:00+00:00;1158527.876;-1.375
2024-12-01 06:00:00+00:00;1231684.032;-0.89375
2024-12-01 07:00:00+00:00;1311801.013;0.0
2024-12-01 08:00:00+00:00;1370860.539;0.0
2024-12-01 09:00:00+00:00;1409465.883;0.0
2024-12-01 10:00:00+00:00;1424057.953;0.0
2024-12-01 11:00:00+00:00;1426799.101;0.360955
2024-12-01 12:00:00+00:00;1434311.516;1.0313
2024-12-01 13:00:00+00:00;1462105.476;1.0313
2024-12-01 14:00:00+00:00;1513829.427;1.1305
2024-12-01 15:00:00+00:00;1565804.302;2.075
2024-12-01 16:00:00+00:00;1627045.078;2.97581
2024-12-01 17:00:00+00:00;1649125.835;3.6594
2024-12-01 18:00:00+00:00;1598444.65;4.2188
2024-12-01 19:00:00+00:00;1483622.957;4.2188
2024-12-01 20:00:00+00:00;1700043.71;4.4313
2024-12-01 21:00:00+00:00;1702460.611;5.2813
2024-12-01 22:00:00+00:00;1544349.255;5.2813
2024-12-01 23:00:00+00:00;1387540.695;6.11122
2024-12-02 00:00:00+00:00;1288320.08;6.3187
2024-12-02 01:00:00+00:00;1217004.331;6.3187
2024-12-02 02:00:00+00:00;1171489.54;6.3187
2024-12-02 03:00:00+00:00;1153432.072;6.942184999999999
2024-12-02 04:00:00+00:00;1198994.546;6.975
2024-12-02 05:00:00+00:00;1172623.138;6.975
2024-12-02 06:00:00+00:00;1182370.73;6.975
2024-12-02 07:00:00+00:00;1174576.647;6.975
2024-12-02 08:00:00+00:00;1173108.505;6.975
2024-12-02 09:00:00+00:00;1188245.435;6.975
2024-12-02 10:00:00+00:00;1195185.532;6.975
2024-12-02 11:00:00+00:00;1201109.537;6.32097
2024-12-02 12:00:00+00:00;1242543.957;4.752535
2024-12-02 13:00:00+00:00;1333409.5;3.00128
2024-12-02 14:00:00+00:00;1443493.979;2.10487
2024-12-02 15:00:00+00:00;1494317.899;1.270965
2024-12-02 16:00:00+00:00;1518145.327;0.6625
2024-12-02 17:00:00+00:00;1563000.997;0.6625
2024-12-02 18:00:00+00:00;1553319.632;0.6625
2024-12-02 19:00:00+00:00;1485256.892;0.6625
2024-12-02 20:00:00+00:00;1725966.216;0.6625
2024-12-02 21:00:00+00:00;1725088.33;-0.0669565
2024-12-02 22:00:00+00:00;1571480.368;-0.53125
2024-12-02 23:00:00+00:00;1421249.06;-1.5109375
2024-12-03 00:00:00+00:00;1343612.021;-1.8328
2024-12-03 01:00:00+00:00;1319614.524;-2.711725
2024-12-03 02:00:00+00:00;1291889.766;-3.6625
2024-12-03 03:00:00+00:00;1293442.245;-4.427745
2024-12-03 04:00:00+00:00;1354275.594;-4.4875
2024-12-03 05:00:00+00:00;1340173.845;-4.782954999999999
2024-12-03 06:00:00+00:00;1347788.604;-5.5375
2024-12-03 07:00:00+00:00;1349035.163;-5.5375
2024-12-03 08:00:00+00:00;1365614.79;-5.5375
2024-12-03 09:00:00+00:00;1393047.536;-5.99525
2024-12-03 10:00:00+00:00;1396769.456;-3.68596
2024-12-03 11:00:00+00:00;1406934.952;-3.1188
2024-12-03 12:00:00+00:00;1438660.623;-3.265945
2024-12-03 13:00:00+00:00;1535388.644;-3.451875
2024-12-03 14:00:00+00:00;1679696.035;-4.3125
2024-12-03 15:00:00+00:00;1749432.612;-5.36661
2024-12-03 16:00:00+00:00;1789390.522;-5.4063
2024-12-03 17:00:00+00:00;1854590.955;-6.29546
2024-12-03 18:00:00+00:00;1871951.704;-6.425
2024-12-03 19:00:00+00:00;1831827.813;-5.6
2024-12-03 20:00:00+00:00;2095898.454;-5.325
2024-12-03 21:00:00+00:00;2135942.239;-5.325
2024-12-03 22:00:00+00:00;2036260.559;-5.8579099999999995
2024-12-03 23:00:00+00:00;1946098.052;-6.35
2024-12-04 00:00:00+00:00;1841410.56;-6.35
2024-12-04 01:00:00+00:00;1763410.258;-7.032500000000001
2024-12-04 02:00:00+00:00;1725965.134;-7.563535
2024-12-04 03:00:00+00:00;1744581.548;-7.9723299999999995
2024-12-04 04:00:00+00:00;1816908.507;-8.8562
2024-12-04 05:00:00+00:00;1766125.635;-9.643775
2024-12-04 06:00:00+00:00;1750049.338;-9.9063
2024-12-04 07:00:00+00:00;1736621.764;-9.944785
2024-12-04 08:00:00+00:00;1731093.641;-10.969
2024-12-04 09:00:00+00:00;1717630.355;-10.969
2024-12-04 10:00:00+00:00;1690420.317;-10.969
2024-12-04 11:00:00+00:00;1675828.727;-10.969
2024-12-04 12:00:00+00:00;1717306.686;-10.969
2024-12-04 13:00:00+00:00;1825712.143;-10.969
2024-12-04 14:00:00+00:00;1961711.839;-10.969
2024-12-04 15:00:00+00:00;2039077.319;-10.969
2024-12-04 16:00:00+00:00;2111000.753;-10.969
2024-12-04 17:00:00+00:00;2191159.742;-9.95065
2024-12-04 18:00:00+00:00;2231875.083;-9.8375
2024-12-04 19:00:00+00:00;2182954.466;-9.567175
2024-12-04 20:00:00+00:00;2437570.827;-8.7562
2024-12-04 21:00:00+00:00;2490327.276;-8.7562
2024-12-04 22:00:00+00:00;2361188.022;-8.7562
2024-12-04 23:00:00+00:00;2194819.747;-8.7562
2024-12-05 00:00:00+00:00;2126236.493;-8.7562
2024-12-05 01:00:00+00:00;2108263.889;-8.7562
2024-12-05 02:00:00+00:00;2074185.2;-8.489695000000001
2024-12-05 03:00:00+00:00;2056364.326;-8.1188
2024-12-05 04:00:00+00:00;2051843.056;-8.1188
2024-12-05 05:00:00+00:00;1959868.269;-8.1188
2024-12-05 06:00:00+00:00;1925846.29;-8.1188
2024-12-05 07:00:00+00:00;1884002.002;-8.1188
2024-12-05 08:00:00+00:00;1848038.002;-8.1188
2024-12-05 09:00:00+00:00;1826926.638;-7.956280000000001
2024-12-05 10:00:00+00:00;1804236.976;-7.7125
2024-12-05 11:00:00+00:00;1799303.265;-7.7125
2024-12-05 12:00:00+00:00;1820399.01;-7.7125
2024-12-05 13:00:00+00:00;1884538.702;-7.7125
2024-12-05 14:00:00+00:00;1960067.745;-8.48125
2024-12-05 15:00:00+00:00;1994876.911;-8.7375
2024-12-05 16:00:00+00:00;2026664.96;-8.7375
2024-12-05 17:00:00+00:00;2068459.999;-8.7375
2024-12-05 18:00:00+00:00;2083689.392;-8.7375
2024-12-05 19:00:00+00:00;2051374.504;-8.635000000000002
2024-12-05 20:00:00+00:00;2306264.105;-7.7125
2024-12-05 21:00:00+00:00;2287680.413;-6.96875
2024-12-05 22:00:00+00:00;2106661.539;-5.796475
2024-12-05 23:00:00+00:00;1939029.207;-5.5687
2024-12-06 00:00:00+00:00;1841806.15;-4.7487
2024-12-06 01:00:00+00:00;1771085.347;-4.491825
2024-12-06 02:00:00+00:00;1705060.651;-3.45811
2024-12-06 03:00:00+00:00;1640366.943;-3.3687999999999994
2024-12-06 04:00:00+00:00;1603705.905;-3.3687999999999994
2024-12-06 05:00:00+00:00;1536901.53;-3.3687999999999994
2024-12-06 06:00:00+00:00;1611328.369;-3.3687999999999994
2024-12-06 07:00:00+00:00;1688646.226;-2.6403
2024-12-06 08:00:00+00:00;1751702.534;-2.2875
2024-12-06 09:00:00+00:00;1795516.401;-2.2875
2024-12-06 10:00:00+00:00;1802700.975;-2.2875
2024-12-06 11:00:00+00:00;1798050.16;-2.2875
2024-12-06 12:00:00+00:00;1801130.504;-1.96311
2024-12-06 13:00:00+00:00;1834392.922;-1.2062
2024-12-06 14:00:00+00:00;1871017.576;-1.2062
2024-12-06 15:00:00+00:00;1917718.491;-1.2062
2024-12-06 16:00:00+00:00;1929860.73;-0.66341
2024-12-06 17:00:00+00:00;1884004.635;0.0
2024-12-06 18:00:00+00:00;1823208.313;0.0
2024-12-06 19:00:00+00:00;1773861.463;0.0
2024-12-06 20:00:00+00:00;2068502.061;0.0
2024-12-06 21:00:00+00:00;2137816.717;0.0
2024-12-06 22:00:00+00:00;1989033.262;0.0
2024-12-06 23:00:00+00:00;1835900.662;0.0
2024-12-07 00:00:00+00:00;1703120.103;0.0
2024-12-07 01:00:00+00:00;1607011.076;0.0
2024-12-07 02:00:00+00:00;1543551.873;-0.511555
2024-12-07 03:00:00+00:00;1512793.426;-1.025
2024-12-07 04:00:00+00:00;1504250.337;-1.025
2024-12-07 05:00:00+00:00;1457784.527;-1.025
2024-12-07 06:00:00+00:00;1535663.58;-1.025
2024-12-07 07:00:00+00:00;1607622.63;-1.025
2024-12-07 08:00:00+00:00;1652223.009;-1.025
2024-12-07 09:00:00+00:00;1678616.445;-1.025
2024-12-07 10:00:00+00:00;1686052.247;-1.025
2024-12-07 11:00:00+00:00;1679204.358;-1.025
2024-12-07 12:00:00+00:00;1693336.078;-1.025
2024-12-07 13:00:00+00:00;1740545.499;-1.025
2024-12-07 14:00:00+00:00;1803279.664;-1.025
2024-12-07 15:00:00+00:00;1862294.888;-1.025
2024-12-07 16:00:00+00:00;1922185.028;-1.025
2024-12-07 17:00:00+00:00;1934740.516;-1.025
2024-12-07 18:00:00+00:00;1866267.285;-1.025
2024-12-07 19:00:00+00:00;1767891.852;-1.025
2024-12-07 20:00:00+00:00;2026492.94;-1.025
2024-12-07 21:00:00+00:00;2055459.671;-1.025
2024-12-07 22:00:00+00:00;1907015.615;-1.025
2024-12-07 23:00:00+00:00;1749391.521;-1.025
2024-12-08 00:00:00+00:00;1652783.243;-1.025
2024-12-08 01:00:00+00:00;1579911.392;-1.025
2024-12-08 02:00:00+00:00;1535166.088;-1.13217
2024-12-08 03:00:00+00:00;1505391.546;-1.3312
2024-12-08 04:00:00+00:00;1478159.429;-1.3312
2024-12-08 05:00:00+00:00;1417923.051;-1.3312
2024-12-08 06:00:00+00:00;1487611.812;-1.3312
2024-12-08 07:00:00+00:00;1567809.141;-1.3312
2024-12-08 08:00:00+00:00;1625169.398;-1.3312
2024-12-08 09:00:00+00:00;1660546.047;-1.3312
2024-12-08 10:00:00+00:00;1669092.172;-1.3312
2024-12-08 11:00:00+00:00;1658353.603;-1.3312
2024-12-08 12:00:00+00:00;1659972.313;-1.3312
2024-12-08 13:00:00+00:00;1691564.869;-1.3312
2024-12-08 14:00:00+00:00;1740728.77;-1.3312
2024-12-08 15:00:00+00:00;1777263.167;-1.3312
2024-12-08 16:00:00+00:00;1822739.312;-1.3312
2024-12-08 17:00:00+00:00;1857933.836;-1.1980799999999998
2024-12-08 18:00:00+00:00;1838644.27;0.0
2024-12-08 19:00:00+00:00;1776153.38;0.0
2024-12-08 20:00:00+00:00;2023992.221;0.0
2024-12-08 21:00:00+00:00;2058683.355;-0.24663849999999998
2024-12-08 22:00:00+00:00;1932614.246;-1.0687
2024-12-08 23:00:00+00:00;1791878.37;-1.0687
2024-12-09 00:00:00+00:00;1754550.625;-1.9859449999999998
2024-12-09 01:00:00+00:00;1675089.476;-2.0875
2024-12-09 02:00:00+00:00;1625200.629;-3.113925
2024-12-09 03:00:00+00:00;1617972.606;-3.4812
2024-12-09 04:00:00+00:00;1641129.028;-4.167655
2024-12-09 05:00:00+00:00;1581991.303;-4.533705
2024-12-09 06:00:00+00:00;1561877.009;-5.5313
2024-12-09 07:00:00+00:00;1539758.82;-5.5313
2024-12-09 08:00:00+00:00;1528948.225;-6.22744
2024-12-09 09:00:00+00:00;1526174.473;-6.6125
2024-12-09 10:00:00+00:00;1512495.014;-5.848475
2024-12-09 11:00:00+00:00;1512373.269;-4.74876
2024-12-09 12:00:00+00:00;1545994.665;-3.7524699999999998
2024-12-09 13:00:00+00:00;1662237.601;-2.996255
2024-12-09 14:00:00+00:00;1835350.705;-2.4187
2024-12-09 15:00:00+00:00;1919178.69;-1.8576570000000001
2024-12-09 16:00:00+00:00;1964741.019;0.0
2024-12-09 17:00:00+00:00;2021496.752;0.0
2024-12-09 18:00:00+00:00;2014356.741;0.0
2024-12-09 19:00:00+00:00;1940072.615;0.0
2024-12-09 20:00:00+00:00;2180976.847;0.0
2024-12-09 21:00:00+00:00;2169337.68;0.0
2024-12-09 22:00:00+00:00;1979487.993;0.56375
2024-12-09 23:00:00+00:00;1831844.269;1.025
2024-12-10 00:00:00+00:00;1768660.398;1.025
2024-12-10 01:00:00+00:00;1675975.692;1.025
2024-12-10 02:00:00+00:00;1614089.518;1.57771
2024-12-10 03:00:00+00:00;1598568.504;2.2125
2024-12-10 04:00:00+00:00;1632699.918;2.2125
2024-12-10 05:00:00+00:00;1573954.678;2.4797000000000002
2024-12-10 06:00:00+00:00;1557201.295;3.2813000000000003
2024-12-10 07:00:00+00:00;1536801.642;3.2813000000000003
2024-12-10 08:00:00+00:00;1520927.831;3.2813000000000003
2024-12-10 09:00:00+00:00;1512754.417;3.2813000000000003
2024-12-10 10:00:00+00:00;1486107.92;3.2813000000000003
2024-12-10 11:00:00+00:00;1474512.426;3.2813000000000003
2024-12-10 12:00:00+00:00;1504224.988;3.2813000000000003
2024-12-10 13:00:00+00:00;1593065.484;3.2813000000000003
2024-12-10 14:00:00+00:00;1720949.187;2.67752
2024-12-10 15:00:00+00:00;1788447.284;2.627205
2024-12-10 16:00:00+00:00;1836016.41;3.2813000000000003
2024-12-10 17:00:00+00:00;1900847.38;3.4801649999999995
2024-12-10 18:00:00+00:00;1895027.455;4.3187
2024-12-10 19:00:00+00:00;1804800.158;4.3187
2024-12-10 20:00:00+00:00;2035668.326;4.3187
2024-12-10 21:00:00+00:00;2025629.702;4.3187
2024-12-10 22:00:00+00:00;1857168.352;4.3187
2024-12-10 23:00:00+00:00;1703282.383;4.3187
2024-12-11 00:00:00+00:00;1613003.131;4.3187
2024-12-11 01:00:00+00:00;1541198.822;3.9599849999999996
2024-12-11 02:00:00+00:00;1482632.341;3.1887700000000003
2024-12-11 03:00:00+00:00;1479614.879;2.9437
2024-12-11 04:00:00+00:00;1542148.355;2.9437
2024-12-11 05:00:00+00:00;1497152.069;2.1912700000000003
2024-12-11 06:00:00+00:00;1491870.754;1.8687999999999998
2024-12-11 07:00:00+00:00;1481256.912;1.22377
2024-12-11 08:00:00+00:00;1478774.005;0.79375
2024-12-11 09:00:00+00:00;1481711.919;0.79375
2024-12-11 10:00:00+00:00;1468663.325;0.79375
2024-12-11 11:00:00+00:00;1467498.565;0.79375
2024-12-11 12:00:00+00:00;1513317.117;0.79375
2024-12-11 13:00:00+00:00;1615237.664;0.79375
2024-12-11 14:00:00+00:00;1750490.05;0.06843749999999997
2024-12-11 15:00:00+00:00;1830985.412;-0.525
2024-12-11 16:00:00+00:00;1909594.799;-0.525
2024-12-11 17:00:00+00:00;1990256.762;-0.525
2024-12-11 18:00:00+00:00;1996891.936;-1.1475
2024-12-11 19:00:00+00:00;1906776.073;-1.5625
2024-12-11 20:00:00+00:00;2155395.152;-1.5625
2024-12-11 21:00:00+00:00;2162757.09;-1.5625
2024-12-11 22:00:00+00:00;2007518.707;-1.5625
2024-12-11 23:00:00+00:00;1869811.564;-1.5625
2024-12-12 00:00:00+00:00;1796201.063;-1.923455
2024-12-12 01:00:00+00:00;1743533.199;-2.5938
2024-12-12 02:00:00+00:00;1711801.222;-2.8500699999999997
2024-12-12 03:00:00+00:00;1714494.043;-3.3438000000000003
2024-12-12 04:00:00+00:00;1769361.526;-4.05248
2024-12-12 05:00:00+00:00;1723525.25;-4.3562
2024-12-12 06:00:00+00:00;1716528.274;-5.108770000000001
2024-12-12 07:00:00+00:00;1710539.301;-5.4313
2024-12-12 08:00:00+00:00;1706635.174;-5.4313
2024-12-12 09:00:00+00:00;1700126.729;-5.25625
2024-12-12 10:00:00+00:00;1687522.841;-5.0812
2024-12-12 11:00:00+00:00;1697159.998;-5.0812
2024-12-12 12:00:00+00:00;1744076.334;-5.0812
2024-12-12 13:00:00+00:00;1849427.538;-5.0812
2024-12-12 14:00:00+00:00;1972299.533;-5.0812
2024-12-12 15:00:00+00:00;2030064.183;-6.0938
2024-12-12 16:00:00+00:00;2071511.202;-6.1738349999999995
2024-12-12 17:00:00+00:00;2131855.033;-6.25
2024-12-12 18:00:00+00:00;2149046.066;-6.25
2024-12-12 19:00:00+00:00;2119565.065;-6.25
2024-12-12 20:00:00+00:00;2425419.019;-7.27933
2024-12-12 21:00:00+00:00;2442227.263;-7.3937
2024-12-12 22:00:00+00:00;2263434.327;-7.3937
2024-12-12 23:00:00+00:00;2088211.802;-7.3937
2024-12-13 00:00:00+00:00;1990397.751;-8.402615
2024-12-13 01:00:00+00:00;1933778.985;-8.4437
2024-12-13 02:00:00+00:00;1913192.405;-8.417449999999999
2024-12-13 03:00:00+00:00;1923103.98;-8.3562
2024-12-13 04:00:00+00:00;1954807.632;-8.3562
2024-12-13 05:00:00+00:00;1876401.45;-8.3562
2024-12-13 06:00:00+00:00;1847749.482;-8.3562
2024-12-13 07:00:00+00:00;1816146.208;-8.3562
2024-12-13 08:00:00+00:00;1796987.982;-8.3562
2024-12-13 09:00:00+00:00;1787900.549;-8.3562
2024-12-13 10:00:00+00:00;1769230.694;-8.3562
2024-12-13 11:00:00+00:00;1763880.105;-8.3562
2024-12-13 12:00:00+00:00;1787807.409;-8.3562
2024-12-13 13:00:00+00:00;1851007.603;-8.3562
2024-12-13 14:00:00+00:00;1918208.346;-9.06171
2024-12-13 15:00:00+00:00;1946236.553;-9.375
2024-12-13 16:00:00+00:00;1990795.226;-9.53061
2024-12-13 17:00:00+00:00;2028509.15;-10.394
2024-12-13 18:00:00+00:00;2029633.108;-10.85535
2024-12-13 19:00:00+00:00;1988984.726;-11.381
2024-12-13 20:00:00+00:00;2283640.584;-11.381
2024-12-13 21:00:00+00:00;2301685.057;-11.381
2024-12-13 22:00:00+00:00;2135275.614;-11.381
2024-12-13 23:00:00+00:00;1959199.808;-11.381
2024-12-14 00:00:00+00:00;1857186.114;-11.381
2024-12-14 01:00:00+00:00;1785853.794;-11.381
2024-12-14 02:00:00+00:00;1744151.159;-11.342
2024-12-14 03:00:00+00:00;1733235.622;-11.225
2024-12-14 04:00:00+00:00;1732285.676;-11.91985
2024-12-14 05:00:00+00:00;1671413.537;-12.294
2024-12-14 06:00:00+00:00;1756077.367;-12.294
2024-12-14 07:00:00+00:00;1839115.799;-12.294
2024-12-14 08:00:00+00:00;1896473.081;-12.294
2024-12-14 09:00:00+00:00;1928532.854;-12.294
2024-12-14 10:00:00+00:00;1936404.766;-12.294
2024-12-14 11:00:00+00:00;1934121.547;-12.294
2024-12-14 12:00:00+00:00;1949574.995;-12.294
2024-12-14 13:00:00+00:00;1991279.562;-12.294
2024-12-14 14:00:00+00:00;2057127.585;-12.294
2024-12-14 15:00:00+00:00;2121029.331;-12.294
2024-12-14 16:00:00+00:00;2198589.605;-13.2501
2024-12-14 17:00:00+00:00;2239958.808;-13.318999999999999
2024-12-14 18:00:00+00:00;2168633.14;-13.318999999999999
2024-12-14 19:00:00+00:00;2047829.132;-13.318999999999999
2024-12-14 20:00:00+00:00;2307067.891;-13.318999999999999
2024-12-14 21:00:00+00:00;2353078.241;-13.318999999999999
2024-12-14 22:00:00+00:00;2207531.717;-13.927000000000001
2024-12-14 23:00:00+00:00;2038308.083;-14.4
2024-12-15 00:00:00+00:00;1910714.271;-14.4
2024-12-15 01:00:00+00:00;1825104.676;-14.88915
2024-12-15 02:00:00+00:00;1782892.114;-15.56205
2024-12-15 03:00:00+00:00;1780711.665;-15.737
2024-12-15 04:00:00+00:00;1806774.25;-15.737
2024-12-15 05:00:00+00:00;1778370.578;-16.1939
2024-12-15 06:00:00+00:00;1895523.981;-16.75
2024-12-15 07:00:00+00:00;2011103.14;-16.75
2024-12-15 08:00:00+00:00;2096686.194;-16.75
2024-12-15 09:00:00+00:00;2145691.764;-16.75
2024-12-15 10:00:00+00:00;2152700.09;-16.75
2024-12-15 11:00:00+00:00;2146203.155;-16.75
2024-12-15 12:00:00+00:00;2172022.676;-17.0372
2024-12-15 13:00:00+00:00;2231551.158;-17.862
2024-12-15 14:00:00+00:00;2304816.495;-17.862
2024-12-15 15:00:00+00:00;2403542.578;-17.862
2024-12-15 16:00:00+00:00;2486978.937;-17.862
2024-12-15 17:00:00+00:00;2535371.329;-17.862
2024-12-15 18:00:00+00:00;2539390.631;-16.42675
2024-12-15 19:00:00+00:00;2438532.603;-14.660149999999998
2024-12-15 20:00:00+00:00;2655365.998;-13.675
2024-12-15 21:00:00+00:00;2662055.829;-12.718300000000001
2024-12-15 22:00:00+00:00;2479651.521;-12.612
2024-12-15 23:00:00+00:00;2338047.819;-11.8595
2024-12-16 00:00:00+00:00;2193608.09;-11.537
2024-12-16 01:00:00+00:00;2089613.827;-11.537
2024-12-16 02:00:00+00:00;2005791.52;-10.76375
2024-12-16 03:00:00+00:00;1976263.6;-10.506
2024-12-16 04:00:00+00:00;1989147.582;-10.506
2024-12-16 05:00:00+00:00;1885645.619;-10.506
2024-12-16 06:00:00+00:00;1836885.579;-10.506
2024-12-16 07:00:00+00:00;1795165.518;-10.506
2024-12-16 08:00:00+00:00;1781024.886;-10.506
2024-12-16 09:00:00+00:00;1776384.334;-10.025960000000001
2024-12-16 10:00:00+00:00;1747086.518;-9.4187
2024-12-16 11:00:00+00:00;1731160.7;-9.4187
2024-12-16 12:00:00+00:00;1753705.237;-9.4187
2024-12-16 13:00:00+00:00;1816795.763;-9.4187
2024-12-16 14:00:00+00:00;1911643.853;-9.77338
2024-12-16 15:00:00+00:00;1962789.261;-10.531
2024-12-16 16:00:00+00:00;1998762.303;-10.911800000000001
2024-12-16 17:00:00+00:00;2058689.122;-11.619
2024-12-16 18:00:00+00:00;2066553.045;-11.944578947368422
2024-12-16 19:00:00+00:00;2028083.805;-12.65
2024-12-16 20:00:00+00:00;2308267.605;-13.55865
2024-12-16 21:00:00+00:00;2340258.561;-14.2649
2024-12-16 22:00:00+00:00;2207862.496;-14.794
2024-12-16 23:00:00+00:00;2071632.104;-15.7972
2024-12-17 00:00:00+00:00;1997118.58;-15.85
2024-12-17 01:00:00+00:00;1914314.874;-16.259999999999998
2024-12-17 02:00:00+00:00;1867490.677;-17.0439
2024-12-17 03:00:00+00:00;1870053.996;-17.438
2024-12-17 04:00:00+00:00;1911851.406;-17.438
2024-12-17 05:00:00+00:00;1829607.706;-17.70025
2024-12-17 06:00:00+00:00;1805585.797;-18.487
2024-12-17 07:00:00+00:00;1788424.855;-18.487
2024-12-17 08:00:00+00:00;1786364.149;-18.487
2024-12-17 09:00:00+00:00;1797400.036;-18.487
2024-12-17 10:00:00+00:00;1790876.45;-18.086949999999998
2024-12-17 11:00:00+00:00;1783177.981;-17.344
2024-12-17 12:00:00+00:00;1815976.974;-17.344
2024-12-17 13:00:00+00:00;1898938.308;-17.341250000000002
2024-12-17 14:00:00+00:00;2006942.388;-16.3
2024-12-17 15:00:00+00:00;2063386.358;-16.3
2024-12-17 16:00:00+00:00;2107613.575;-16.3
2024-12-17 17:00:00+00:00;2173954.739;-16.3
2024-12-17 18:00:00+00:00;2196153.62;-16.3
2024-12-17 19:00:00+00:00;2184992.655;-16.3
2024-12-17 20:00:00+00:00;2461289.486;-16.3
2024-12-17 21:00:00+00:00;2511537.876;-16.3
2024-12-17 22:00:00+00:00;2413235.211;-16.3
2024-12-17 23:00:00+00:00;2269557.387;-16.3
2024-12-18 00:00:00+00:00;2199999.136;-16.3
2024-12-18 01:00:00+00:00;2147085.308;-16.3
2024-12-18 02:00:00+00:00;2125036.396;-16.1738
2024-12-18 03:00:00+00:00;2144991.634;-15.669
2024-12-18 04:00:00+00:00;2171112.778;-15.669
2024-12-18 05:00:00+00:00;2074578.711;-15.669
2024-12-18 06:00:00+00:00;2034660.925;-15.669
2024-12-18 07:00:00+00:00;2017510.28;-15.669
2024-12-18 08:00:00+00:00;2014745.174;-15.669
2024-12-18 09:00:00+00:00;2012634.578;-14.746649999999999
2024-12-18 10:00:00+00:00;1989673.248;-14.581
2024-12-18 11:00:00+00:00;1981155.507;-14.581
2024-12-18 12:00:00+00:00;2010249.909;-14.962250000000001
2024-12-18 13:00:00+00:00;2083809.104;-15.8329
2024-12-18 14:00:00+00:00;2198433.229;-16.75
2024-12-18 15:00:00+00:00;2267078.722;-16.75
2024-12-18 16:00:00+00:00;2339889.991;-16.7041
2024-12-18 17:00:00+00:00;2411413.449;-16.444
2024-12-18 18:00:00+00:00;2410018.486;-15.745249999999999
2024-12-18 19:00:00+00:00;2330079.695;-14.5712
2024-12-18 20:00:00+00:00;2563419.375;-14.35
2024-12-18 21:00:00+00:00;2564854.59;-13.324950000000001
2024-12-18 22:00:00+00:00;2407996.381;-12.8954
2024-12-18 23:00:00+00:00;2239000.955;-12.212
2024-12-19 00:00:00+00:00;2111563.334;-11.7015
2024-12-19 01:00:00+00:00;1994784.148;-11.144
2024-12-19 02:00:00+00:00;1933836.465;-9.912075
2024-12-19 03:00:00+00:00;1907053.893;-9.33124
2024-12-19 04:00:00+00:00;1908369.052;-8.5062
2024-12-19 05:00:00+00:00;1806403.167;-8.5062
2024-12-19 06:00:00+00:00;1767308.793;-8.3688
2024-12-19 07:00:00+00:00;1732258.302;-7.4562
2024-12-19 08:00:00+00:00;1708379.871;-7.4562
2024-12-19 09:00:00+00:00;1698186.399;-7.4562
2024-12-19 10:00:00+00:00;1675334.753;-7.4562
2024-12-19 11:00:00+00:00;1662856.758;-7.4562
2024-12-19 12:00:00+00:00;1677724.644;-6.932170000000001
2024-12-19 13:00:00+00:00;1738285.972;-6.65
2024-12-19 14:00:00+00:00;1820274.416;-6.65
2024-12-19 15:00:00+00:00;1859192.93;-6.65
2024-12-19 16:00:00+00:00;1894984.314;-6.65
2024-12-19 17:00:00+00:00;1943731.927;-6.65
2024-12-19 18:00:00+00:00;1958267.409;-6.65
2024-12-19 19:00:00+00:00;1892595.92;-6.65
2024-12-19 20:00:00+00:00;2136758.941;-6.65
2024-12-19 21:00:00+00:00;2132549.196;-6.65
2024-12-19 22:00:00+00:00;1951454.779;-6.65
2024-12-19 23:00:00+00:00;1745635.895;-6.65
2024-12-20 00:00:00+00:00;1684736.781;-6.65
2024-12-20 01:00:00+00:00;1618625.001;-6.65
2024-12-20 02:00:00+00:00;1583815.273;-6.647374999999999
2024-12-20 03:00:00+00:00;1566671.591;-6.6437
2024-12-20 04:00:00+00:00;1582029.056;-6.6437
2024-12-20 05:00:00+00:00;1526889.219;-6.6437
2024-12-20 06:00:00+00:00;1549756.438;-6.69464
2024-12-20 07:00:00+00:00;1553207.326;-7.6625
2024-12-20 08:00:00+00:00;1562181.993;-7.6625
2024-12-20 09:00:00+00:00;1588951.998;-7.6625
2024-12-20 10:00:00+00:00;1602024.641;-7.6625
2024-12-20 11:00:00+00:00;1622929.289;-7.6625
2024-12-20 12:00:00+00:00;1682479.988;-7.6625
2024-12-20 13:00:00+00:00;1763573.995;-7.6625
2024-12-20 14:00:00+00:00;1868879.441;-7.6625
2024-12-20 15:00:00+00:00;1945219.086;-7.6625
2024-12-20 16:00:00+00:00;2020637.135;-7.6625
2024-12-20 17:00:00+00:00;2095565.4;-7.6625
2024-12-20 18:00:00+00:00;2108598.761;-7.6625
2024-12-20 19:00:00+00:00;2066025.047;-7.6625
2024-12-20 20:00:00+00:00;2344180.949;-8.175
2024-12-20 21:00:00+00:00;2390816.375;-8.6875
2024-12-20 22:00:00+00:00;2251808.933;-8.6875
2024-12-20 23:00:00+00:00;2046300.899;-8.6875
2024-12-21 00:00:00+00:00;1977158.202;-8.6875
2024-12-21 01:00:00+00:00;1927921.42;-8.6875
2024-12-21 02:00:00+00:00;1900701.951;-8.913255
2024-12-21 03:00:00+00:00;1855284.583;-9.295960000000001
2024-12-21 04:00:00+00:00;1824903.991;-10.9284
2024-12-21 05:00:00+00:00;1779164.004;-11.356
2024-12-21 06:00:00+00:00;1855201.303;-11.09975
2024-12-21 07:00:00+00:00;1922245.724;-10.331
2024-12-21 08:00:00+00:00;1964925.276;-9.236225000000001
2024-12-21 09:00:00+00:00;1990770.764;-6.709685
2024-12-21 10:00:00+00:00;1990402.392;-6.1312
2024-12-21 11:00:00+00:00;1985476.66;-6.1312
2024-12-21 12:00:00+00:00;1993438.027;-6.1312
2024-12-21 13:00:00+00:00;2033771.146;-5.543715
2024-12-21 14:00:00+00:00;2111803.011;-5.0687
2024-12-21 15:00:00+00:00;2189237.821;-5.0687
2024-12-21 16:00:00+00:00;2278781.249;-5.124015
2024-12-21 17:00:00+00:00;2317052.007;-6.175
2024-12-21 18:00:00+00:00;2265420.414;-7.09402
2024-12-21 19:00:00+00:00;2172734.391;-7.2562
2024-12-21 20:00:00+00:00;2415647.971;-7.830290000000001
2024-12-21 21:00:00+00:00;2457304.496;-9.285625
2024-12-21 22:00:00+00:00;2308326.456;-9.3375
2024-12-21 23:00:00+00:00;2185032.886;-8.2438
2024-12-22 00:00:00+00:00;2069124.943;-7.82128
2024-12-22 01:00:00+00:00;1982536.719;-7.1875
2024-12-22 02:00:00+00:00;1888606.728;-7.33322
2024-12-22 03:00:00+00:00;1815260.615;-8.4812
2024-12-22 04:00:00+00:00;1765605.201;-7.588785
2024-12-22 05:00:00+00:00;1684803.991;-7.4313
2024-12-22 06:00:00+00:00;1761644.821;-7.4313
2024-12-22 07:00:00+00:00;1843555.741;-7.4313
2024-12-22 08:00:00+00:00;1900074.789;-7.4313
2024-12-22 09:00:00+00:00;1932830.093;-7.4313
2024-12-22 10:00:00+00:00;1918787.902;-7.4313
2024-12-22 11:00:00+00:00;1898022.379;-7.4313
2024-12-22 12:00:00+00:00;1885696.329;-7.4313
2024-12-22 13:00:00+00:00;1898171.171;-7.7094
2024-12-22 14:00:00+00:00;1913516.965;-8.5437
2024-12-22 15:00:00+00:00;1934186.827;-8.5437
2024-12-22 16:00:00+00:00;1966027.529;-8.5437
2024-12-22 17:00:00+00:00;1991731.579;-8.5437
2024-12-22 18:00:00+00:00;1961005.538;-8.078925
2024-12-22 19:00:00+00:00;1886031.097;-7.543699999999999
2024-12-22 20:00:00+00:00;2133230.868;-7.543699999999999
2024-12-22 21:00:00+00:00;2151519.589;-7.543699999999999
2024-12-22 22:00:00+00:00;2009800.712;-7.23245
2024-12-22 23:00:00+00:00;1823575.117;-6.5062
2024-12-23 00:00:00+00:00;1710341.494;-6.5062
2024-12-23 01:00:00+00:00;1642117.072;-6.5062
2024-12-23 02:00:00+00:00;1579344.646;-6.2334000000000005
2024-12-23 03:00:00+00:00;1530456.133;-5.8375
2024-12-23 04:00:00+00:00;1508865.105;-5.8375
2024-12-23 05:00:00+00:00;1459819.747;-5.8375
2024-12-23 06:00:00+00:00;1531551.167;-5.8375
2024-12-23 07:00:00+00:00;1597825.145;-5.8375
2024-12-23 08:00:00+00:00;1642903.201;-5.8375
2024-12-23 09:00:00+00:00;1661546.352;-5.62626
2024-12-23 10:00:00+00:00;1666042.575;-4.7813
2024-12-23 11:00:00+00:00;1674512.265;-4.7813
2024-12-23 12:00:00+00:00;1709887.748;-4.7813
2024-12-23 13:00:00+00:00;1751085.192;-4.7813
2024-12-23 14:00:00+00:00;1812082.598;-4.7813
2024-12-23 15:00:00+00:00;1865843.653;-4.7813
2024-12-23 16:00:00+00:00;1925216.928;-5.68027
2024-12-23 17:00:00+00:00;1969733.993;-5.7937
2024-12-23 18:00:00+00:00;1957870.274;-5.7937
2024-12-23 19:00:00+00:00;1899987.164;-5.7937
2024-12-23 20:00:00+00:00;2146050.004;-5.7937
2024-12-23 21:00:00+00:00;2172512.853;-5.7937
2024-12-23 22:00:00+00:00;1991062.81;-5.7937
2024-12-23 23:00:00+00:00;1811148.304;-5.7937
2024-12-24 00:00:00+00:00;1687083.041;-5.7937
2024-12-24 01:00:00+00:00;1593441.293;-5.7937
2024-12-24 02:00:00+00:00;1550524.63;-5.96122
2024-12-24 03:00:00+00:00;1522513.222;-6.2125
2024-12-24 04:00:00+00:00;1511537.545;-6.2125
2024-12-24 05:00:00+00:00;1509056.346;-6.2125
2024-12-24 06:00:00+00:00;1665349.208;-6.2125
2024-12-24 07:00:00+00:00;1816498.411;-6.2125
2024-12-24 08:00:00+00:00;1906905.787;-6.2125
2024-12-24 09:00:00+00:00;1936606.733;-6.2125
2024-12-24 10:00:00+00:00;1928241.005;-6.147905
2024-12-24 11:00:00+00:00;1932181.577;-5.2
2024-12-24 12:00:00+00:00;1934017.112;-5.2
2024-12-24 13:00:00+00:00;1940748.901;-5.2
2024-12-24 14:00:00+00:00;1922998.404;-5.2
2024-12-24 15:00:00+00:00;1870521.336;-5.2
2024-12-24 16:00:00+00:00;1855144.776;-5.2
2024-12-24 17:00:00+00:00;1844315.985;-5.2
2024-12-24 18:00:00+00:00;1822164.006;-5.2
2024-12-24 19:00:00+00:00;1776953.614;-4.99578
2024-12-24 20:00:00+00:00;2048845.067;-4.15
2024-12-24 21:00:00+00:00;2105632.007;-4.15
2024-12-24 22:00:00+00:00;1960941.615;-3.34375
2024-12-24 23:00:00+00:00;1778901.891;-3.075
2024-12-25 00:00:00+00:00;1642905.691;-3.075
2024-12-25 01:00:00+00:00;1546445.315;-2.810925
2024-12-25 02:00:00+00:00;1475268.212;-1.90622
2024-12-25 03:00:00+00:00;1431848.683;-1.37875
2024-12-25 04:00:00+00:00;1412045.231;-0.7125
2024-12-25 05:00:00+00:00;1330412.457;-0.7125
2024-12-25 06:00:00+00:00;1386793.881;-0.7125
2024-12-25 07:00:00+00:00;1478316.283;-0.7125
2024-12-25 08:00:00+00:00;1568841.068;-0.687072
2024-12-25 09:00:00+00:00;1624602.451;0.50625
2024-12-25 10:00:00+00:00;1645560.294;0.6273299999999999
2024-12-25 11:00:00+00:00;1641395.861;0.7625
2024-12-25 12:00:00+00:00;1628071.211;0.81531
2024-12-25 13:00:00+00:00;1626605.175;1.8187000000000002
2024-12-25 14:00:00+00:00;1639087.737;1.8187000000000002
2024-12-25 15:00:00+00:00;1657333.618;1.8187000000000002
2024-12-25 16:00:00+00:00;1690825.678;1.8187000000000002
2024-12-25 17:00:00+00:00;1715254.572;1.8187000000000002
2024-12-25 18:00:00+00:00;1679069.9;2.75812
2024-12-25 19:00:00+00:00;1611764.604;3.4297150000000003
2024-12-25 20:00:00+00:00;1866010.455;3.8938
2024-12-25 21:00:00+00:00;1883562.292;3.8938
2024-12-25 22:00:00+00:00;1719309.928;2.83488
2024-12-25 23:00:00+00:00;1543358.718;2.775
2024-12-26 00:00:00+00:00;1426513.792;2.09897
2024-12-26 01:00:00+00:00;1352671.884;0.71875
2024-12-26 02:00:00+00:00;1317882.179;-0.08000250000000002
2024-12-26 03:00:00+00:00;1304949.058;-0.64375
2024-12-26 04:00:00+00:00;1296431.931;-0.64375
2024-12-26 05:00:00+00:00;1236648.786;-0.06562500000000004
2024-12-26 06:00:00+00:00;1294470.632;0.5125
2024-12-26 07:00:00+00:00;1373263.26;0.778125
2024-12-26 08:00:00+00:00;1441264.596;1.62719
2024-12-26 09:00:00+00:00;1483386.796;2.9731449999999997
2024-12-26 10:00:00+00:00;1495079.856;4.7375
2024-12-26 11:00:00+00:00;1488999.614;4.7375
2024-12-26 12:00:00+00:00;1489072.169;4.330019999999999
2024-12-26 13:00:00+00:00;1516079.785;3.7188000000000003
2024-12-26 14:00:00+00:00;1559213.812;3.5088
2024-12-26 15:00:00+00:00;1603018.538;2.6688
2024-12-26 16:00:00+00:00;1663410.89;2.8700400000000004
2024-12-26 17:00:00+00:00;1702972.036;3.675
2024-12-26 18:00:00+00:00;1688494.203;3.675
2024-12-26 19:00:00+00:00;1630901.451;2.707235
2024-12-26 20:00:00+00:00;1902450.104;2.6563
2024-12-26 21:00:00+00:00;1935354.071;2.6563
2024-12-26 22:00:00+00:00;1782164.273;2.6563
2024-12-26 23:00:00+00:00;1648883.754;2.12815
2024-12-27 00:00:00+00:00;1544212.783;1.6
2024-12-27 01:00:00+00:00;1458851.871;1.6
2024-12-27 02:00:00+00:00;1407680.199;1.64
2024-12-27 03:00:00+00:00;1387626.668;1.7
2024-12-27 04:00:00+00:00;1390006.499;1.7
2024-12-27 05:00:00+00:00;1339900.595;1.7
2024-12-27 06:00:00+00:00;1405426.49;1.7
2024-12-27 07:00:00+00:00;1472542.584;1.7
2024-12-27 08:00:00+00:00;1520451.668;2.01125
2024-12-27 09:00:00+00:00;1546754.751;2.7375
2024-12-27 10:00:00+00:00;1545884.673;2.7375
2024-12-27 11:00:00+00:00;1540794.796;2.7375
2024-12-27 12:00:00+00:00;1566425.901;2.7375
2024-12-27 13:00:00+00:00;1634920.114;2.7375
2024-12-27 14:00:00+00:00;1718115.633;2.7375
2024-12-27 15:00:00+00:00;1774029.05;2.7375
2024-12-27 16:00:00+00:00;1838749.312;2.7375
2024-12-27 17:00:00+00:00;1888850.34;2.7375
2024-12-27 18:00:00+00:00;1871198.578;2.7375
2024-12-27 19:00:00+00:00;1813321.555;2.7375
2024-12-27 20:00:00+00:00;2089172.828;2.7375
2024-12-27 21:00:00+00:00;2121406.403;2.7375
2024-12-27 22:00:00+00:00;1985495.893;2.37865
2024-12-27 23:00:00+00:00;1813399.507;1.725
2024-12-28 00:00:00+00:00;1687979.611;1.725
2024-12-28 01:00:00+00:00;1599211.018;1.725
2024-12-28 02:00:00+00:00;1546125.927;1.56
2024-12-28 03:00:00+00:00;1522672.16;1.3125
2024-12-28 04:00:00+00:00;1517729.079;1.18125
2024-12-28 05:00:00+00:00;1463138.459;0.0
2024-12-28 06:00:00+00:00;1537137.25;0.0
2024-12-28 07:00:00+00:00;1619030.264;-0.84504
2024-12-28 08:00:00+00:00;1681781.259;-1.0563
2024-12-28 09:00:00+00:00;1719226.18;-1.0563
2024-12-28 10:00:00+00:00;1727379.755;-1.0563
2024-12-28 11:00:00+00:00;1724266.73;-1.0563
2024-12-28 12:00:00+00:00;1734313.232;-0.6507195
2024-12-28 13:00:00+00:00;1779606.457;0.0
2024-12-28 14:00:00+00:00;1844763.46;0.0
2024-12-28 15:00:00+00:00;1908878.797;-0.7781250000000001
2024-12-28 16:00:00+00:00;1971813.651;-1.0375
2024-12-28 17:00:00+00:00;1972004.226;-1.0375
2024-12-28 18:00:00+00:00;1882370.813;-1.0375
2024-12-28 19:00:00+00:00;1760161.386;-1.0375
2024-12-28 20:00:00+00:00;2000486.917;-1.0375
2024-12-28 21:00:00+00:00;2037228.958;-0.8818750000000002
2024-12-28 22:00:00+00:00;1850612.302;0.0
2024-12-28 23:00:00+00:00;1670725.589;0.0
2024-12-29 00:00:00+00:00;1556049.478;0.0
2024-12-29 01:00:00+00:00;1469204.077;0.0
2024-12-29 02:00:00+00:00;1428507.82;0.0
2024-12-29 03:00:00+00:00;1391170.31;0.0
2024-12-29 04:00:00+00:00;1360119.968;0.0
2024-12-29 05:00:00+00:00;1286424.387;0.0
2024-12-29 06:00:00+00:00;1338797.171;0.0
2024-12-29 07:00:00+00:00;1411023.633;0.0
2024-12-29 08:00:00+00:00;1476187.672;0.0
2024-12-29 09:00:00+00:00;1524365.061;0.83504
2024-12-29 10:00:00+00:00;1541597.612;1.0438
2024-12-29 11:00:00+00:00;1544407.958;1.0438
2024-12-29 12:00:00+00:00;1550456.357;1.0438
2024-12-29 13:00:00+00:00;1584873.634;1.39597
2024-12-29 14:00:00+00:00;1627648.006;2.05
2024-12-29 15:00:00+00:00;1666057.141;2.05
2024-12-29 16:00:00+00:00;1715209.681;2.05
2024-12-29 17:00:00+00:00;1744586.661;1.5974999999999997
2024-12-29 18:00:00+00:00;1702893.213;0.91875
2024-12-29 19:00:00+00:00;1625561.553;0.91875
2024-12-29 20:00:00+00:00;1878063.493;0.91875
2024-12-29 21:00:00+00:00;1895190.955;0.91875
2024-12-29 22:00:00+00:00;1731334.503;0.91875
2024-12-29 23:00:00+00:00;1585419.345;0.91875
2024-12-30 00:00:00+00:00;1484021.873;0.12125
2024-12-30 01:00:00+00:00;1420537.82;-0.53125
2024-12-30 02:00:00+00:00;1374964.208;-0.844196
2024-12-30 03:00:00+00:00;1368416.187;-1.275
2024-12-30 04:00:00+00:00;1396953.354;-0.3590075
2024-12-30 05:00:00+00:00;1359035.239;0.0
2024-12-30 06:00:00+00:00;1424642.975;-0.5073185
2024-12-30 07:00:00+00:00;1490824.47;-1.0062
2024-12-30 08:00:00+00:00;1537971.517;-1.0062
2024-12-30 09:00:00+00:00;1564092.925;-1.0062
2024-12-30 10:00:00+00:00;1564957.336;-1.0062
2024-12-30 11:00:00+00:00;1566710.024;-1.0062
2024-12-30 12:00:00+00:00;1599085.053;-1.0062
2024-12-30 13:00:00+00:00;1674861.082;-1.90124
2024-12-30 14:00:00+00:00;1771442.211;-2.125
2024-12-30 15:00:00+00:00;1827674.782;-1.580155
2024-12-30 16:00:00+00:00;1882988.546;0.0
2024-12-30 17:00:00+00:00;1943213.728;0.0
2024-12-30 18:00:00+00:00;1941128.755;0.0
2024-12-30 19:00:00+00:00;1889719.564;0.0
2024-12-30 20:00:00+00:00;2153491.603;0.0
2024-12-30 21:00:00+00:00;2183789.047;0.0
2024-12-30 22:00:00+00:00;2023166.431;0.0
2024-12-30 23:00:00+00:00;1897264.09;-0.425
2024-12-31 00:00:00+00:00;1799273.833;-1.0625
2024-12-31 01:00:00+00:00;1720243.702;-1.0625
2024-12-31 02:00:00+00:00;1665090.27;-1.3824999999999998
2024-12-31 03:00:00+00:00;1657199.476;-1.8625
2024-12-31 04:00:00+00:00;1675685.93;-1.8625
2024-12-31 05:00:00+00:00;1615739.193;-1.8625
2024-12-31 06:00:00+00:00;1669905.032;-1.8625
2024-12-31 07:00:00+00:00;1729129.831;-1.8625
2024-12-31 08:00:00+00:00;1776181.597;-1.8625
2024-12-31 09:00:00+00:00;1803753.764;-1.8625
2024-12-31 10:00:00+00:00;1808471.159;-1.8625
2024-12-31 11:00:00+00:00;1818106.745;-1.8625
2024-12-31 12:00:00+00:00;1864306.415;-1.8625
2024-12-31 13:00:00+00:00;1955946.029;-1.8625
2024-12-31 14:00:00+00:00;2048136.287;-1.8625
2024-12-31 15:00:00+00:00;2080038.828;-1.8625
2024-12-31 16:00:00+00:00;2084427.883;-2.76817
2024-12-31 17:00:00+00:00;2083751.544;-2.8688
2024-12-31 18:00:00+00:00;2041237.177;-3.0875399999999997
2024-12-31 19:00:00+00:00;1987832.858;-4.217175
2024-12-31 20:00:00+00:00;2285542.186;-5.6650350000000005
2024-12-31 21:00:00+00:00;2361354.295;-6.65591
2024-12-31 22:00:00+00:00;2255704.981;-7.79342
2024-12-31 23:00:00+00:00;2114560.941;-8.15
2025-01-01 00:00:00+00:00;1999954.976;-8.15
2025-01-01 01:00:00+00:00;1915146.29;-8.15
2025-01-01 02:00:00+00:00;1844034.577;-7.984999999999999
2025-01-01 03:00:00+00:00;1793327.451;-7.7375
2025-01-01 04:00:00+00:00;1760022.763;-7.7375
2025-01-01 05:00:00+00:00;1654768.247;-7.7375
2025-01-01 06:00:00+00:00;1691426.919;-8.3875
2025-01-01 07:00:00+00:00;1751600.511;-8.7375
2025-01-01 08:00:00+00:00;1814235.971;-8.7375
2025-01-01 09:00:00+00:00;1859480.072;-8.7375
2025-01-01 10:00:00+00:00;1873041.566;-8.7375
2025-01-01 11:00:00+00:00;1879342.249;-8.7375
2025-01-01 12:00:00+00:00;1884287.083;-7.85027
2025-01-01 13:00:00+00:00;1919970.776;-7.6937
2025-01-01 14:00:00+00:00;1979732.779;-7.6937
2025-01-01 15:00:00+00:00;2027160.211;-7.6937
2025-01-01 16:00:00+00:00;2083947.088;-7.6937
2025-01-01 17:00:00+00:00;2111911.497;-7.6937
2025-01-01 18:00:00+00:00;2078251.66;-7.3730899999999995
2025-01-01 19:00:00+00:00;2006945.726;-6.625
2025-01-01 20:00:00+00:00;2261701.19;-6.625
2025-01-01 21:00:00+00:00;2292968.076;-6.6753100000000005
2025-01-01 22:00:00+00:00;2165576.543;-7.6312
2025-01-01 23:00:00+00:00;2073154.26;-7.6312
2025-01-02 00:00:00+00:00;2014238.625;-7.6312
2025-01-02 01:00:00+00:00;1964025.891;-7.6312
2025-01-02 02:00:00+00:00;1937981.143;-7.291239999999999
2025-01-02 03:00:00+00:00;1929513.495;-6.7813
2025-01-02 04:00:00+00:00;1931091.804;-6.7813
2025-01-02 05:00:00+00:00;1852586.644;-6.7813
2025-01-02 06:00:00+00:00;1892885.243;-7.134009999999999
2025-01-02 07:00:00+00:00;1926733.6;-7.938785
2025-01-02 08:00:00+00:00;1950169.363;-8.8312
2025-01-02 09:00:00+00:00;1963110.117;-8.8312
2025-01-02 10:00:00+00:00;1956430.462;-8.8312
2025-01-02 11:00:00+00:00;1945187.753;-8.8312
2025-01-02 12:00:00+00:00;1943887.908;-8.8312
2025-01-02 13:00:00+00:00;1983709.858;-8.8312
2025-01-02 14:00:00+00:00;2053895.583;-8.09932
2025-01-02 15:00:00+00:00;2086939.674;-7.825
2025-01-02 16:00:00+00:00;2111958.62;-7.825
2025-01-02 17:00:00+00:00;2142280.814;-7.825
2025-01-02 18:00:00+00:00;2142571.767;-7.825
2025-01-02 19:00:00+00:00;2086830.433;-7.825
2025-01-02 20:00:00+00:00;2377681.715;-7.825
2025-01-02 21:00:00+00:00;2416244.918;-7.928750000000001
2025-01-02 22:00:00+00:00;2276130.602;-9.48878
2025-01-02 23:00:00+00:00;2165471.063;-10.50612
2025-01-03 00:00:00+00:00;2074159.512;-11.86225
2025-01-03 01:00:00+00:00;2052204.51;-12.826749999999999
2025-01-03 02:00:00+00:00;2031051.467;-12.8738
2025-01-03 03:00:00+00:00;2022734.863;-12.563
2025-01-03 04:00:00+00:00;2016561.685;-12.563
2025-01-03 05:00:00+00:00;1930538.005;-13.1163
2025-01-03 06:00:00+00:00;1962107.855;-13.568999999999999
2025-01-03 07:00:00+00:00;2000876.199;-13.568999999999999
2025-01-03 08:00:00+00:00;2032331.528;-14.111699999999999
2025-01-03 09:00:00+00:00;2061004.585;-14.681000000000001
2025-01-03 10:00:00+00:00;2049959.797;-14.681000000000001
2025-01-03 11:00:00+00:00;2051515.586;-14.681000000000001
2025-01-03 12:00:00+00:00;2057904.07;-14.681000000000001
2025-01-03 13:00:00+00:00;2119533.708;-15.7
2025-01-03 14:00:00+00:00;2215742.736;-16.3522
2025-01-03 15:00:00+00:00;2287606.521;-17.1146
2025-01-03 16:00:00+00:00;2363989.732;-17.819
2025-01-03 17:00:00+00:00;2424094.656;-17.819
2025-01-03 18:00:00+00:00;2431035.511;-17.819
2025-01-03 19:00:00+00:00;2408952.644;-16.969
2025-01-03 20:00:00+00:00;2689555.585;-16.819
2025-01-03 21:00:00+00:00;2730720.177;-16.819
2025-01-03 22:00:00+00:00;2591714.46;-16.819
2025-01-03 23:00:00+00:00;2505247.89;-16.819
2025-01-04 00:00:00+00:00;2421185.063;-16.1812
2025-01-04 01:00:00+00:00;2337405.392;-15.756
2025-01-04 02:00:00+00:00;2263445.449;-15.48375
2025-01-04 03:00:00+00:00;2243075.966;-15.125
2025-01-04 04:00:00+00:00;2211946.125;-15.125
2025-01-04 05:00:00+00:00;2119612.561;-15.125
2025-01-04 06:00:00+00:00;2170223.848;-14.3756
2025-01-04 07:00:00+00:00;2232833.731;-14.044
2025-01-04 08:00:00+00:00;2270538.691;-14.044
2025-01-04 09:00:00+00:00;2279122.454;-13.9402
2025-01-04 10:00:00+00:00;2256577.399;-13.006
2025-01-04 11:00:00+00:00;2227989.698;-13.114799999999999
2025-01-04 12:00:00+00:00;2237566.539;-14.470249999999998
2025-01-04 13:00:00+00:00;2239349.383;-15.406
2025-01-04 14:00:00+00:00;2284781.426;-16.206
2025-01-04 15:00:00+00:00;2344091.789;-17.17405
2025-01-04 16:00:00+00:00;2407567.558;-18.21525
2025-01-04 17:00:00+00:00;2400384.549;-18.7285
2025-01-04 18:00:00+00:00;2322708.41;-19.306
2025-01-04 19:00:00+00:00;2225359.932;-20.362
2025-01-04 20:00:00+00:00;2481757.244;-20.362
2025-01-04 21:00:00+00:00;2548633.581;-20.5195
2025-01-04 22:00:00+00:00;2423885.778;-21.412
2025-01-04 23:00:00+00:00;2322118.541;-21.673
2025-01-05 00:00:00+00:00;2205015.492;-22.456
2025-01-05 01:00:00+00:00;2109274.459;-23.25325
2025-01-05 02:00:00+00:00;2047301.975;-23.770799999999998
2025-01-05 03:00:00+00:00;2016928.187;-24.112
2025-01-05 04:00:00+00:00;2013094.025;-24.112
2025-01-05 05:00:00+00:00;1943130.502;-24.112
2025-01-05 06:00:00+00:00;2032729.41;-24.5572
2025-01-05 07:00:00+00:00;2137649.762;-25.225
2025-01-05 08:00:00+00:00;2220270.647;-24.088900000000002
2025-01-05 09:00:00+00:00;2270039.645;-23.1432
2025-01-05 10:00:00+00:00;2277175.221;-23.063
2025-01-05 11:00:00+00:00;2272518.673;-23.063
2025-01-05 12:00:00+00:00;2285732.952;-23.063
2025-01-05 13:00:00+00:00;2331802.448;-22.33225
2025-01-05 14:00:00+00:00;2413900.249;-20.590600000000002
2025-01-05 15:00:00+00:00;2489521.307;-19.931
2025-01-05 16:00:00+00:00;2561531.071;-19.326
2025-01-05 17:00:00+00:00;2596092.412;-18.831
2025-01-05 18:00:00+00:00;2587082.01;-17.781
2025-01-05 19:00:00+00:00;2575589.41;-16.8885
2025-01-05 20:00:00+00:00;2828362.879;-15.8462
2025-01-05 21:00:00+00:00;2860829.023;-15.075
2025-01-05 22:00:00+00:00;2693276.279;-14.18535
2025-01-05 23:00:00+00:00;2472297.06;-13.519
2025-01-06 00:00:00+00:00;2360012.437;-13.3145
2025-01-06 01:00:00+00:00;2275301.196;-12.3858
2025-01-06 02:00:00+00:00;2213060.649;-11.4572
2025-01-06 03:00:00+00:00;2177523.851;-11.0502
2025-01-06 04:00:00+00:00;2143324.679;-10.338999999999999
2025-01-06 05:00:00+00:00;2042136.138;-11.68585
2025-01-06 06:00:00+00:00;2097474.059;-12.444
2025-01-06 07:00:00+00:00;2175439.083;-12.444
2025-01-06 08:00:00+00:00;2228904.762;-12.444
2025-01-06 09:00:00+00:00;2249348.178;-12.444
2025-01-06 10:00:00+00:00;2244117.837;-12.444
2025-01-06 11:00:00+00:00;2213652.939;-12.444
2025-01-06 12:00:00+00:00;2192531.174;-12.444
2025-01-06 13:00:00+00:00;2203707.31;-12.444
2025-01-06 14:00:00+00:00;2252171.368;-11.765400000000001
2025-01-06 15:00:00+00:00;2292631.416;-11.4
2025-01-06 16:00:00+00:00;2341744.53;-11.101
2025-01-06 17:00:00+00:00;2362991.399;-10.35
2025-01-06 18:00:00+00:00;2313371.945;-10.35
2025-01-06 19:00:00+00:00;2236729.967;-10.35
2025-01-06 20:00:00+00:00;2476572.103;-10.35
2025-01-06 21:00:00+00:00;2530133.687;-9.866249999999999
2025-01-06 22:00:00+00:00;2372220.084;-9.275
2025-01-06 23:00:00+00:00;2209580.634;-9.275
2025-01-07 00:00:00+00:00;2150786.352;-9.275
2025-01-07 01:00:00+00:00;2091316.308;-9.275
2025-01-07 02:00:00+00:00;2058793.47;-9.117700000000001
2025-01-07 03:00:00+00:00;2046765.301;-8.9
2025-01-07 04:00:00+00:00;2079992.802;-8.9
2025-01-07 05:00:00+00:00;1965021.474;-8.9
2025-01-07 06:00:00+00:00;1933509.888;-9.30748
2025-01-07 07:00:00+00:00;1915770.028;-10.506264999999999
2025-01-07 08:00:00+00:00;1907487.642;-10.987
2025-01-07 09:00:00+00:00;1913549.435;-10.987
2025-01-07 10:00:00+00:00;1895222.142;-10.83238
2025-01-07 11:00:00+00:00;1876862.989;-9.9562
2025-01-07 12:00:00+00:00;1881262.489;-9.9562
2025-01-07 13:00:00+00:00;1937615.608;-9.9562
2025-01-07 14:00:00+00:00;2037667.172;-9.9562
2025-01-07 15:00:00+00:00;2097756.53;-9.9562
2025-01-07 16:00:00+00:00;2132451.979;-9.9562
2025-01-07 17:00:00+00:00;2182115.27;-9.9562
2025-01-07 18:00:00+00:00;2188337.785;-9.9562
2025-01-07 19:00:00+00:00;2099000.595;-9.9562
2025-01-07 20:00:00+00:00;2336973.981;-9.9562
2025-01-07 21:00:00+00:00;2353114.297;-9.9562
2025-01-07 22:00:00+00:00;2194295.701;-9.9562
2025-01-07 23:00:00+00:00;2025733.32;-9.9562
2025-01-08 00:00:00+00:00;1892835.017;-9.85121
2025-01-08 01:00:00+00:00;1783574.967;-8.9063
2025-01-08 02:00:00+00:00;1736942.304;-8.85878
2025-01-08 03:00:00+00:00;1741524.318;-8.7875
2025-01-08 04:00:00+00:00;1779784.493;-8.7875
2025-01-08 05:00:00+00:00;1702745.353;-8.7875
2025-01-08 06:00:00+00:00;1664534.561;-8.174455
2025-01-08 07:00:00+00:00;1638991.189;-8.175
2025-01-08 08:00:00+00:00;1628753.586;-8.175
2025-01-08 09:00:00+00:00;1626512.188;-7.102119999999999
2025-01-08 10:00:00+00:00;1611416.327;-7.05
2025-01-08 11:00:00+00:00;1602890.118;-7.05
2025-01-08 12:00:00+00:00;1621199.078;-7.05
2025-01-08 13:00:00+00:00;1689127.169;-7.05
2025-01-08 14:00:00+00:00;1803448.409;-7.05
2025-01-08 15:00:00+00:00;1861967.423;-7.05
2025-01-08 16:00:00+00:00;1910900.537;-7.05
2025-01-08 17:00:00+00:00;1969467.044;-7.05
2025-01-08 18:00:00+00:00;1954138.124;-7.05
2025-01-08 19:00:00+00:00;1893152.036;-7.05
2025-01-08 20:00:00+00:00;2147068.865;-7.05
2025-01-08 21:00:00+00:00;2167102.679;-7.05
2025-01-08 22:00:00+00:00;2041331.252;-7.05
2025-01-08 23:00:00+00:00;1933238.662;-7.05
2025-01-09 00:00:00+00:00;1866024.255;-7.05
2025-01-09 01:00:00+00:00;1802592.743;-7.05
2025-01-09 02:00:00+00:00;1755961.44;-7.23748
2025-01-09 03:00:00+00:00;1756326.872;-7.5187
2025-01-09 04:00:00+00:00;1803581.633;-7.5187
2025-01-09 05:00:00+00:00;1730593.441;-7.5187
2025-01-09 06:00:00+00:00;1700588.039;-8.17372
2025-01-09 07:00:00+00:00;1683330.878;-8.5812
2025-01-09 08:00:00+00:00;1685147.232;-8.5812
2025-01-09 09:00:00+00:00;1696601.469;-8.5812
2025-01-09 10:00:00+00:00;1687037.409;-8.5812
2025-01-09 11:00:00+00:00;1686293.066;-9.241525000000001
2025-01-09 12:00:00+00:00;1719168.305;-10.44135
2025-01-09 13:00:00+00:00;1793347.939;-11.606
2025-01-09 14:00:00+00:00;1902355.886;-11.862
2025-01-09 15:00:00+00:00;1952562.506;-11.862
2025-01-09 16:00:00+00:00;1990579.093;-11.80735
2025-01-09 17:00:00+00:00;2042059.724;-10.769
2025-01-09 18:00:00+00:00;2049956.166;-10.769
2025-01-09 19:00:00+00:00;1993915.547;-10.769
2025-01-09 20:00:00+00:00;2265129.641;-10.769
2025-01-09 21:00:00+00:00;2284832.289;-10.769
2025-01-09 22:00:00+00:00;2140812.754;-10.769
2025-01-09 23:00:00+00:00;1997934.903;-10.769
2025-01-10 00:00:00+00:00;1926040.503;-10.769
2025-01-10 01:00:00+00:00;1880026.761;-11.56485
2025-01-10 02:00:00+00:00;1861812.691;-11.888
2025-01-10 03:00:00+00:00;1852277.727;-12.05
2025-01-10 04:00:00+00:00;1877496.0;-12.05
2025-01-10 05:00:00+00:00;1794732.012;-13.0221
2025-01-10 06:00:00+00:00;1778383.631;-13.231
2025-01-10 07:00:00+00:00;1763572.55;-13.231
2025-01-10 08:00:00+00:00;1764177.862;-13.282900000000001
2025-01-10 09:00:00+00:00;1781797.346;-14.269
2025-01-10 10:00:00+00:00;1785058.094;-14.269
2025-01-10 11:00:00+00:00;1797511.878;-14.3708
2025-01-10 12:00:00+00:00;1835100.738;-15.4493
2025-01-10 13:00:00+00:00;1903277.212;-16.6345
2025-01-10 14:00:00+00:00;2004180.175;-17.7985
2025-01-10 15:00:00+00:00;2059702.164;-18.481
2025-01-10 16:00:00+00:00;2109996.551;-19.1002
2025-01-10 17:00:00+00:00;2151119.928;-19.513
2025-01-10 18:00:00+00:00;2148727.444;-20.352899999999998
2025-01-10 19:00:00+00:00;2143834.099;-20.575
2025-01-10 20:00:00+00:00;2431607.831;-20.575
2025-01-10 21:00:00+00:00;2457277.638;-20.575
2025-01-10 22:00:00+00:00;2293995.102;-20.575
2025-01-10 23:00:00+00:00;2152448.636;-20.575
2025-01-11 00:00:00+00:00;2081417.028;-20.575
2025-01-11 01:00:00+00:00;2027409.002;-20.575
2025-01-11 02:00:00+00:00;1973642.517;-20.6332
2025-01-11 03:00:00+00:00;1921701.039;-20.769
2025-01-11 04:00:00+00:00;1894232.072;-20.769
2025-01-11 05:00:00+00:00;1818656.823;-20.769
2025-01-11 06:00:00+00:00;1903911.161;-20.769
2025-01-11 07:00:00+00:00;1987380.388;-20.769
2025-01-11 08:00:00+00:00;2044972.011;-19.9905
2025-01-11 09:00:00+00:00;2077826.4;-19.0938
2025-01-11 10:00:00+00:00;2079278.098;-18.669
2025-01-11 11:00:00+00:00;2065998.47;-18.669
2025-01-11 12:00:00+00:00;2070637.531;-18.669
2025-01-11 13:00:00+00:00;2122572.233;-18.669
2025-01-11 14:00:00+00:00;2219844.176;-17.8321
2025-01-11 15:00:00+00:00;2325384.771;-17.631
2025-01-11 16:00:00+00:00;2422487.52;-17.631
2025-01-11 17:00:00+00:00;2436593.902;-17.631
2025-01-11 18:00:00+00:00;2350127.446;-17.98765
2025-01-11 19:00:00+00:00;2228199.326;-18.70715
2025-01-11 20:00:00+00:00;2482325.785;-19.681
2025-01-11 21:00:00+00:00;2532282.406;-19.681
2025-01-11 22:00:00+00:00;2411156.19;-20.2618
2025-01-11 23:00:00+00:00;2298462.24;-20.737
2025-01-12 00:00:00+00:00;2236538.251;-21.27415
2025-01-12 01:00:00+00:00;2172747.87;-21.8
2025-01-12 02:00:00+00:00;2119208.452;-21.8125
2025-01-12 03:00:00+00:00;2097294.249;-21.85
2025-01-12 04:00:00+00:00;2094340.376;-21.85
2025-01-12 05:00:00+00:00;2028375.632;-20.9074
2025-01-12 06:00:00+00:00;2121273.983;-20.781
2025-01-12 07:00:00+00:00;2221508.231;-20.781
2025-01-12 08:00:00+00:00;2277739.35;-19.574949999999998
2025-01-12 09:00:00+00:00;2282846.035;-17.3642
2025-01-12 10:00:00+00:00;2240540.759;-15.190999999999999
2025-01-12 11:00:00+00:00;2199335.386;-13.458000000000002
2025-01-12 12:00:00+00:00;2192195.097;-12.23475
2025-01-12 13:00:00+00:00;2226319.922;-9.890475
2025-01-12 14:00:00+00:00;2303043.123;-8.806875
2025-01-12 15:00:00+00:00;2369850.059;-6.647235
2025-01-12 16:00:00+00:00;2431828.201;-6.0313
2025-01-12 17:00:00+00:00;2465205.59;-5.0159400000000005
2025-01-12 18:00:00+00:00;2412114.402;-4.9625
2025-01-12 19:00:00+00:00;2315201.274;-4.9625
2025-01-12 20:00:00+00:00;2536970.535;-4.9625
2025-01-12 21:00:00+00:00;2560582.075;-4.9625
2025-01-12 22:00:00+00:00;2408589.37;-4.717820000000001
2025-01-12 23:00:00+00:00;2277255.013;-3.9187
2025-01-13 00:00:00+00:00;2161466.694;-3.9187
2025-01-13 01:00:00+00:00;2088515.583;-3.9187
2025-01-13 02:00:00+00:00;2057441.746;-4.946295
2025-01-13 03:00:00+00:00;2053112.193;-5.4
2025-01-13 04:00:00+00:00;2057580.85;-6.178125
2025-01-13 05:00:00+00:00;1957656.939;-6.4375
2025-01-13 06:00:00+00:00;1920649.851;-6.4375
2025-01-13 07:00:00+00:00;1889645.14;-7.2880650000000005
2025-01-13 08:00:00+00:00;1883706.473;-7.329434999999999
2025-01-13 09:00:00+00:00;1870236.89;-6.4938
2025-01-13 10:00:00+00:00;1842748.095;-5.893800000000001
2025-01-13 11:00:00+00:00;1821542.101;-4.52063
2025-01-13 12:00:00+00:00;1848104.038;-4.4125
2025-01-13 13:00:00+00:00;1917052.867;-3.60625
2025-01-13 14:00:00+00:00;2027232.452;-3.3375
2025-01-13 15:00:00+00:00;2071881.012;-3.28594
2025-01-13 16:00:00+00:00;2099106.768;-2.3063
2025-01-13 17:00:00+00:00;2139030.86;-2.21228
2025-01-13 18:00:00+00:00;2107606.633;-1.2062
2025-01-13 19:00:00+00:00;2005305.021;-0.060309999999999996
2025-01-13 20:00:00+00:00;2229534.916;0.61128
2025-01-13 21:00:00+00:00;2214894.943;2.0162050000000002
2025-01-13 22:00:00+00:00;2044401.308;2.0687
2025-01-13 23:00:00+00:00;1883994.859;2.0687
2025-01-14 00:00:00+00:00;1771075.047;2.70248
2025-01-14 01:00:00+00:00;1680970.24;3.125
2025-01-14 02:00:00+00:00;1621145.57;3.1774999999999998
2025-01-14 03:00:00+00:00;1592200.269;3.3875
2025-01-14 04:00:00+00:00;1619254.042;3.3875
2025-01-14 05:00:00+00:00;1541714.793;3.3875
2025-01-14 06:00:00+00:00;1514851.86;3.3875
2025-01-14 07:00:00+00:00;1488671.66;3.3875
2025-01-14 08:00:00+00:00;1474683.526;3.3875
2025-01-14 09:00:00+00:00;1469432.243;3.3875
2025-01-14 10:00:00+00:00;1453333.722;3.3875
2025-01-14 11:00:00+00:00;1436647.381;3.3875
2025-01-14 12:00:00+00:00;1457407.036;3.3875
2025-01-14 13:00:00+00:00;1528867.57;2.6087499999999997
2025-01-14 14:00:00+00:00;1648010.805;1.1047150000000001
2025-01-14 15:00:00+00:00;1719813.059;0.7515950000000001
2025-01-14 16:00:00+00:00;1778799.188;1.1563
2025-01-14 17:00:00+00:00;1851588.574;0.6937800000000001
2025-01-14 18:00:00+00:00;1845473.037;0.0
2025-01-14 19:00:00+00:00;1780244.241;-0.74375
2025-01-14 20:00:00+00:00;2021173.618;-1.434375
2025-01-14 21:00:00+00:00;2014490.794;-2.125
2025-01-14 22:00:00+00:00;1856470.97;-2.549025
2025-01-14 23:00:00+00:00;1693246.661;-3.1687
2025-01-15 00:00:00+00:00;1610694.075;-3.90854
2025-01-15 01:00:00+00:00;1551992.13;-5.2625
2025-01-15 02:00:00+00:00;1533055.602;-6.24248
2025-01-15 03:00:00+00:00;1567613.935;-7.0
2025-01-15 04:00:00+00:00;1636421.619;-7.43633
2025-01-15 05:00:00+00:00;1583561.703;-8.0375
2025-01-15 06:00:00+00:00;1567086.294;-8.0375
2025-01-15 07:00:00+00:00;1547987.907;-8.0375
2025-01-15 08:00:00+00:00;1545010.126;-7.2875
2025-01-15 09:00:00+00:00;1566826.505;-5.72258
2025-01-15 10:00:00+00:00;1558682.598;-4.975
2025-01-15 11:00:00+00:00;1566625.302;-4.975
2025-01-15 12:00:00+00:00;1602220.162;-4.050625
2025-01-15 13:00:00+00:00;1695330.763;-3.621875
2025-01-15 14:00:00+00:00;1825077.036;-2.825
2025-01-15 15:00:00+00:00;1908282.413;-1.807845
2025-01-15 16:00:00+00:00;1982747.584;-0.69562
2025-01-15 17:00:00+00:00;2036215.443;1.05341
2025-01-15 18:00:00+00:00;2011217.814;1.5062
2025-01-15 19:00:00+00:00;1898221.767;2.0530999999999997
2025-01-15 20:00:00+00:00;2117117.233;2.6
2025-01-15 21:00:00+00:00;2098954.615;2.959955
2025-01-15 22:00:00+00:00;1920745.442;3.6563000000000003
2025-01-15 23:00:00+00:00;1755696.404;3.6563000000000003
2025-01-16 00:00:00+00:00;1661326.832;3.6563000000000003
2025-01-16 01:00:00+00:00;1562880.603;3.6563000000000003
2025-01-16 02:00:00+00:00;1497855.306;3.716135
2025-01-16 03:00:00+00:00;1481395.116;4.1125
2025-01-16 04:00:00+00:00;1514912.656;4.1125
2025-01-16 05:00:00+00:00;1451317.577;4.1125
2025-01-16 06:00:00+00:00;1434915.533;4.1125
2025-01-16 07:00:00+00:00;1410306.609;4.1125
2025-01-16 08:00:00+00:00;1393214.037;4.1125
2025-01-16 09:00:00+00:00;1375946.888;4.1125
2025-01-16 10:00:00+00:00;1344133.82;4.1125
2025-01-16 11:00:00+00:00;1322425.947;4.1125
2025-01-16 12:00:00+00:00;1340327.764;4.1125
2025-01-16 13:00:00+00:00;1416077.451;4.1125
2025-01-16 14:00:00+00:00;1540527.987;4.1125
2025-01-16 15:00:00+00:00;1616228.716;3.2825
2025-01-16 16:00:00+00:00;1671418.545;3.075
2025-01-16 17:00:00+00:00;1735479.0;3.075
2025-01-16 18:00:00+00:00;1728763.683;3.075
2025-01-16 19:00:00+00:00;1650249.149;3.075
2025-01-16 20:00:00+00:00;1907001.821;3.075
2025-01-16 21:00:00+00:00;1901942.071;3.075
2025-01-16 22:00:00+00:00;1736273.475;3.075
2025-01-16 23:00:00+00:00;1598534.655;2.3925
2025-01-17 00:00:00+00:00;1519912.767;2.025
2025-01-17 01:00:00+00:00;1453579.56;1.9703125
2025-01-17 02:00:00+00:00;1411723.381;1.2943925
2025-01-17 03:00:00+00:00;1420204.067;0.6874525
2025-01-17 04:00:00+00:00;1481235.247;-0.5
2025-01-17 05:00:00+00:00;1447937.811;0.4618749999999999
2025-01-17 06:00:00+00:00;1458568.601;0.5125
2025-01-17 07:00:00+00:00;1445613.664;0.5125
2025-01-17 08:00:00+00:00;1428027.089;0.5125
2025-01-17 09:00:00+00:00;1411564.542;1.525
2025-01-17 10:00:00+00:00;1391564.133;2.47567
2025-01-17 11:00:00+00:00;1387632.572;2.5813
2025-01-17 12:00:00+00:00;1421755.74;2.5813
2025-01-17 13:00:00+00:00;1494728.225;3.552505
2025-01-17 14:00:00+00:00;1605701.471;4.425
2025-01-17 15:00:00+00:00;1681793.086;4.625
2025-01-17 16:00:00+00:00;1752315.084;4.625
2025-01-17 17:00:00+00:00;1795085.339;4.625
2025-01-17 18:00:00+00:00;1753614.792;4.5137599999999996
2025-01-17 19:00:00+00:00;1682567.353;4.3625
2025-01-17 20:00:00+00:00;1954804.143;4.3625
2025-01-17 21:00:00+00:00;1964989.369;4.20435
2025-01-17 22:00:00+00:00;1817302.601;3.8717349999999997
2025-01-17 23:00:00+00:00;1641342.496;4.45
2025-01-18 00:00:00+00:00;1513880.565;4.45
2025-01-18 01:00:00+00:00;1414655.153;4.7725
2025-01-18 02:00:00+00:00;1346206.622;5.45375
2025-01-18 03:00:00+00:00;1319784.061;5.2875
2025-01-18 04:00:00+00:00;1327626.682;4.65702
2025-01-18 05:00:00+00:00;1297130.135;3.7
2025-01-18 06:00:00+00:00;1398056.918;3.175
2025-01-18 07:00:00+00:00;1477875.066;2.3177899999999996
2025-01-18 08:00:00+00:00;1513394.829;2.1188
2025-01-18 09:00:00+00:00;1520925.472;2.1188
2025-01-18 10:00:00+00:00;1506176.09;2.1188
2025-01-18 11:00:00+00:00;1498621.525;1.47752
2025-01-18 12:00:00+00:00;1518225.481;1.05
2025-01-18 13:00:00+00:00;1585295.333;1.05
2025-01-18 14:00:00+00:00;1708502.136;1.05
2025-01-18 15:00:00+00:00;1858330.474;1.05
2025-01-18 16:00:00+00:00;1983132.864;0.127723
2025-01-18 17:00:00+00:00;2013080.643;0.0
2025-01-18 18:00:00+00:00;1921210.678;0.0
2025-01-18 19:00:00+00:00;1797533.817;0.0
2025-01-18 20:00:00+00:00;2046544.466;0.0
2025-01-18 21:00:00+00:00;2081755.903;0.0
2025-01-18 22:00:00+00:00;1935137.437;-0.9274800000000001
2025-01-18 23:00:00+00:00;1759533.265;-2.1
2025-01-19 00:00:00+00:00;1673586.268;-2.1
2025-01-19 01:00:00+00:00;1607784.623;-2.1
2025-01-19 02:00:00+00:00;1565686.124;-2.05875
2025-01-19 03:00:00+00:00;1541296.467;-1.9625
2025-01-19 04:00:00+00:00;1531464.965;-1.9625
2025-01-19 05:00:00+00:00;1465473.028;-1.25375
2025-01-19 06:00:00+00:00;1537781.221;-0.95
2025-01-19 07:00:00+00:00;1613835.144;-0.95
2025-01-19 08:00:00+00:00;1662814.986;-0.95
2025-01-19 09:00:00+00:00;1681992.767;-0.95
2025-01-19 10:00:00+00:00;1675065.37;0.67873
2025-01-19 11:00:00+00:00;1664801.866;3.59625
2025-01-19 12:00:00+00:00;1659200.152;3.65
2025-01-19 13:00:00+00:00;1690454.892;2.59247
2025-01-19 14:00:00+00:00;1763107.228;1.19504
2025-01-19 15:00:00+00:00;1843803.181;0.0
2025-01-19 16:00:00+00:00;1938523.46;0.0
2025-01-19 17:00:00+00:00;1974182.647;-0.41954449999999993
2025-01-19 18:00:00+00:00;1913832.685;-1.178075
2025-01-19 19:00:00+00:00;1808549.406;-2.0812
2025-01-19 20:00:00+00:00;2057234.14;-2.0812
2025-01-19 21:00:00+00:00;2073035.641;-2.5424499999999997
2025-01-19 22:00:00+00:00;1935781.754;-3.1062
2025-01-19 23:00:00+00:00;1774937.264;-4.004910000000001
2025-01-20 00:00:00+00:00;1677400.304;-4.371825
2025-01-20 01:00:00+00:00;1622829.466;-5.1687
2025-01-20 02:00:00+00:00;1610758.21;-6.243125
2025-01-20 03:00:00+00:00;1648345.587;-6.625
2025-01-20 04:00:00+00:00;1718246.05;-6.625
2025-01-20 05:00:00+00:00;1664850.076;-7.57567
2025-01-20 06:00:00+00:00;1639210.925;-8.19375
2025-01-20 07:00:00+00:00;1617659.418;-8.7062
2025-01-20 08:00:00+00:00;1601867.596;-9.28524
2025-01-20 09:00:00+00:00;1588233.497;-9.7813
2025-01-20 10:00:00+00:00;1559846.281;-8.81344
2025-01-20 11:00:00+00:00;1548481.621;-8.7625
2025-01-20 12:00:00+00:00;1582122.971;-8.7625
2025-01-20 13:00:00+00:00;1677857.566;-9.978204999999999
2025-01-20 14:00:00+00:00;1813620.581;-10.9259
2025-01-20 15:00:00+00:00;1887858.631;-11.6622
2025-01-20 16:00:00+00:00;1935743.696;-12.3
2025-01-20 17:00:00+00:00;1999892.409;-12.5074
2025-01-20 18:00:00+00:00;2031494.172;-13.337
2025-01-20 19:00:00+00:00;2042391.33;-13.337
2025-01-20 20:00:00+00:00;2312585.87;-14.050299999999998
2025-01-20 21:00:00+00:00;2362675.828;-14.356
2025-01-20 22:00:00+00:00;2285344.23;-14.356
2025-01-20 23:00:00+00:00;2149240.676;-14.356
2025-01-21 00:00:00+00:00;2040965.463;-14.356
2025-01-21 01:00:00+00:00;1974435.597;-14.83835
2025-01-21 02:00:00+00:00;1956810.015;-15.3586
2025-01-21 03:00:00+00:00;1976369.958;-15.087
2025-01-21 04:00:00+00:00;2040376.733;-15.087
2025-01-21 05:00:00+00:00;1962345.997;-15.087
2025-01-21 06:00:00+00:00;1922355.542;-15.087
2025-01-21 07:00:00+00:00;1895904.312;-14.5304
2025-01-21 08:00:00+00:00;1888232.373;-14.075000000000001
2025-01-21 09:00:00+00:00;1889138.732;-13.59563157894737
2025-01-21 10:00:00+00:00;1889074.173;-13.062999999999999
2025-01-21 11:00:00+00:00;1886006.397;-13.062999999999999
2025-01-21 12:00:00+00:00;1915759.392;-13.062999999999999
2025-01-21 13:00:00+00:00;1999662.588;-13.062999999999999
2025-01-21 14:00:00+00:00;2122638.147;-12.745500000000002
2025-01-21 15:00:00+00:00;2204127.714;-12.063
2025-01-21 16:00:00+00:00;2276484.989;-12.063
2025-01-21 17:00:00+00:00;2368231.374;-12.063
2025-01-21 18:00:00+00:00;2425778.473;-11.3539
2025-01-21 19:00:00+00:00;2350382.672;-11.05
2025-01-21 20:00:00+00:00;2577819.527;-11.05
2025-01-21 21:00:00+00:00;2564665.738;-11.05
2025-01-21 22:00:00+00:00;2392140.178;-10.016875
2025-01-21 23:00:00+00:00;2185873.008;-9.9625
2025-01-22 00:00:00+00:00;2067519.305;-9.9625
2025-01-22 01:00:00+00:00;1980459.254;-9.9625
2025-01-22 02:00:00+00:00;1932716.503;-9.854695000000001
2025-01-22 03:00:00+00:00;1933001.483;-9.2438
2025-01-22 04:00:00+00:00;1971122.131;-9.2438
2025-01-22 05:00:00+00:00;1861277.32;-9.2438
2025-01-22 06:00:00+00:00;1794800.151;-9.2438
2025-01-22 07:00:00+00:00;1751416.164;-9.2438
2025-01-22 08:00:00+00:00;1725543.733;-9.2438
2025-01-22 09:00:00+00:00;1716892.671;-8.534980000000001
2025-01-22 10:00:00+00:00;1691695.276;-8.2312
2025-01-22 11:00:00+00:00;1674585.625;-8.2312
2025-01-22 12:00:00+00:00;1675365.108;-8.2312
2025-01-22 13:00:00+00:00;1727024.277;-8.2312
2025-01-22 14:00:00+00:00;1827580.673;-8.2312
2025-01-22 15:00:00+00:00;1890820.024;-8.2312
2025-01-22 16:00:00+00:00;1935281.284;-8.2312
2025-01-22 17:00:00+00:00;1987109.006;-8.2312
2025-01-22 18:00:00+00:00;1978951.365;-8.2312
2025-01-22 19:00:00+00:00;1910340.133;-8.81287
2025-01-22 20:00:00+00:00;2165541.774;-9.275
2025-01-22 21:00:00+00:00;2186141.396;-9.275
2025-01-22 22:00:00+00:00;2086510.99;-9.83205
2025-01-22 23:00:00+00:00;1927876.097;-10.9669
2025-01-23 00:00:00+00:00;1821736.909;-12.24295
2025-01-23 01:00:00+00:00;1778579.162;-13.425
2025-01-23 02:00:00+00:00;1727917.183;-14.156550000000001
2025-01-23 03:00:00+00:00;1716682.353;-15.156
2025-01-23 04:00:00+00:00;1759078.502;-15.928549999999998
2025-01-23 05:00:00+00:00;1687381.711;-16.2
2025-01-23 06:00:00+00:00;1664961.615;-16.253449999999997
2025-01-23 07:00:00+00:00;1647613.351;-17.269
2025-01-23 08:00:00+00:00;1643024.294;-17.042499999999997
2025-01-23 09:00:00+00:00;1645851.342;-15.5097
2025-01-23 10:00:00+00:00;1634939.066;-15.138
2025-01-23 11:00:00+00:00;1631721.664;-14.5074
2025-01-23 12:00:00+00:00;1642086.626;-13.5465
2025-01-23 13:00:00+00:00;1707497.47;-13.006
2025-01-23 14:00:00+00:00;1838165.956;-13.006
2025-01-23 15:00:00+00:00;1897156.644;-13.006
2025-01-23 16:00:00+00:00;1937953.925;-13.006
2025-01-23 17:00:00+00:00;2000710.391;-13.006
2025-01-23 18:00:00+00:00;2022276.125;-12.214
2025-01-23 19:00:00+00:00;1975889.831;-11.1975
2025-01-23 20:00:00+00:00;2249491.6;-10.82344
2025-01-23 21:00:00+00:00;2292869.226;-9.8438
2025-01-23 22:00:00+00:00;2138068.662;-9.72138
2025-01-23 23:00:00+00:00;1989072.239;-8.775
2025-01-24 00:00:00+00:00;1884094.595;-8.775
2025-01-24 01:00:00+00:00;1808436.005;-8.775
2025-01-24 02:00:00+00:00;1758553.458;-8.709280000000001
2025-01-24 03:00:00+00:00;1752538.172;-8.3937
2025-01-24 04:00:00+00:00;1774928.624;-9.33648
2025-01-24 05:00:00+00:00;1698636.9;-11.16625
2025-01-24 06:00:00+00:00;1666812.435;-11.619
2025-01-24 07:00:00+00:00;1640273.612;-11.281699999999999
2025-01-24 08:00:00+00:00;1625318.181;-10.29365
2025-01-24 09:00:00+00:00;1625704.955;-8.99625
2025-01-24 10:00:00+00:00;1611565.757;-8.5125
2025-01-24 11:00:00+00:00;1594827.833;-7.78561
2025-01-24 12:00:00+00:00;1606038.967;-7.4437
2025-01-24 13:00:00+00:00;1659382.322;-7.4437
2025-01-24 14:00:00+00:00;1760565.867;-6.91245
2025-01-24 15:00:00+00:00;1837576.128;-6.3812
2025-01-24 16:00:00+00:00;1907873.296;-6.3812
2025-01-24 17:00:00+00:00;1946786.064;-5.3625
2025-01-24 18:00:00+00:00;1912868.965;-5.3625
2025-01-24 19:00:00+00:00;1832205.402;-4.817215
2025-01-24 20:00:00+00:00;2103073.454;-4.3125
2025-01-24 21:00:00+00:00;2116659.093;-3.9608649999999996
2025-01-24 22:00:00+00:00;1946104.458;-3.2375
2025-01-24 23:00:00+00:00;1775351.968;-3.2375
2025-01-25 00:00:00+00:00;1671728.869;-2.90936
2025-01-25 01:00:00+00:00;1606532.1;-2.1437
2025-01-25 02:00:00+00:00;1562900.303;-1.93996
2025-01-25 03:00:00+00:00;1537491.621;-0.95625
2025-01-25 04:00:00+00:00;1523503.167;0.0
2025-01-25 05:00:00+00:00;1448944.1;0.0
2025-01-25 06:00:00+00:00;1521704.868;0.0
2025-01-25 07:00:00+00:00;1596748.296;0.0
2025-01-25 08:00:00+00:00;1643932.396;0.0
2025-01-25 09:00:00+00:00;1666779.738;0.0
2025-01-25 10:00:00+00:00;1655243.969;0.242381
2025-01-25 11:00:00+00:00;1633774.86;1.125
2025-01-25 12:00:00+00:00;1628095.008;1.125
2025-01-25 13:00:00+00:00;1656103.71;1.125
2025-01-25 14:00:00+00:00;1741833.045;1.125
2025-01-25 15:00:00+00:00;1864029.474;1.125
2025-01-25 16:00:00+00:00;1974630.299;1.125
2025-01-25 17:00:00+00:00;1977760.609;1.125
2025-01-25 18:00:00+00:00;1868667.208;1.125
2025-01-25 19:00:00+00:00;1724651.524;1.125
2025-01-25 20:00:00+00:00;1968056.997;1.125
2025-01-25 21:00:00+00:00;2002168.683;1.125
2025-01-25 22:00:00+00:00;1877558.72;1.125
2025-01-25 23:00:00+00:00;1678303.119;1.125
2025-01-26 00:00:00+00:00;1546691.148;1.125
2025-01-26 01:00:00+00:00;1443793.272;1.125
2025-01-26 02:00:00+00:00;1378656.886;1.3121550000000002
2025-01-26 03:00:00+00:00;1347314.974;1.8625
2025-01-26 04:00:00+00:00;1342706.253;1.8625
2025-01-26 05:00:00+00:00;1297241.485;1.8625
2025-01-26 06:00:00+00:00;1378056.391;1.8625
2025-01-26 07:00:00+00:00;1463438.859;1.8625
2025-01-26 08:00:00+00:00;1517195.125;1.8625
2025-01-26 09:00:00+00:00;1543163.163;1.8625
2025-01-26 10:00:00+00:00;1543093.76;1.8625
2025-01-26 11:00:00+00:00;1530901.516;1.8625
2025-01-26 12:00:00+00:00;1532722.422;1.8625
2025-01-26 13:00:00+00:00;1562746.515;1.8625
2025-01-26 14:00:00+00:00;1623970.879;1.8625
2025-01-26 15:00:00+00:00;1702041.021;1.4324999999999999
2025-01-26 16:00:00+00:00;1780886.308;0.7875
2025-01-26 17:00:00+00:00;1814565.019;0.7875
2025-01-26 18:00:00+00:00;1747899.608;0.4625
2025-01-26 19:00:00+00:00;1645909.58;-0.7274999999999999
2025-01-26 20:00:00+00:00;1883346.206;-1.5875
2025-01-26 21:00:00+00:00;1908437.324;-1.5875
2025-01-26 22:00:00+00:00;1790462.415;-1.5875
2025-01-26 23:00:00+00:00;1610651.012;-2.6437
2025-01-27 00:00:00+00:00;1516201.778;-2.6437
2025-01-27 01:00:00+00:00;1470241.695;-3.5422800000000003
2025-01-27 02:00:00+00:00;1446652.482;-3.7332349999999996
2025-01-27 03:00:00+00:00;1430571.301;-3.975
2025-01-27 04:00:00+00:00;1473113.353;-3.0356699999999996
2025-01-27 05:00:00+00:00;1425677.574;-2.9313
2025-01-27 06:00:00+00:00;1416148.186;-2.9313
2025-01-27 07:00:00+00:00;1395842.894;-2.9313
2025-01-27 08:00:00+00:00;1387891.928;-2.9313
2025-01-27 09:00:00+00:00;1393923.782;-2.6894549999999997
2025-01-27 10:00:00+00:00;1381518.014;-1.9
2025-01-27 11:00:00+00:00;1375717.87;-1.9
2025-01-27 12:00:00+00:00;1394915.518;-1.9
2025-01-27 13:00:00+00:00;1463312.331;-1.9
2025-01-27 14:00:00+00:00;1582912.985;-1.9
2025-01-27 15:00:00+00:00;1663975.36;-1.9
2025-01-27 16:00:00+00:00;1726700.693;-1.9
2025-01-27 17:00:00+00:00;1786891.609;-1.9
2025-01-27 18:00:00+00:00;1789835.124;-1.9
2025-01-27 19:00:00+00:00;1734429.388;-1.9
2025-01-27 20:00:00+00:00;1997484.687;-1.9
2025-01-27 21:00:00+00:00;2014869.619;-1.9
2025-01-27 22:00:00+00:00;1855306.466;-1.9
2025-01-27 23:00:00+00:00;1722934.267;-1.9
2025-01-28 00:00:00+00:00;1623142.668;-1.9
2025-01-28 01:00:00+00:00;1590189.566;-1.9
2025-01-28 02:00:00+00:00;1537243.895;-1.8899449999999998
2025-01-28 03:00:00+00:00;1527434.73;-1.8375
2025-01-28 04:00:00+00:00;1558368.947;-1.8375
2025-01-28 05:00:00+00:00;1488594.715;-1.8375
2025-01-28 06:00:00+00:00;1465413.246;-1.8375
2025-01-28 07:00:00+00:00;1435609.468;-1.8375
2025-01-28 08:00:00+00:00;1417506.712;-1.8375
2025-01-28 09:00:00+00:00;1414928.597;-1.8375
2025-01-28 10:00:00+00:00;1391534.705;-0.8240575
2025-01-28 11:00:00+00:00;1381163.695;-0.69375
2025-01-28 12:00:00+00:00;1387266.541;-0.69375
2025-01-28 13:00:00+00:00;1438185.299;-0.69375
2025-01-28 14:00:00+00:00;1538745.449;-0.69375
2025-01-28 15:00:00+00:00;1599815.807;-0.69375
2025-01-28 16:00:00+00:00;1647407.229;-0.69375
2025-01-28 17:00:00+00:00;1705960.417;-0.69375
2025-01-28 18:00:00+00:00;1703253.757;-0.69375
2025-01-28 19:00:00+00:00;1635391.58;0.14187500000000003
2025-01-28 20:00:00+00:00;1888837.603;0.5
2025-01-28 21:00:00+00:00;1905660.38;0.5
2025-01-28 22:00:00+00:00;1773335.767;0.5
2025-01-28 23:00:00+00:00;1595137.959;0.5
2025-01-29 00:00:00+00:00;1491479.7;0.5
2025-01-29 01:00:00+00:00;1428541.772;0.5
2025-01-29 02:00:00+00:00;1390744.981;0.507555
2025-01-29 03:00:00+00:00;1381853.677;0.5375
2025-01-29 04:00:00+00:00;1426979.657;0.5375
2025-01-29 05:00:00+00:00;1369905.901;0.5375
2025-01-29 06:00:00+00:00;1348754.965;0.5375
2025-01-29 07:00:00+00:00;1325990.455;0.5375
2025-01-29 08:00:00+00:00;1326447.722;0.5375
2025-01-29 09:00:00+00:00;1340275.096;0.5375
2025-01-29 10:00:00+00:00;1338073.165;0.5375
2025-01-29 11:00:00+00:00;1341093.361;0.5375
2025-01-29 12:00:00+00:00;1369592.911;0.5375
2025-01-29 13:00:00+00:00;1460534.047;0.5375
2025-01-29 14:00:00+00:00;1583498.343;0.5375
2025-01-29 15:00:00+00:00;1675553.856;0.5375
2025-01-29 16:00:00+00:00;1760700.741;0.5375
2025-01-29 17:00:00+00:00;1836824.644;0.5375
2025-01-29 18:00:00+00:00;1829202.206;0.05656249999999998
2025-01-29 19:00:00+00:00;1740825.707;-0.53125
2025-01-29 20:00:00+00:00;1980334.886;-0.53125
2025-01-29 21:00:00+00:00;1984700.545;-0.53125
2025-01-29 22:00:00+00:00;1846755.148;-0.53125
2025-01-29 23:00:00+00:00;1684336.265;-0.53125
2025-01-30 00:00:00+00:00;1556784.548;-0.53125
2025-01-30 01:00:00+00:00;1455719.368;-0.53125
2025-01-30 02:00:00+00:00;1394948.151;-0.438323
2025-01-30 03:00:00+00:00;1387281.36;0.0
2025-01-30 04:00:00+00:00;1431711.39;0.0
2025-01-30 05:00:00+00:00;1376470.82;0.0
2025-01-30 06:00:00+00:00;1360132.935;0.0
2025-01-30 07:00:00+00:00;1341871.013;0.0
2025-01-30 08:00:00+00:00;1342275.36;0.05156500000000001
2025-01-30 09:00:00+00:00;1354134.24;1.0313
2025-01-30 10:00:00+00:00;1354440.508;1.0313
2025-01-30 11:00:00+00:00;1358350.166;1.0313
2025-01-30 12:00:00+00:00;1398598.708;1.0313
2025-01-30 13:00:00+00:00;1464736.063;1.0313
2025-01-30 14:00:00+00:00;1569974.613;1.0313
2025-01-30 15:00:00+00:00;1644331.741;1.0313
2025-01-30 16:00:00+00:00;1703477.982;1.0313
2025-01-30 17:00:00+00:00;1777362.394;1.0313
2025-01-30 18:00:00+00:00;1788286.214;1.0313
2025-01-30 19:00:00+00:00;1748118.683;1.0313
2025-01-30 20:00:00+00:00;2029377.845;0.08396600000000001
2025-01-30 21:00:00+00:00;2054939.345;0.0
2025-01-30 22:00:00+00:00;1902647.562;0.0
2025-01-30 23:00:00+00:00;1754882.465;0.0
2025-01-31 00:00:00+00:00;1667198.936;0.0
2025-01-31 01:00:00+00:00;1574875.956;0.0
2025-01-31 02:00:00+00:00;1513576.832;-0.49843850000000006
2025-01-31 03:00:00+00:00;1505830.648;-1.2813
2025-01-31 04:00:00+00:00;1549618.59;-1.2813
2025-01-31 05:00:00+00:00;1497088.183;-2.3264699999999996
2025-01-31 06:00:00+00:00;1483033.835;-2.3625
2025-01-31 07:00:00+00:00;1458863.125;-2.3625
2025-01-31 08:00:00+00:00;1442429.253;-2.3625
2025-01-31 09:00:00+00:00;1438373.165;-2.3625
2025-01-31 10:00:00+00:00;1419139.349;-2.3625
2025-01-31 11:00:00+00:00;1414271.724;-2.3625
2025-01-31 12:00:00+00:00;1438130.948;-2.9025
2025-01-31 13:00:00+00:00;1512111.191;-3.7418400000000007
2025-01-31 14:00:00+00:00;1615245.125;-4.9137
2025-01-31 15:00:00+00:00;1709467.463;-5.1312
2025-01-31 16:00:00+00:00;1782065.681;-5.1312
2025-01-31 17:00:00+00:00;1830529.815;-5.1312
2025-01-31 18:00:00+00:00;1807975.478;-5.1312
2025-01-31 19:00:00+00:00;1774129.115;-5.678604999999999
2025-01-31 20:00:00+00:00;2041895.089;-6.2062
2025-01-31 21:00:00+00:00;2091331.704;-6.2062
2025-01-31 22:00:00+00:00;1965194.857;-6.566635
2025-01-31 23:00:00+00:00;1809102.186;-7.31058
2025-02-01 00:00:00+00:00;1710092.501;-8.3438
2025-02-01 01:00:00+00:00;1638297.525;-8.23817
2025-02-01 02:00:00+00:00;1595378.835;-6.203735
2025-02-01 03:00:00+00:00;1571970.628;-4.230485
2025-02-01 04:00:00+00:00;1552897.001;-3.0625
2025-02-01 05:00:00+00:00;1495828.343;-3.0625
2025-02-01 06:00:00+00:00;1589623.484;-3.0625
2025-02-01 07:00:00+00:00;1666906.043;-2.8575
2025-02-01 08:00:00+00:00;1699104.459;-2.0062
2025-02-01 09:00:00+00:00;1703668.262;-2.0062
2025-02-01 10:00:00+00:00;1679026.777;-2.0062
2025-02-01 11:00:00+00:00;1651558.953;-1.5365350000000002
2025-02-01 12:00:00+00:00;1653322.439;-0.9625
2025-02-01 13:00:00+00:00;1717704.569;-1.83813
2025-02-01 14:00:00+00:00;1820423.056;-2.0812
2025-02-01 15:00:00+00:00;1946832.618;-2.0812
2025-02-01 16:00:00+00:00;2059193.804;-2.9919749999999996
2025-02-01 17:00:00+00:00;2067034.289;-3.175
2025-02-01 18:00:00+00:00;1978921.097;-3.175
2025-02-01 19:00:00+00:00;1877152.387;-3.175
2025-02-01 20:00:00+00:00;2100821.09;-3.175
2025-02-01 21:00:00+00:00;2135667.362;-3.175
2025-02-01 22:00:00+00:00;1988777.524;-3.175
2025-02-01 23:00:00+00:00;1829381.897;-3.175
2025-02-02 00:00:00+00:00;1757164.344;-3.175
2025-02-02 01:00:00+00:00;1661672.734;-3.175
2025-02-02 02:00:00+00:00;1616079.771;-2.9634899999999997
2025-02-02 03:00:00+00:00;1583780.084;-2.325
2025-02-02 04:00:00+00:00;1558369.285;-2.325
2025-02-02 05:00:00+00:00;1499097.803;-2.325
2025-02-02 06:00:00+00:00;1581911.487;-2.325
2025-02-02 07:00:00+00:00;1676478.698;-2.325
2025-02-02 08:00:00+00:00;1736023.104;-2.325
2025-02-02 09:00:00+00:00;1774420.303;-2.325
2025-02-02 10:00:00+00:00;1777199.667;-2.325
2025-02-02 11:00:00+00:00;1770988.119;-3.4125
2025-02-02 12:00:00+00:00;1774730.425;-4.331605000000001
2025-02-02 13:00:00+00:00;1805525.823;-4.7416
2025-02-02 14:00:00+00:00;1878839.91;-5.5625
2025-02-02 15:00:00+00:00;1983153.812;-6.59248
2025-02-02 16:00:00+00:00;2082099.218;-8.18125
2025-02-02 17:00:00+00:00;2122979.111;-8.7062
2025-02-02 18:00:00+00:00;2048663.044;-9.3812
2025-02-02 19:00:00+00:00;1953367.834;-9.7875
2025-02-02 20:00:00+00:00;2193397.11;-9.996199999999998
2025-02-02 21:00:00+00:00;2222193.327;-10.831
2025-02-02 22:00:00+00:00;2107880.13;-11.89775
2025-02-02 23:00:00+00:00;2023282.416;-13.357400000000002
2025-02-03 00:00:00+00:00;1921049.123;-14.006
2025-02-03 01:00:00+00:00;1846402.096;-14.413050000000002
2025-02-03 02:00:00+00:00;1817639.738;-14.053900000000002
2025-02-03 03:00:00+00:00;1837106.679;-12.994
2025-02-03 04:00:00+00:00;1899995.482;-12.994
2025-02-03 05:00:00+00:00;1849215.002;-12.994
2025-02-03 06:00:00+00:00;1831410.005;-12.994
2025-02-03 07:00:00+00:00;1816856.538;-12.994
2025-02-03 08:00:00+00:00;1806996.053;-12.994
2025-02-03 09:00:00+00:00;1803680.278;-12.33165
2025-02-03 10:00:00+00:00;1789166.539;-11.8662
2025-02-03 11:00:00+00:00;1780858.874;-10.887
2025-02-03 12:00:00+00:00;1802315.443;-10.887
2025-02-03 13:00:00+00:00;1866774.902;-11.1613
2025-02-03 14:00:00+00:00;1985691.671;-12.35555
2025-02-03 15:00:00+00:00;2069530.934;-13.55995
2025-02-03 16:00:00+00:00;2123008.007;-14.138
2025-02-03 17:00:00+00:00;2184400.075;-14.91125
2025-02-03 18:00:00+00:00;2192189.953;-15.169
2025-02-03 19:00:00+00:00;2155688.098;-15.320500000000001
2025-02-03 20:00:00+00:00;2438336.146;-16.212
2025-02-03 21:00:00+00:00;2496788.502;-16.86075
2025-02-03 22:00:00+00:00;2382692.318;-17.325
2025-02-03 23:00:00+00:00;2272227.602;-18.19115
2025-02-04 00:00:00+00:00;2220750.74;-18.5015
2025-02-04 01:00:00+00:00;2191300.551;-19.394
2025-02-04 02:00:00+00:00;2171927.735;-19.732799999999997
2025-02-04 03:00:00+00:00;2195321.857;-20.362
2025-02-04 04:00:00+00:00;2261924.443;-21.0844
2025-02-04 05:00:00+00:00;2187343.717;-21.394
2025-02-04 06:00:00+00:00;2161275.774;-21.922
2025-02-04 07:00:00+00:00;2127417.894;-22.45
2025-02-04 08:00:00+00:00;2096829.689;-21.13895
2025-02-04 09:00:00+00:00;2076322.153;-19.05555
2025-02-04 10:00:00+00:00;2035295.295;-17.58835
2025-02-04 11:00:00+00:00;2004445.541;-17.02215
2025-02-04 12:00:00+00:00;2021849.016;-16.063
2025-02-04 13:00:00+00:00;2105778.235;-16.288
2025-02-04 14:00:00+00:00;2235333.711;-17.188
2025-02-04 15:00:00+00:00;2388019.008;-17.188
2025-02-04 16:00:00+00:00;2536820.497;-16.6845
2025-02-04 17:00:00+00:00;2621776.018;-16.181
2025-02-04 18:00:00+00:00;2595644.613;-16.181
2025-02-04 19:00:00+00:00;2480926.526;-16.181
2025-02-04 20:00:00+00:00;2705608.172;-15.2135
2025-02-04 21:00:00+00:00;2709634.266;-14.347
2025-02-04 22:00:00+00:00;2545623.578;-13.877799999999999
2025-02-04 23:00:00+00:00;2379805.635;-13.013
2025-02-05 00:00:00+00:00;2269687.948;-12.211250000000001
2025-02-05 01:00:00+00:00;2174513.64;-11.68715
2025-02-05 02:00:00+00:00;2099016.802;-10.83765
2025-02-05 03:00:00+00:00;2062024.794;-10.35
2025-02-05 04:00:00+00:00;2083653.621;-9.334735
2025-02-05 05:00:00+00:00;1976300.567;-9.2813
2025-02-05 06:00:00+00:00;1928236.702;-8.375630000000001
2025-02-05 07:00:00+00:00;1885409.299;-7.74375
2025-02-05 08:00:00+00:00;1861656.987;-6.622805
2025-02-05 09:00:00+00:00;1847872.387;-5.590795
2025-02-05 10:00:00+00:00;1820579.009;-4.563905
2025-02-05 11:00:00+00:00;1797814.982;-4.0187
2025-02-05 12:00:00+00:00;1798226.892;-4.0187
2025-02-05 13:00:00+00:00;1845131.376;-3.9649499999999995
2025-02-05 14:00:00+00:00;1936572.351;-2.9437
2025-02-05 15:00:00+00:00;2014257.601;-2.83745
2025-02-05 16:00:00+00:00;2079714.442;-1.8812000000000002
2025-02-05 17:00:00+00:00;2126171.242;-1.8812000000000002
2025-02-05 18:00:00+00:00;2064971.94;-1.04124
2025-02-05 19:00:00+00:00;1937252.731;-0.83125
2025-02-05 20:00:00+00:00;2157054.421;-0.83125
2025-02-05 21:00:00+00:00;2157099.284;-0.83125
2025-02-05 22:00:00+00:00;2019228.417;-1.7272349999999999
2025-02-05 23:00:00+00:00;1904706.634;-1.8375
2025-02-06 00:00:00+00:00;1782188.74;-2.4675000000000002
2025-02-06 01:00:00+00:00;1694847.87;-3.465
2025-02-06 02:00:00+00:00;1647748.26;-4.05
2025-02-06 03:00:00+00:00;1646628.896;-4.5022199999999994
2025-02-06 04:00:00+00:00;1697089.938;-6.01126
2025-02-06 05:00:00+00:00;1631225.353;-6.4313
2025-02-06 06:00:00+00:00;1595601.155;-7.0363
2025-02-06 07:00:00+00:00;1554904.547;-7.5313
2025-02-06 08:00:00+00:00;1518522.534;-7.479735
2025-02-06 09:00:00+00:00;1488566.466;-5.98125
2025-02-06 10:00:00+00:00;1444047.958;-4.24883
2025-02-06 11:00:00+00:00;1422191.684;-3.29745
2025-02-06 12:00:00+00:00;1437486.605;-2.325
2025-02-06 13:00:00+00:00;1517366.209;-2.325
2025-02-06 14:00:00+00:00;1665497.101;-2.325
2025-02-06 15:00:00+00:00;1775392.828;-2.325
2025-02-06 16:00:00+00:00;1851735.429;-2.325
2025-02-06 17:00:00+00:00;1938020.169;-2.325
2025-02-06 18:00:00+00:00;1975290.703;-1.85376
2025-02-06 19:00:00+00:00;1943742.463;-0.370875
2025-02-06 20:00:00+00:00;2203151.945;0.0
2025-02-06 21:00:00+00:00;2208459.178;0.45278999999999997
2025-02-06 22:00:00+00:00;2055084.544;1.0062
2025-02-06 23:00:00+00:00;1882803.178;1.0062
2025-02-07 00:00:00+00:00;1792875.526;1.0062
2025-02-07 01:00:00+00:00;1703317.59;1.0062
2025-02-07 02:00:00+00:00;1647855.121;1.0937
2025-02-07 03:00:00+00:00;1644902.945;1.4437
2025-02-07 04:00:00+00:00;1696851.28;1.4437
2025-02-07 05:00:00+00:00;1647151.859;1.15496
2025-02-07 06:00:00+00:00;1646061.103;0.0
2025-02-07 07:00:00+00:00;1629198.923;0.0
2025-02-07 08:00:00+00:00;1616426.391;0.8492265
2025-02-07 09:00:00+00:00;1611853.057;1.0062
2025-02-07 10:00:00+00:00;1600009.066;1.1118299999999999
2025-02-07 11:00:00+00:00;1593736.328;2.0625
2025-02-07 12:00:00+00:00;1614327.162;2.0625
2025-02-07 13:00:00+00:00;1677065.1;2.0625
2025-02-07 14:00:00+00:00;1777897.978;0.99375
2025-02-07 15:00:00+00:00;1873956.097;0.9375
2025-02-07 16:00:00+00:00;1960633.463;0.9375
2025-02-07 17:00:00+00:00;2007908.858;0.9375
2025-02-07 18:00:00+00:00;1977838.842;0.9375
2025-02-07 19:00:00+00:00;1908529.771;0.9375
2025-02-07 20:00:00+00:00;2190038.361;0.9375
2025-02-07 21:00:00+00:00;2228465.028;0.9375
2025-02-07 22:00:00+00:00;2095361.849;0.059999999999999984
2025-02-07 23:00:00+00:00;1955709.674;-0.525
2025-02-08 00:00:00+00:00;1872491.372;-0.525
2025-02-08 01:00:00+00:00;1798103.649;-0.525
2025-02-08 02:00:00+00:00;1743901.53;-0.612168
2025-02-08 03:00:00+00:00;1709720.262;-0.94375
2025-02-08 04:00:00+00:00;1713712.293;-0.94375
2025-02-08 05:00:00+00:00;1674706.115;-0.94375
2025-02-08 06:00:00+00:00;1762600.274;-0.94375
2025-02-08 07:00:00+00:00;1816253.999;-0.94375
2025-02-08 08:00:00+00:00;1823544.795;-0.94375
2025-02-08 09:00:00+00:00;1807853.982;-0.94375
2025-02-08 10:00:00+00:00;1790994.055;-0.94375
2025-02-08 11:00:00+00:00;1775947.289;-0.94375
2025-02-08 12:00:00+00:00;1777438.487;-0.94375
2025-02-08 13:00:00+00:00;1819278.793;-0.94375
2025-02-08 14:00:00+00:00;1896674.503;-0.94375
2025-02-08 15:00:00+00:00;2010964.72;-1.665625
2025-02-08 16:00:00+00:00;2114104.39;-1.975
2025-02-08 17:00:00+00:00;2137438.708;-1.975
2025-02-08 18:00:00+00:00;2040907.032;-1.975
2025-02-08 19:00:00+00:00;1922266.148;-1.975
2025-02-08 20:00:00+00:00;2165714.401;-1.975
2025-02-08 21:00:00+00:00;2216476.827;-2.7012500000000004
2025-02-08 22:00:00+00:00;2064943.006;-3.0125
2025-02-08 23:00:00+00:00;1907103.376;-3.0125
2025-02-09 00:00:00+00:00;1799474.069;-3.0125
2025-02-09 01:00:00+00:00;1742518.892;-3.0125
2025-02-09 02:00:00+00:00;1694064.86;-3.1172
2025-02-09 03:00:00+00:00;1675323.688;-3.4312999999999994
2025-02-09 04:00:00+00:00;1680138.187;-3.4312999999999994
2025-02-09 05:00:00+00:00;1614030.37;-3.4312999999999994
2025-02-09 06:00:00+00:00;1697042.221;-3.4312999999999994
2025-02-09 07:00:00+00:00;1775527.154;-3.4312999999999994
2025-02-09 08:00:00+00:00;1822237.051;-2.5061299999999997
2025-02-09 09:00:00+00:00;1848860.741;-1.8804400000000001
2025-02-09 10:00:00+00:00;1849346.919;-1.3375
2025-02-09 11:00:00+00:00;1845339.846;-1.3375
2025-02-09 12:00:00+00:00;1837731.816;-1.3375
2025-02-09 13:00:00+00:00;1878762.004;-1.3375
2025-02-09 14:00:00+00:00;1938774.171;-1.3375
2025-02-09 15:00:00+00:00;2046652.113;-1.3375
2025-02-09 16:00:00+00:00;2147756.472;-1.3375
2025-02-09 17:00:00+00:00;2198364.548;-1.3375
2025-02-09 18:00:00+00:00;2132880.19;-1.3375
2025-02-09 19:00:00+00:00;2024652.359;-1.3375
2025-02-09 20:00:00+00:00;2280143.764;-1.3375
2025-02-09 21:00:00+00:00;2312312.264;-2.2768300000000004
2025-02-09 22:00:00+00:00;2173920.96;-2.3812
2025-02-09 23:00:00+00:00;1996170.561;-3.2112000000000003
2025-02-10 00:00:00+00:00;1882542.384;-3.4187
2025-02-10 01:00:00+00:00;1797516.947;-3.4187
2025-02-10 02:00:00+00:00;1760608.518;-4.21228
2025-02-10 03:00:00+00:00;1771331.247;-4.7562
2025-02-10 04:00:00+00:00;1822745.748;-5.51089
2025-02-10 05:00:00+00:00;1747639.068;-3.88317
2025-02-10 06:00:00+00:00;1703583.852;-3.7813000000000003
2025-02-10 07:00:00+00:00;1652579.906;-3.7813000000000003
2025-02-10 08:00:00+00:00;1611336.614;-3.7813000000000003
2025-02-10 09:00:00+00:00;1578210.102;-3.7813000000000003
2025-02-10 10:00:00+00:00;1518761.908;-2.840945
2025-02-10 11:00:00+00:00;1473435.087;-2.675
2025-02-10 12:00:00+00:00;1468093.587;-2.675
2025-02-10 13:00:00+00:00;1533961.879;-2.675
2025-02-10 14:00:00+00:00;1652033.106;-3.8425
2025-02-10 15:00:00+00:00;1762876.961;-5.1425
2025-02-10 16:00:00+00:00;1833915.545;-6.23241
2025-02-10 17:00:00+00:00;1911628.691;-7.4962599999999995
2025-02-10 18:00:00+00:00;1931920.345;-7.9063
2025-02-10 19:00:00+00:00;1887714.632;-7.9063
2025-02-10 20:00:00+00:00;2157572.323;-7.9063
2025-02-10 21:00:00+00:00;2207741.169;-7.9063
2025-02-10 22:00:00+00:00;2099413.091;-7.9063
2025-02-10 23:00:00+00:00;1912260.116;-7.9063
2025-02-11 00:00:00+00:00;1826636.266;-7.9063
2025-02-11 01:00:00+00:00;1784464.726;-7.9063
2025-02-11 02:00:00+00:00;1767031.382;-7.954724999999999
2025-02-11 03:00:00+00:00;1761668.675;-8.1
2025-02-11 04:00:00+00:00;1794515.535;-8.1
2025-02-11 05:00:00+00:00;1723315.373;-8.1
2025-02-11 06:00:00+00:00;1685026.67;-8.1
2025-02-11 07:00:00+00:00;1650952.072;-7.575
2025-02-11 08:00:00+00:00;1634313.701;-5.863465
2025-02-11 09:00:00+00:00;1628189.957;-4.23625
2025-02-11 10:00:00+00:00;1600344.046;-3.27628
2025-02-11 11:00:00+00:00;1583936.625;-1.925685
2025-02-11 12:00:00+00:00;1597875.968;-1.0971875
2025-02-11 13:00:00+00:00;1667143.052;-0.71875
2025-02-11 14:00:00+00:00;1799418.42;-0.71875
2025-02-11 15:00:00+00:00;1888159.39;-1.4459374999999999
2025-02-11 16:00:00+00:00;1963906.193;-1.8375
2025-02-11 17:00:00+00:00;2043189.189;-2.204215
2025-02-11 18:00:00+00:00;2048512.441;-2.9187
2025-02-11 19:00:00+00:00;1982821.465;-2.9187
2025-02-11 20:00:00+00:00;2225970.418;-3.286235
2025-02-11 21:00:00+00:00;2276358.712;-3.9688000000000003
2025-02-11 22:00:00+00:00;2150881.317;-2.317855
2025-02-11 23:00:00+00:00;2005568.887;-1.7686999999999997
2025-02-12 00:00:00+00:00;1888400.399;-1.7686999999999997
2025-02-12 01:00:00+00:00;1789485.373;-1.7686999999999997
2025-02-12 02:00:00+00:00;1720063.966;-1.819575
2025-02-12 03:00:00+00:00;1714813.278;-2.792485
2025-02-12 04:00:00+00:00;1745030.31;-3.27058
2025-02-12 05:00:00+00:00;1662831.328;-4.1875
2025-02-12 06:00:00+00:00;1618350.328;-5.0275
2025-02-12 07:00:00+00:00;1575032.147;-5.2375
2025-02-12 08:00:00+00:00;1551128.491;-4.38246
2025-02-12 09:00:00+00:00;1533637.359;-3.580915
2025-02-12 10:00:00+00:00;1501174.044;-3.1
2025-02-12 11:00:00+00:00;1480007.826;-2.7793900000000002
2025-02-12 12:00:00+00:00;1498237.04;-2.0313
2025-02-12 13:00:00+00:00;1564570.571;-2.383395
2025-02-12 14:00:00+00:00;1681121.643;-3.945295
2025-02-12 15:00:00+00:00;1803257.52;-5.421875
2025-02-12 16:00:00+00:00;1895995.413;-6.325
2025-02-12 17:00:00+00:00;1975224.496;-7.334375
2025-02-12 18:00:00+00:00;2001820.461;-8.385
2025-02-12 19:00:00+00:00;1946273.052;-9.040075
2025-02-12 20:00:00+00:00;2219363.509;-10.152605
2025-02-12 21:00:00+00:00;2263607.533;-10.569
2025-02-12 22:00:00+00:00;2171753.328;-11.21655
2025-02-12 23:00:00+00:00;2011307.9;-11.764999999999999
2025-02-13 00:00:00+00:00;1929636.203;-12.7
2025-02-13 01:00:00+00:00;1880060.599;-12.7
2025-02-13 02:00:00+00:00;1856274.563;-12.62
2025-02-13 03:00:00+00:00;1859978.094;-12.3
2025-02-13 04:00:00+00:00;1909576.147;-11.5305
2025-02-13 05:00:00+00:00;1839472.388;-11.42275
2025-02-13 06:00:00+00:00;1814544.969;-12.294
2025-02-13 07:00:00+00:00;1778486.424;-11.964200000000002
2025-02-13 08:00:00+00:00;1743401.289;-9.650549999999999
2025-02-13 09:00:00+00:00;1709101.939;-8.5281
2025-02-13 10:00:00+00:00;1655565.957;-7.528074999999999
2025-02-13 11:00:00+00:00;1615643.46;-6.888705
2025-02-13 12:00:00+00:00;1634181.561;-5.8438
2025-02-13 13:00:00+00:00;1702266.069;-5.8876599999999994
2025-02-13 14:00:00+00:00;1832206.307;-7.390649999999999
2025-02-13 15:00:00+00:00;1927764.914;-8.67064
2025-02-13 16:00:00+00:00;2030215.554;-9.6172
2025-02-13 17:00:00+00:00;2125836.44;-11.070500000000001
2025-02-13 18:00:00+00:00;2147315.143;-12.131
2025-02-13 19:00:00+00:00;2104644.009;-12.131
2025-02-13 20:00:00+00:00;2377062.834;-12.131
2025-02-13 21:00:00+00:00;2433510.803;-12.131
2025-02-13 22:00:00+00:00;2328117.677;-12.131
2025-02-13 23:00:00+00:00;2173283.816;-11.68845
2025-02-14 00:00:00+00:00;2067358.861;-11.019
2025-02-14 01:00:00+00:00;2033428.38;-11.019
2025-02-14 02:00:00+00:00;2014688.26;-10.851
2025-02-14 03:00:00+00:00;1991909.628;-10.069
2025-02-14 04:00:00+00:00;2026030.263;-10.069
2025-02-14 05:00:00+00:00;1950741.996;-10.069
2025-02-14 06:00:00+00:00;1917862.872;-9.91615
2025-02-14 07:00:00+00:00;1883534.692;-9.05
2025-02-14 08:00:00+00:00;1856887.393;-8.29779
2025-02-14 09:00:00+00:00;1834383.393;-7.56
2025-02-14 10:00:00+00:00;1798759.9;-6.9
2025-02-14 11:00:00+00:00;1774799.872;-6.45022
2025-02-14 12:00:00+00:00;1794472.107;-5.8562
2025-02-14 13:00:00+00:00;1849856.14;-6.48279
2025-02-14 14:00:00+00:00;1936981.488;-7.742752631578948
2025-02-14 15:00:00+00:00;2019591.523;-8.9875
2025-02-14 16:00:00+00:00;2108240.085;-9.747620000000001
2025-02-14 17:00:00+00:00;2170024.235;-11.0045
2025-02-14 18:00:00+00:00;2164279.322;-11.693950000000001
2025-02-14 19:00:00+00:00;2151243.953;-12.156
2025-02-14 20:00:00+00:00;2443287.651;-12.662
2025-02-14 21:00:00+00:00;2506958.439;-13.5476
2025-02-14 22:00:00+00:00;2384127.28;-14.635500000000002
2025-02-14 23:00:00+00:00;2226176.156;-13.1334
2025-02-15 00:00:00+00:00;2139400.966;-13.725
2025-02-15 01:00:00+00:00;2093350.923;-13.725
2025-02-15 02:00:00+00:00;2077959.255;-13.51485
2025-02-15 03:00:00+00:00;2085361.048;-11.48095
2025-02-15 04:00:00+00:00;2110082.896;-10.537
2025-02-15 05:00:00+00:00;2065321.816;-10.537
2025-02-15 06:00:00+00:00;2170277.578;-10.537
2025-02-15 07:00:00+00:00;2192227.818;-10.537
2025-02-15 08:00:00+00:00;2159933.693;-10.537
2025-02-15 09:00:00+00:00;2134097.094;-9.53399
2025-02-15 10:00:00+00:00;2089695.852;-8.872789999999998
2025-02-15 11:00:00+00:00;2056792.729;-8.218745
2025-02-15 12:00:00+00:00;2039686.419;-7.3125
2025-02-15 13:00:00+00:00;2069783.922;-7.3125
2025-02-15 14:00:00+00:00;2122991.232;-8.185325
2025-02-15 15:00:00+00:00;2273147.277;-10.40758
2025-02-15 16:00:00+00:00;2442466.705;-12.0808
2025-02-15 17:00:00+00:00;2469683.929;-13.329249999999998
2025-02-15 18:00:00+00:00;2374848.161;-14.608250000000002
2025-02-15 19:00:00+00:00;2274785.78;-15.3753
2025-02-15 20:00:00+00:00;2543763.12;-15.681000000000001
2025-02-15 21:00:00+00:00;2634370.793;-14.702699999999998
2025-02-15 22:00:00+00:00;2535105.798;-14.4852
2025-02-15 23:00:00+00:00;2356044.719;-13.506
2025-02-16 00:00:00+00:00;2267483.061;-13.506
2025-02-16 01:00:00+00:00;2212186.494;-13.506
2025-02-16 02:00:00+00:00;2198419.261;-13.5405
2025-02-16 03:00:00+00:00;2201979.778;-13.644
2025-02-16 04:00:00+00:00;2209203.798;-12.909
2025-02-16 05:00:00+00:00;2151544.468;-12.594
2025-02-16 06:00:00+00:00;2257339.759;-12.189449999999999
2025-02-16 07:00:00+00:00;2302426.364;-11.594
2025-02-16 08:00:00+00:00;2265228.23;-11.04635
2025-02-16 09:00:00+00:00;2213300.107;-9.28435
2025-02-16 10:00:00+00:00;2146004.225;-8.3625
2025-02-16 11:00:00+00:00;2081562.697;-7.485684999999999
2025-02-16 12:00:00+00:00;2084967.923;-7.35
2025-02-16 13:00:00+00:00;2076673.599;-7.9094
2025-02-16 14:00:00+00:00;2123376.232;-8.4688
2025-02-16 15:00:00+00:00;2194531.898;-8.57254
2025-02-16 16:00:00+00:00;2292126.178;-9.5062
2025-02-16 17:00:00+00:00;2327599.921;-9.98986
2025-02-16 18:00:00+00:00;2278601.858;-10.581
2025-02-16 19:00:00+00:00;2217015.779;-10.581
2025-02-16 20:00:00+00:00;2474366.64;-11.35455
2025-02-16 21:00:00+00:00;2519401.086;-11.638
2025-02-16 22:00:00+00:00;2426793.033;-12.4476
2025-02-16 23:00:00+00:00;2252345.817;-13.465250000000001
2025-02-17 00:00:00+00:00;2170100.576;-13.737
2025-02-17 01:00:00+00:00;2123193.327;-13.17325
2025-02-17 02:00:00+00:00;2108628.625;-12.581
2025-02-17 03:00:00+00:00;2111801.156;-12.188
2025-02-17 04:00:00+00:00;2144179.811;-12.188
2025-02-17 05:00:00+00:00;2057481.357;-12.188
2025-02-17 06:00:00+00:00;2032623.532;-12.188
2025-02-17 07:00:00+00:00;1999649.608;-12.02855
2025-02-17 08:00:00+00:00;1963035.753;-11.025
2025-02-17 09:00:00+00:00;1934681.796;-10.125
2025-02-17 10:00:00+00:00;1885450.709;-10.125
2025-02-17 11:00:00+00:00;1838192.54;-10.125
2025-02-17 12:00:00+00:00;1838551.498;-9.465
2025-02-17 13:00:00+00:00;1871658.874;-9.68735
2025-02-17 14:00:00+00:00;1962156.64;-10.044
2025-02-17 15:00:00+00:00;2054400.285;-10.044
2025-02-17 16:00:00+00:00;2142643.126;-10.044
2025-02-17 17:00:00+00:00;2209178.676;-10.044
2025-02-17 18:00:00+00:00;2209887.553;-10.044
2025-02-17 19:00:00+00:00;2175660.923;-9.5525
2025-02-17 20:00:00+00:00;2462198.003;-8.848875
2025-02-17 21:00:00+00:00;2502633.881;-7.975
2025-02-17 22:00:00+00:00;2349982.925;-7.6118749999999995
2025-02-17 23:00:00+00:00;2251563.934;-6.9375
2025-02-18 00:00:00+00:00;2226284.484;-6.9375
2025-02-18 01:00:00+00:00;2159978.026;-6.83125
2025-02-18 02:00:00+00:00;2120736.82;-5.879675000000001
2025-02-18 03:00:00+00:00;2112650.13;-5.8937
2025-02-18 04:00:00+00:00;2130915.193;-5.8937
2025-02-18 05:00:00+00:00;1998646.968;-5.8937
2025-02-18 06:00:00+00:00;1967144.017;-6.748740000000001
2025-02-18 07:00:00+00:00;1930491.154;-6.9625
2025-02-18 08:00:00+00:00;1886435.185;-6.2195149999999995
2025-02-18 09:00:00+00:00;1849078.91;-5.58581052631579
2025-02-18 10:00:00+00:00;1795818.705;-5.5812
2025-02-18 11:00:00+00:00;1750707.692;-4.5187
2025-02-18 12:00:00+00:00;1743554.355;-4.5187
2025-02-18 13:00:00+00:00;1805266.127;-4.5187
2025-02-18 14:00:00+00:00;1921254.154;-4.901835
2025-02-18 15:00:00+00:00;2037314.238;-6.6188
2025-02-18 16:00:00+00:00;2162894.153;-7.074445
2025-02-18 17:00:00+00:00;2247476.5;-7.6375
2025-02-18 18:00:00+00:00;2258883.164;-8.7188
2025-02-18 19:00:00+00:00;2211125.005;-8.7188
2025-02-18 20:00:00+00:00;2463169.291;-8.7188
2025-02-18 21:00:00+00:00;2506976.601;-10.698815
2025-02-18 22:00:00+00:00;2381506.738;-11.894
2025-02-18 23:00:00+00:00;2227898.907;-12.494499999999999
2025-02-19 00:00:00+00:00;2163678.059;-12.931000000000001
2025-02-19 01:00:00+00:00;2142232.292;-14.05155
2025-02-19 02:00:00+00:00;2135515.708;-15.1668
2025-02-19 03:00:00+00:00;2173388.707;-15.875
2025-02-19 04:00:00+00:00;2222299.06;-16.840349999999997
2025-02-19 05:00:00+00:00;2143300.906;-16.912
2025-02-19 06:00:00+00:00;2135890.446;-16.912
2025-02-19 07:00:00+00:00;2069025.759;-15.8738
2025-02-19 08:00:00+00:00;1965976.915;-12.5199
2025-02-19 09:00:00+00:00;1861764.012;-9.89865
2025-02-19 10:00:00+00:00;1736359.77;-7.408410000000001
2025-02-19 11:00:00+00:00;1654011.565;-6.32813
2025-02-19 12:00:00+00:00;1625421.385;-5.3438
2025-02-19 13:00:00+00:00;1682004.819;-5.3438
2025-02-19 14:00:00+00:00;1810011.487;-5.39442
2025-02-19 15:00:00+00:00;1956239.957;-6.3562
2025-02-19 16:00:00+00:00;2120480.81;-7.27799
2025-02-19 17:00:00+00:00;2250015.05;-8.4812
2025-02-19 18:00:00+00:00;2270696.04;-6.999535
2025-02-19 19:00:00+00:00;2235828.102;-6.4125
2025-02-19 20:00:00+00:00;2517393.768;-6.4125
2025-02-19 21:00:00+00:00;2612443.831;-6.4125
2025-02-19 22:00:00+00:00;2526905.327;-6.4125
2025-02-19 23:00:00+00:00;2386826.697;-6.4125
2025-02-20 00:00:00+00:00;2296240.804;-6.748139999999999
2025-02-20 01:00:00+00:00;2231926.852;-7.5313
2025-02-20 02:00:00+00:00;2202044.131;-7.534479999999999
2025-02-20 03:00:00+00:00;2217796.156;-7.55
2025-02-20 04:00:00+00:00;2274243.264;-7.55
2025-02-20 05:00:00+00:00;2179613.619;-7.55
2025-02-20 06:00:00+00:00;2148937.992;-7.55
2025-02-20 07:00:00+00:00;2061669.7;-6.8675
2025-02-20 08:00:00+00:00;1956750.457;-5.8775
2025-02-20 09:00:00+00:00;1862937.38;-4.546595
2025-02-20 10:00:00+00:00;1775549.404;-2.483955
2025-02-20 11:00:00+00:00;1704568.708;-1.283445
2025-02-20 12:00:00+00:00;1682654.238;-0.1440325
2025-02-20 13:00:00+00:00;1724032.474;0.0
2025-02-20 14:00:00+00:00;1836504.084;-0.8871450000000001
2025-02-20 15:00:00+00:00;1977856.037;-1.0437
2025-02-20 16:00:00+00:00;2121026.779;-1.8166049999999998
2025-02-20 17:00:00+00:00;2209720.51;-2.125
2025-02-20 18:00:00+00:00;2197785.322;-2.125
2025-02-20 19:00:00+00:00;2109209.8;-2.4027950000000002
2025-02-20 20:00:00+00:00;2361220.025;-2.9187
2025-02-20 21:00:00+00:00;2378154.216;-2.9187
2025-02-20 22:00:00+00:00;2215734.35;-2.9187
2025-02-20 23:00:00+00:00;2076651.538;-2.9187
2025-02-21 00:00:00+00:00;1983688.981;-3.60982
2025-02-21 01:00:00+00:00;1921843.864;-4.576835
2025-02-21 02:00:00+00:00;1862523.15;-5.074045
2025-02-21 03:00:00+00:00;1842668.113;-5.5625
2025-02-21 04:00:00+00:00;1860119.719;-5.919045
2025-02-21 05:00:00+00:00;1777503.863;-6.0312
2025-02-21 06:00:00+00:00;1768551.687;-5.1762
2025-02-21 07:00:00+00:00;1738735.274;-4.1479099999999995
2025-02-21 08:00:00+00:00;1716880.95;-1.94893
2025-02-21 09:00:00+00:00;1712506.454;-1.7625
2025-02-21 10:00:00+00:00;1697567.865;-1.40375
2025-02-21 11:00:00+00:00;1692858.913;-0.7375
2025-02-21 12:00:00+00:00;1713624.352;-0.7375
2025-02-21 13:00:00+00:00;1767003.68;-0.7375
2025-02-21 14:00:00+00:00;1846646.889;-0.7375
2025-02-21 15:00:00+00:00;1935778.481;-0.7375
2025-02-21 16:00:00+00:00;2036724.8;-0.7375
2025-02-21 17:00:00+00:00;2088329.536;-0.7375
2025-02-21 18:00:00+00:00;2028998.9;-0.7375
2025-02-21 19:00:00+00:00;1934415.593;-0.7375
2025-02-21 20:00:00+00:00;2192933.589;-0.7375
2025-02-21 21:00:00+00:00;2200970.914;-0.7375
2025-02-21 22:00:00+00:00;2028122.882;-0.95624
2025-02-21 23:00:00+00:00;1860648.402;-1.8311999999999997
2025-02-22 00:00:00+00:00;1750453.602;-1.5484
2025-02-22 01:00:00+00:00;1680580.818;-0.7
2025-02-22 02:00:00+00:00;1619133.305;-0.595
2025-02-22 03:00:00+00:00;1582030.894;0.0
2025-02-22 04:00:00+00:00;1586676.572;0.0
2025-02-22 05:00:00+00:00;1524579.528;0.0
2025-02-22 06:00:00+00:00;1602513.231;0.0
2025-02-22 07:00:00+00:00;1658131.238;0.9394200000000001
2025-02-22 08:00:00+00:00;1686800.294;1.0438
2025-02-22 09:00:00+00:00;1685020.863;1.42416
2025-02-22 10:00:00+00:00;1673972.017;2.0563
2025-02-22 11:00:00+00:00;1659674.019;2.328175
2025-02-22 12:00:00+00:00;1666569.918;3.1438
2025-02-22 13:00:00+00:00;1710591.539;3.1438
2025-02-22 14:00:00+00:00;1766800.923;3.1438
2025-02-22 15:00:00+00:00;1894122.197;3.1438
2025-02-22 16:00:00+00:00;2035137.551;3.1438
2025-02-22 17:00:00+00:00;2045077.73;3.1438
2025-02-22 18:00:00+00:00;1936275.981;3.1438
2025-02-22 19:00:00+00:00;1820076.23;3.1438
2025-02-22 20:00:00+00:00;2061709.385;3.1438
2025-02-22 21:00:00+00:00;2103889.292;3.1438
2025-02-22 22:00:00+00:00;1945289.138;3.1438
2025-02-22 23:00:00+00:00;1800350.65;3.1438
2025-02-23 00:00:00+00:00;1699059.116;3.1438
2025-02-23 01:00:00+00:00;1606932.038;3.1438
2025-02-23 02:00:00+00:00;1549735.666;3.0738
2025-02-23 03:00:00+00:00;1519345.303;2.7938
2025-02-23 04:00:00+00:00;1513452.889;2.7938
2025-02-23 05:00:00+00:00;1467841.058;2.7938
2025-02-23 06:00:00+00:00;1541907.122;2.7938
2025-02-23 07:00:00+00:00;1589720.798;2.7938
2025-02-23 08:00:00+00:00;1600646.301;2.7938
2025-02-23 09:00:00+00:00;1599548.668;2.7938
2025-02-23 10:00:00+00:00;1582874.38;2.7938
2025-02-23 11:00:00+00:00;1556449.311;2.7938
2025-02-23 12:00:00+00:00;1552389.89;2.7938
2025-02-23 13:00:00+00:00;1570045.958;2.7938
2025-02-23 14:00:00+00:00;1634851.383;2.7938
2025-02-23 15:00:00+00:00;1732340.597;2.7938
2025-02-23 16:00:00+00:00;1868764.18;2.7938
2025-02-23 17:00:00+00:00;1914236.803;2.13199
2025-02-23 18:00:00+00:00;1842132.714;1.7188000000000003
2025-02-23 19:00:00+00:00;1729065.196;1.7188000000000003
2025-02-23 20:00:00+00:00;1965297.416;1.7188000000000003
2025-02-23 21:00:00+00:00;1984708.469;1.7188000000000003
2025-02-23 22:00:00+00:00;1826132.454;1.7188000000000003
2025-02-23 23:00:00+00:00;1668226.151;1.7188000000000003
2025-02-24 00:00:00+00:00;1568097.35;1.7188000000000003
2025-02-24 01:00:00+00:00;1506957.067;1.7188000000000003
2025-02-24 02:00:00+00:00;1485507.111;1.7387800000000002
2025-02-24 03:00:00+00:00;1471197.846;1.8187000000000002
2025-02-24 04:00:00+00:00;1499446.646;1.8187000000000002
2025-02-24 05:00:00+00:00;1440837.754;1.8187000000000002
2025-02-24 06:00:00+00:00;1445077.783;1.8187000000000002
2025-02-24 07:00:00+00:00;1432952.329;1.8187000000000002
2025-02-24 08:00:00+00:00;1426470.85;1.8187000000000002
2025-02-24 09:00:00+00:00;1427267.388;1.8187000000000002
2025-02-24 10:00:00+00:00;1411789.07;2.3406
2025-02-24 11:00:00+00:00;1398532.217;2.8625
2025-02-24 12:00:00+00:00;1409042.059;2.8625
2025-02-24 13:00:00+00:00;1459236.605;2.8625
2025-02-24 14:00:00+00:00;1557825.619;2.8625
2025-02-24 15:00:00+00:00;1639301.44;2.8625
2025-02-24 16:00:00+00:00;1734621.847;2.8625
2025-02-24 17:00:00+00:00;1794924.216;2.8625
2025-02-24 18:00:00+00:00;1794230.564;2.8625
2025-02-24 19:00:00+00:00;1713299.805;2.8625
2025-02-24 20:00:00+00:00;1966233.926;2.8625
2025-02-24 21:00:00+00:00;1972740.767;2.8625
2025-02-24 22:00:00+00:00;1814074.29;2.8625
2025-02-24 23:00:00+00:00;1671569.771;2.8625
2025-02-25 00:00:00+00:00;1579380.51;2.8625
2025-02-25 01:00:00+00:00;1485908.92;2.8625
2025-02-25 02:00:00+00:00;1435460.499;2.835925
2025-02-25 03:00:00+00:00;1431068.069;2.7562
2025-02-25 04:00:00+00:00;1480077.968;2.7562
2025-02-25 05:00:00+00:00;1431004.89;2.7562
2025-02-25 06:00:00+00:00;1430614.413;2.7562
2025-02-25 07:00:00+00:00;1417880.84;2.7562
2025-02-25 08:00:00+00:00;1402483.361;2.7562
2025-02-25 09:00:00+00:00;1389600.682;2.7562
2025-02-25 10:00:00+00:00;1355817.175;2.7562
2025-02-25 11:00:00+00:00;1332130.418;2.7562
2025-02-25 12:00:00+00:00;1346509.837;2.7562
2025-02-25 13:00:00+00:00;1412763.795;2.7562
2025-02-25 14:00:00+00:00;1525425.6;2.7562
2025-02-25 15:00:00+00:00;1633167.753;2.7562
2025-02-25 16:00:00+00:00;1739569.448;2.7562
2025-02-25 17:00:00+00:00;1813700.81;2.7562
2025-02-25 18:00:00+00:00;1805986.821;2.7562
2025-02-25 19:00:00+00:00;1716079.41;2.7562
2025-02-25 20:00:00+00:00;1957809.3;2.7562
2025-02-25 21:00:00+00:00;1980609.159;2.7562
2025-02-25 22:00:00+00:00;1828884.749;2.7562
2025-02-25 23:00:00+00:00;1635052.318;2.7562
2025-02-26 00:00:00+00:00;1530376.49;2.7562
2025-02-26 01:00:00+00:00;1458947.788;2.7562
2025-02-26 02:00:00+00:00;1412130.306;2.5928750000000003
2025-02-26 03:00:00+00:00;1415577.265;1.8687999999999998
2025-02-26 04:00:00+00:00;1457847.793;1.8687999999999998
2025-02-26 05:00:00+00:00;1396043.248;1.8687999999999998
2025-02-26 06:00:00+00:00;1387199.667;1.8687999999999998
2025-02-26 07:00:00+00:00;1367725.551;1.8687999999999998
2025-02-26 08:00:00+00:00;1349748.883;2.03064
2025-02-26 09:00:00+00:00;1352261.366;2.875
2025-02-26 10:00:00+00:00;1337123.212;2.875
2025-02-26 11:00:00+00:00;1321501.107;2.875
2025-02-26 12:00:00+00:00;1339084.94;2.875
2025-02-26 13:00:00+00:00;1397595.315;2.775
2025-02-26 14:00:00+00:00;1505860.185;1.875
2025-02-26 15:00:00+00:00;1597192.595;1.875
2025-02-26 16:00:00+00:00;1705084.564;1.875
2025-02-26 17:00:00+00:00;1778987.363;1.875
2025-02-26 18:00:00+00:00;1765142.712;1.875
2025-02-26 19:00:00+00:00;1705027.115;1.875
2025-02-26 20:00:00+00:00;1968889.749;1.875
2025-02-26 21:00:00+00:00;1985179.043;1.875
2025-02-26 22:00:00+00:00;1866108.83;1.875
2025-02-26 23:00:00+00:00;1691889.605;1.875
2025-02-27 00:00:00+00:00;1566473.605;1.875
2025-02-27 01:00:00+00:00;1471101.29;1.875
2025-02-27 02:00:00+00:00;1416909.111;1.81374
2025-02-27 03:00:00+00:00;1415965.649;1.5687
2025-02-27 04:00:00+00:00;1458320.318;1.5687
2025-02-27 05:00:00+00:00;1405439.117;1.5687
2025-02-27 06:00:00+00:00;1393447.458;1.5687
2025-02-27 07:00:00+00:00;1362985.003;1.5687
2025-02-27 08:00:00+00:00;1339431.595;1.5687
2025-02-27 09:00:00+00:00;1348380.908;2.3037699999999997
2025-02-27 10:00:00+00:00;1337662.861;3.4109499999999997
2025-02-27 11:00:00+00:00;1323396.844;3.675
2025-02-27 12:00:00+00:00;1337675.099;3.675
2025-02-27 13:00:00+00:00;1383901.735;3.675
2025-02-27 14:00:00+00:00;1481973.594;3.675
2025-02-27 15:00:00+00:00;1563444.504;3.5231249999999994
2025-02-27 16:00:00+00:00;1651902.088;2.6625
2025-02-27 17:00:00+00:00;1730223.933;2.6625
2025-02-27 18:00:00+00:00;1731856.464;2.6625
2025-02-27 19:00:00+00:00;1669861.794;2.6625
2025-02-27 20:00:00+00:00;1916325.506;2.6625
2025-02-27 21:00:00+00:00;1928073.01;2.6625
2025-02-27 22:00:00+00:00;1781146.551;2.6625
2025-02-27 23:00:00+00:00;1683604.014;1.9449999999999998
2025-02-28 00:00:00+00:00;1591017.179;1.6375
2025-02-28 01:00:00+00:00;1511841.19;1.6375
2025-02-28 02:00:00+00:00;1448588.68;1.535305
2025-02-28 03:00:00+00:00;1428379.887;1.06317
2025-02-28 04:00:00+00:00;1452570.919;0.0
2025-02-28 05:00:00+00:00;1398568.561;0.0
2025-02-28 06:00:00+00:00;1387116.966;0.0
2025-02-28 07:00:00+00:00;1355727.382;0.0
2025-02-28 08:00:00+00:00;1330277.664;0.0
2025-02-28 09:00:00+00:00;1316365.126;0.0
2025-02-28 10:00:00+00:00;1297538.293;0.0
2025-02-28 11:00:00+00:00;1278761.951;0.85
2025-02-28 12:00:00+00:00;1317092.678;1.0
2025-02-28 13:00:00+00:00;1376967.963;1.0
2025-02-28 14:00:00+00:00;1482983.628;1.7791000000000001
2025-02-28 15:00:00+00:00;1554648.08;0.9625
2025-02-28 16:00:00+00:00;1633550.091;-0.12350950000000001
2025-02-28 17:00:00+00:00;1701100.155;-0.8418599999999999
2025-02-28 18:00:00+00:00;1724212.255;-1.5812
2025-02-28 19:00:00+00:00;1687379.243;-2.1031
2025-02-28 20:00:00+00:00;1974938.395;-2.625
2025-02-28 21:00:00+00:00;2014200.27;-2.625
2025-02-28 22:00:00+00:00;1887744.41;-2.625
2025-02-28 23:00:00+00:00;1701125.039;-2.625
2025-03-01 00:00:00+00:00;1596450.96;-2.625
2025-03-01 01:00:00+00:00;1501232.44;-2.17221
2025-03-01 02:00:00+00:00;1481367.758;-1.5500500000000001
2025-03-01 03:00:00+00:00;1444479.609;-1.3438
2025-03-01 04:00:00+00:00;1428905.927;-1.3438
2025-03-01 05:00:00+00:00;1387720.977;-1.3438
2025-03-01 06:00:00+00:00;1447128.909;-0.87347
2025-03-01 07:00:00+00:00;1487656.817;0.0
2025-03-01 08:00:00+00:00;1497444.374;0.0
2025-03-01 09:00:00+00:00;1503013.914;0.0
2025-03-01 10:00:00+00:00;1486970.242;0.0
2025-03-01 11:00:00+00:00;1474001.362;0.40752
2025-03-01 12:00:00+00:00;1487880.324;1.0188
2025-03-01 13:00:00+00:00;1512543.427;1.0188
2025-03-01 14:00:00+00:00;1584517.486;1.0188
2025-03-01 15:00:00+00:00;1685822.359;1.0188
2025-03-01 16:00:00+00:00;1825991.437;1.0188
2025-03-01 17:00:00+00:00;1906636.363;1.0188
2025-03-01 18:00:00+00:00;1855043.26;1.0188
2025-03-01 19:00:00+00:00;1790413.61;1.0188
2025-03-01 20:00:00+00:00;2028801.724;1.0188
2025-03-01 21:00:00+00:00;2068438.376;1.0188
2025-03-01 22:00:00+00:00;1909225.26;1.0188
2025-03-01 23:00:00+00:00;1745916.193;1.0188
2025-03-02 00:00:00+00:00;1634739.281;1.0188
2025-03-02 01:00:00+00:00;1551484.732;1.0188
2025-03-02 02:00:00+00:00;1517988.026;0.9939599999999998
2025-03-02 03:00:00+00:00;1477596.365;0.9125
2025-03-02 04:00:00+00:00;1461654.51;0.9125
2025-03-02 05:00:00+00:00;1408268.033;-0.38125
2025-03-02 06:00:00+00:00;1487585.421;0.14937499999999998
2025-03-02 07:00:00+00:00;1551455.508;0.5125
2025-03-02 08:00:00+00:00;1577183.374;1.9815350000000003
2025-03-02 09:00:00+00:00;1597603.36;3.6438
2025-03-02 10:00:00+00:00;1602519.756;2.83876
2025-03-02 11:00:00+00:00;1609985.21;2.6375
2025-03-02 12:00:00+00:00;1605326.781;3.13658
2025-03-02 13:00:00+00:00;1608641.658;2.5687
2025-03-02 14:00:00+00:00;1652559.976;2.2443400000000002
2025-03-02 15:00:00+00:00;1735327.984;1.4875
2025-03-02 16:00:00+00:00;1867550.395;1.4875
2025-03-02 17:00:00+00:00;1930308.471;1.4875
2025-03-02 18:00:00+00:00;1859165.06;1.4875
2025-03-02 19:00:00+00:00;1746382.462;1.4875
2025-03-02 20:00:00+00:00;1989341.042;1.4875
2025-03-02 21:00:00+00:00;2014520.38;1.4875
2025-03-02 22:00:00+00:00;1871949.623;0.074375
2025-03-02 23:00:00+00:00;1702470.848;0.0
2025-03-03 00:00:00+00:00;1594451.086;0.0
2025-03-03 01:00:00+00:00;1533349.737;-0.41396749999999993
2025-03-03 02:00:00+00:00;1525927.29;-1.058865
2025-03-03 03:00:00+00:00;1515549.065;-1.2
2025-03-03 04:00:00+00:00;1541492.253;-1.2
2025-03-03 05:00:00+00:00;1479323.47;-1.2
2025-03-03 06:00:00+00:00;1458185.787;-0.6717715
2025-03-03 07:00:00+00:00;1412562.212;0.0
2025-03-03 08:00:00+00:00;1380229.259;0.66625
2025-03-03 09:00:00+00:00;1363460.278;1.9756700000000003
2025-03-03 10:00:00+00:00;1335165.181;3.1312
2025-03-03 11:00:00+00:00;1321784.654;3.2877700000000005
2025-03-03 12:00:00+00:00;1342576.79;4.175
2025-03-03 13:00:00+00:00;1386700.396;4.002885
2025-03-03 14:00:00+00:00;1471251.427;3.175
2025-03-03 15:00:00+00:00;1545021.001;3.175
2025-03-03 16:00:00+00:00;1650387.896;2.5872149999999996
2025-03-03 17:00:00+00:00;1733234.134;1.932465
2025-03-03 18:00:00+00:00;1733894.251;0.690625
2025-03-03 19:00:00+00:00;1668246.25;0.6071385
2025-03-03 20:00:00+00:00;1933072.873;1.05
2025-03-03 21:00:00+00:00;1942924.945;1.05
2025-03-03 22:00:00+00:00;1791551.771;1.05
2025-03-03 23:00:00+00:00;1652724.599;0.2954605
2025-03-04 00:00:00+00:00;1561965.307;0.0
2025-03-04 01:00:00+00:00;1480061.207;-1.025
2025-03-04 02:00:00+00:00;1431804.182;-1.0803049999999998
2025-03-04 03:00:00+00:00;1430596.088;-0.348425
2025-03-04 04:00:00+00:00;1481127.464;-0.20249999999999999
2025-03-04 05:00:00+00:00;1431213.108;-1.0125
2025-03-04 06:00:00+00:00;1412141.823;-1.0125
2025-03-04 07:00:00+00:00;1373442.46;-1.0125
2025-03-04 08:00:00+00:00;1334122.059;-0.40499999999999997
2025-03-04 09:00:00+00:00;1301471.874;0.0
2025-03-04 10:00:00+00:00;1267127.662;0.0
2025-03-04 11:00:00+00:00;1235288.146;0.6622199999999999
2025-03-04 12:00:00+00:00;1226460.806;1.0188
2025-03-04 13:00:00+00:00;1266697.203;1.0188
2025-03-04 14:00:00+00:00;1369490.415;1.4769450000000002
2025-03-04 15:00:00+00:00;1479803.713;0.160305
2025-03-04 16:00:00+00:00;1640773.278;-0.888702
2025-03-04 17:00:00+00:00;1763194.467;-1.7447199999999998
2025-03-04 18:00:00+00:00;1774786.419;-2.52628
2025-03-04 19:00:00+00:00;1720627.005;-3.1375
2025-03-04 20:00:00+00:00;1975902.056;-3.1375
2025-03-04 21:00:00+00:00;2005604.281;-3.1375
2025-03-04 22:00:00+00:00;1857612.371;-3.1375
2025-03-04 23:00:00+00:00;1719381.234;-3.1375
2025-03-05 00:00:00+00:00;1628484.164;-3.1375
2025-03-05 01:00:00+00:00;1565264.008;-3.1375
2025-03-05 02:00:00+00:00;1513409.517;-2.88158
2025-03-05 03:00:00+00:00;1497949.973;-2.4063
2025-03-05 04:00:00+00:00;1533098.565;-2.4063
2025-03-05 05:00:00+00:00;1460876.04;-2.25441
2025-03-05 06:00:00+00:00;1435266.258;-1.3937
2025-03-05 07:00:00+00:00;1393444.19;-0.34585499999999997
2025-03-05 08:00:00+00:00;1353850.302;0.7174999999999999
2025-03-05 09:00:00+00:00;1334868.006;1.025
2025-03-05 10:00:00+00:00;1312929.312;1.025
2025-03-05 11:00:00+00:00;1291793.715;1.025
2025-03-05 12:00:00+00:00;1279204.357;1.0755249999999998
2025-03-05 13:00:00+00:00;1318871.565;2.0625
2025-03-05 14:00:00+00:00;1412307.856;1.6417449999999998
2025-03-05 15:00:00+00:00;1522956.462;0.0
2025-03-05 16:00:00+00:00;1660317.267;0.0
2025-03-05 17:00:00+00:00;1762152.92;0.0
2025-03-05 18:00:00+00:00;1741834.67;0.0
2025-03-05 19:00:00+00:00;1654482.068;0.0
2025-03-05 20:00:00+00:00;1904023.681;-0.469665
2025-03-05 21:00:00+00:00;1918131.052;-1.24282
2025-03-05 22:00:00+00:00;1777415.037;-2.1188
2025-03-05 23:00:00+00:00;1590262.21;-2.1188
2025-03-06 00:00:00+00:00;1469773.618;-2.1188
2025-03-06 01:00:00+00:00;1374549.141;-2.5412799999999995
2025-03-06 02:00:00+00:00;1327062.337;-3.3183599999999998
2025-03-06 03:00:00+00:00;1328293.975;-3.5687000000000006
2025-03-06 04:00:00+00:00;1370479.626;-3.5687000000000006
2025-03-06 05:00:00+00:00;1320182.167;-3.5687000000000006
2025-03-06 06:00:00+00:00;1306554.77;-3.3612200000000003
2025-03-06 07:00:00+00:00;1272060.6;-1.5915750000000002
2025-03-06 08:00:00+00:00;1245945.01;0.0
2025-03-06 09:00:00+00:00;1249581.762;1.1558585
2025-03-06 10:00:00+00:00;1230437.569;2.1937
2025-03-06 11:00:00+00:00;1220563.326;2.897235
2025-03-06 12:00:00+00:00;1214839.908;2.1188
2025-03-06 13:00:00+00:00;1225677.866;1.414415
2025-03-06 14:00:00+00:00;1302929.884;0.9934375
2025-03-06 15:00:00+00:00;1409108.993;0.6375
2025-03-06 16:00:00+00:00;1526593.134;-0.05625000000000004
2025-03-06 17:00:00+00:00;1642636.88;-1.262465
2025-03-06 18:00:00+00:00;1659012.2;-1.5812
2025-03-06 19:00:00+00:00;1601492.626;-1.5812
2025-03-06 20:00:00+00:00;1867209.457;-1.5812
2025-03-06 21:00:00+00:00;1870004.709;-1.5812
2025-03-06 22:00:00+00:00;1705010.929;-1.5812
2025-03-06 23:00:00+00:00;1543085.97;-1.5812
2025-03-07 00:00:00+00:00;1439424.75;-1.5812
2025-03-07 01:00:00+00:00;1381428.167;-1.5812
2025-03-07 02:00:00+00:00;1365325.317;-1.7462399999999998
2025-03-07 03:00:00+00:00;1393426.393;-1.9937999999999998
2025-03-07 04:00:00+00:00;1453013.794;-1.9937999999999998
2025-03-07 05:00:00+00:00;1416230.82;-1.9937999999999998
2025-03-07 06:00:00+00:00;1390147.974;-1.9937999999999998
2025-03-07 07:00:00+00:00;1329531.714;-2.755015
2025-03-07 08:00:00+00:00;1271038.111;-3.525945
2025-03-07 09:00:00+00:00;1226095.189;-2.34753
2025-03-07 10:00:00+00:00;1189112.156;-0.90465
2025-03-07 11:00:00+00:00;1160807.657;0.261691
2025-03-07 12:00:00+00:00;1160224.816;1.8281749999999999
2025-03-07 13:00:00+00:00;1197503.387;2.0938
2025-03-07 14:00:00+00:00;1300209.414;2.03673
2025-03-07 15:00:00+00:00;1419611.1;0.48374999999999996
2025-03-07 16:00:00+00:00;1564596.106;0.0
2025-03-07 17:00:00+00:00;1670530.706;0.0
2025-03-07 18:00:00+00:00;1683334.056;0.0
2025-03-07 19:00:00+00:00;1620027.15;0.0
2025-03-07 20:00:00+00:00;1883491.065;0.0
2025-03-07 21:00:00+00:00;1902352.27;0.0
2025-03-07 22:00:00+00:00;1726247.97;0.0
2025-03-07 23:00:00+00:00;1565758.552;0.0
2025-03-08 00:00:00+00:00;1476163.945;0.0
2025-03-08 01:00:00+00:00;1414803.156;0.0
2025-03-08 02:00:00+00:00;1358380.695;0.251084
2025-03-08 03:00:00+00:00;1318441.472;0.61875
2025-03-08 04:00:00+00:00;1310222.95;0.61875
2025-03-08 05:00:00+00:00;1274855.883;0.61875
2025-03-08 06:00:00+00:00;1334118.556;1.6044225
2025-03-08 07:00:00+00:00;1349842.598;2.50128
2025-03-08 08:00:00+00:00;1321765.218;3.7562000000000006
2025-03-08 09:00:00+00:00;1285306.585;3.7562000000000006
2025-03-08 10:00:00+00:00;1251588.07;3.7562000000000006
2025-03-08 11:00:00+00:00;1217293.382;3.42434
2025-03-08 12:00:00+00:00;1206219.022;2.65
2025-03-08 13:00:00+00:00;1250839.888;2.65
2025-03-08 14:00:00+00:00;1350678.712;2.65
2025-03-08 15:00:00+00:00;1506578.653;2.65
2025-03-08 16:00:00+00:00;1705269.232;2.65
2025-03-08 17:00:00+00:00;1797720.513;2.65
2025-03-08 18:00:00+00:00;1728401.742;2.65
2025-03-08 19:00:00+00:00;1613245.298;2.65
2025-03-08 20:00:00+00:00;1870272.609;2.261645
2025-03-08 21:00:00+00:00;1907177.904;1.435355
2025-03-08 22:00:00+00:00;1771682.945;0.3906725
2025-03-08 23:00:00+00:00;1601514.599;-0.5125
2025-03-09 00:00:00+00:00;1495198.155;-0.82186
2025-03-09 01:00:00+00:00;1426849.577;-1.5437
2025-03-09 02:00:00+00:00;1395784.577;-1.7999300000000003
2025-03-09 03:00:00+00:00;1396621.339;-2.125
2025-03-09 04:00:00+00:00;1417361.583;-2.7475
2025-03-09 05:00:00+00:00;1383347.342;-3.1625
2025-03-09 06:00:00+00:00;1417512.08;-3.1625
2025-03-09 07:00:00+00:00;1407707.667;-2.777205
2025-03-09 08:00:00+00:00;1373467.821;-1.56909
2025-03-09 09:00:00+00:00;1345431.826;-0.26313050000000004
2025-03-09 10:00:00+00:00;1314374.516;0.0
2025-03-09 11:00:00+00:00;1294080.158;0.0
2025-03-09 12:00:00+00:00;1278486.356;0.0
2025-03-09 13:00:00+00:00;1279324.524;0.0
2025-03-09 14:00:00+00:00;1341412.722;1.0
2025-03-09 15:00:00+00:00;1436020.076;-0.1252
2025-03-09 16:00:00+00:00;1569137.5;-2.19372
2025-03-09 17:00:00+00:00;1653145.699;-3.3539250000000003
2025-03-09 18:00:00+00:00;1625582.049;-4.448659999999999
2025-03-09 19:00:00+00:00;1552759.859;-5.018725
2025-03-09 20:00:00+00:00;1801110.616;-5.8063
2025-03-09 21:00:00+00:00;1834053.674;-6.72313
2025-03-09 22:00:00+00:00;1714754.756;-7.0424999999999995
2025-03-09 23:00:00+00:00;1567901.169;-7.9125
2025-03-10 00:00:00+00:00;1534923.895;-7.9125
2025-03-10 01:00:00+00:00;1484316.441;-7.9125
2025-03-10 02:00:00+00:00;1439828.964;-7.9803749999999996
2025-03-10 03:00:00+00:00;1424288.74;-8.075
2025-03-10 04:00:00+00:00;1463503.069;-8.964285
2025-03-10 05:00:00+00:00;1406932.371;-8.80625
2025-03-10 06:00:00+00:00;1368914.788;-7.057165
2025-03-10 07:00:00+00:00;1319682.977;-4.61123
2025-03-10 08:00:00+00:00;1289219.055;-3.114985
2025-03-10 09:00:00+00:00;1284432.559;-1.98627
2025-03-10 10:00:00+00:00;1239221.013;-1.2312800000000002
2025-03-10 11:00:00+00:00;1220143.945;-0.5387500000000001
2025-03-10 12:00:00+00:00;1233205.703;0.6581325
2025-03-10 13:00:00+00:00;1299142.149;1.5188
2025-03-10 14:00:00+00:00;1383399.123;0.30376
2025-03-10 15:00:00+00:00;1451187.186;-0.63378
2025-03-10 16:00:00+00:00;1534761.15;-1.0563
2025-03-10 17:00:00+00:00;1618380.159;-1.56876
2025-03-10 18:00:00+00:00;1634715.218;-2.125
2025-03-10 19:00:00+00:00;1607147.506;-2.125
2025-03-10 20:00:00+00:00;1886408.496;-3.1494
2025-03-10 21:00:00+00:00;1958119.758;-4.251485
2025-03-10 22:00:00+00:00;1861732.909;-5.52104
2025-03-10 23:00:00+00:00;1677927.008;-6.355485
2025-03-11 00:00:00+00:00;1596159.952;-7.542695
2025-03-11 01:00:00+00:00;1538758.951;-8.4562
2025-03-11 02:00:00+00:00;1520217.393;-8.76379
2025-03-11 03:00:00+00:00;1529772.471;-9.1687
2025-03-11 04:00:00+00:00;1584398.53;-9.17512
2025-03-11 05:00:00+00:00;1514580.196;-10.188
2025-03-11 06:00:00+00:00;1478071.808;-9.112905
2025-03-11 07:00:00+00:00;1434108.935;-6.997414999999999
2025-03-11 08:00:00+00:00;1407188.645;-5.32654
2025-03-11 09:00:00+00:00;1396369.866;-4.8625
2025-03-11 10:00:00+00:00;1365406.151;-4.8625
2025-03-11 11:00:00+00:00;1324430.114;-4.152825
2025-03-11 12:00:00+00:00;1324310.115;-3.75
2025-03-11 13:00:00+00:00;1385453.751;-3.6965649999999997
2025-03-11 14:00:00+00:00;1491725.862;-2.6813
2025-03-11 15:00:00+00:00;1584631.305;-4.543455
2025-03-11 16:00:00+00:00;1700317.194;-6.452500000000001
2025-03-11 17:00:00+00:00;1817963.916;-7.23954
2025-03-11 18:00:00+00:00;1845228.378;-7.9125
2025-03-11 19:00:00+00:00;1817531.284;-7.9125
2025-03-11 20:00:00+00:00;2071149.057;-8.806865
2025-03-11 21:00:00+00:00;2110288.878;-8.9375
2025-03-11 22:00:00+00:00;1990728.195;-8.9375
2025-03-11 23:00:00+00:00;1907903.044;-9.542225
2025-03-12 00:00:00+00:00;1851558.076;-10.037
2025-03-12 01:00:00+00:00;1780950.03;-10.037
2025-03-12 02:00:00+00:00;1745330.92;-10.83125
2025-03-12 03:00:00+00:00;1767303.303;-11.32675
2025-03-12 04:00:00+00:00;1817037.535;-12.144
2025-03-12 05:00:00+00:00;1753589.031;-11.9226
2025-03-12 06:00:00+00:00;1695533.649;-10.162605000000001
2025-03-12 07:00:00+00:00;1615351.777;-7.480615
2025-03-12 08:00:00+00:00;1548677.076;-5.41995
2025-03-12 09:00:00+00:00;1497219.938;-4.6937
2025-03-12 10:00:00+00:00;1459625.32;-3.54063
2025-03-12 11:00:00+00:00;1424694.959;-1.77345
2025-03-12 12:00:00+00:00;1422821.651;0.0
2025-03-12 13:00:00+00:00;1477729.404;-0.808648
2025-03-12 14:00:00+00:00;1578116.636;-1.5687000000000002
2025-03-12 15:00:00+00:00;1670519.643;-2.18214
2025-03-12 16:00:00+00:00;1790203.818;-3.91128
2025-03-12 17:00:00+00:00;1897051.561;-5.25
2025-03-12 18:00:00+00:00;1913502.651;-6.5984
2025-03-12 19:00:00+00:00;1868562.463;-7.6125
2025-03-12 20:00:00+00:00;2145000.422;-8.700635
2025-03-12 21:00:00+00:00;2190566.635;-9.553685
2025-03-12 22:00:00+00:00;2072333.989;-10.563
2025-03-12 23:00:00+00:00;1924925.515;-11.257200000000001
2025-03-13 00:00:00+00:00;1859172.066;-11.892
2025-03-13 01:00:00+00:00;1819113.129;-12.675
2025-03-13 02:00:00+00:00;1787502.772;-13.0074
2025-03-13 03:00:00+00:00;1778577.819;-13.506
2025-03-13 04:00:00+00:00;1810168.378;-13.506
2025-03-13 05:00:00+00:00;1728632.764;-12.99315
2025-03-13 06:00:00+00:00;1670624.184;-11.5375
2025-03-13 07:00:00+00:00;1600692.259;-9.028749999999999
2025-03-13 08:00:00+00:00;1542439.051;-6.869375
2025-03-13 09:00:00+00:00;1505029.863;-4.6630650000000005
2025-03-13 10:00:00+00:00;1461630.688;-3.37778
2025-03-13 11:00:00+00:00;1427753.913;-2.9688
2025-03-13 12:00:00+00:00;1435828.258;-2.607845
2025-03-13 13:00:00+00:00;1490044.088;-1.9375
2025-03-13 14:00:00+00:00;1588170.072;-1.73875
2025-03-13 15:00:00+00:00;1657804.698;-2.63842
2025-03-13 16:00:00+00:00;1749870.181;-4.279999999999999
2025-03-13 17:00:00+00:00;1860919.846;-6.31381
2025-03-13 18:00:00+00:00;1898260.732;-7.2687
2025-03-13 19:00:00+00:00;1891707.498;-7.37308
2025-03-13 20:00:00+00:00;2169388.844;-8.787835
2025-03-13 21:00:00+00:00;2231325.546;-9.884400000000001
2025-03-13 22:00:00+00:00;2140663.831;-10.616200000000001
2025-03-13 23:00:00+00:00;1963768.857;-11.481
2025-03-14 00:00:00+00:00;1894916.549;-11.9162
2025-03-14 01:00:00+00:00;1856749.075;-12.569
2025-03-14 02:00:00+00:00;1857886.56;-12.520800000000001
2025-03-14 03:00:00+00:00;1877732.161;-12.087
2025-03-14 04:00:00+00:00;1938000.856;-11.562000000000001
2025-03-14 05:00:00+00:00;1878051.284;-10.4148
2025-03-14 06:00:00+00:00;1814518.335;-8.649085
2025-03-14 07:00:00+00:00;1707887.88;-7.085590000000001
2025-03-14 08:00:00+00:00;1615955.791;-6.2084150000000005
2025-03-14 09:00:00+00:00;1561850.518;-5.75
2025-03-14 10:00:00+00:00;1513095.161;-5.587805
2025-03-14 11:00:00+00:00;1520096.715;-4.6687
2025-03-14 12:00:00+00:00;1553210.001;-4.6687
2025-03-14 13:00:00+00:00;1593576.358;-4.6687
2025-03-14 14:00:00+00:00;1658909.185;-4.10154
2025-03-14 15:00:00+00:00;1707398.741;-4.25657
2025-03-14 16:00:00+00:00;1817719.686;-6.60342
2025-03-14 17:00:00+00:00;1929355.611;-7.95
2025-03-14 18:00:00+00:00;1943307.915;-9.36875
2025-03-14 19:00:00+00:00;1929593.884;-9.775
2025-03-14 20:00:00+00:00;2255216.209;-9.775
2025-03-14 21:00:00+00:00;2348385.112;-9.379645
2025-03-14 22:00:00+00:00;2244127.011;-8.7687
2025-03-14 23:00:00+00:00;2179858.939;-8.348740000000001
2025-03-15 00:00:00+00:00;2091367.939;-6.9453249999999995
2025-03-15 01:00:00+00:00;2028106.034;-6.6875
2025-03-15 02:00:00+00:00;1961526.686;-5.564349999999999
2025-03-15 03:00:00+00:00;1907151.608;-4.4243749999999995
2025-03-15 04:00:00+00:00;1881360.66;-3.75
2025-03-15 05:00:00+00:00;1802740.831;-3.75
2025-03-15 06:00:00+00:00;1814085.941;-2.80369
2025-03-15 07:00:00+00:00;1771676.04;-1.33629
2025-03-15 08:00:00+00:00;1704672.051;0.19088249999999998
2025-03-15 09:00:00+00:00;1648283.591;0.50625
2025-03-15 10:00:00+00:00;1606240.482;0.8100149999999999
2025-03-15 11:00:00+00:00;1581411.876;1.5188
2025-03-15 12:00:00+00:00;1576468.422;1.5188
2025-03-15 13:00:00+00:00;1590374.83;1.5188
2025-03-15 14:00:00+00:00;1654415.476;1.5188
2025-03-15 15:00:00+00:00;1788175.278;1.36692
2025-03-15 16:00:00+00:00;1972235.474;0.0
2025-03-15 17:00:00+00:00;2050204.325;-1.609675
2025-03-15 18:00:00+00:00;1954696.21;-2.60935
2025-03-15 19:00:00+00:00;1815818.242;-3.1375
2025-03-15 20:00:00+00:00;2044068.336;-3.1375
2025-03-15 21:00:00+00:00;2071889.774;-3.1375
2025-03-15 22:00:00+00:00;1917670.404;-3.2471699999999997
2025-03-15 23:00:00+00:00;1821077.735;-4.6274999999999995
2025-03-16 00:00:00+00:00;1693167.638;-5.86625
2025-03-16 01:00:00+00:00;1619075.367;-6.936069999999999
2025-03-16 02:00:00+00:00;1571445.432;-7.42594
2025-03-16 03:00:00+00:00;1555088.978;-8.1563
2025-03-16 04:00:00+00:00;1585038.402;-8.1563
2025-03-16 05:00:00+00:00;1551181.188;-8.1563
2025-03-16 06:00:00+00:00;1604596.893;-6.587165000000001
2025-03-16 07:00:00+00:00;1614155.298;-5.5962000000000005
2025-03-16 08:00:00+00:00;1589362.683;-4.254045
2025-03-16 09:00:00+00:00;1559252.721;-3.8625
2025-03-16 10:00:00+00:00;1534792.965;-3.7417499999999997
2025-03-16 11:00:00+00:00;1503114.095;-2.8438
2025-03-16 12:00:00+00:00;1490828.61;-2.52877
2025-03-16 13:00:00+00:00;1515009.296;-1.7937
2025-03-16 14:00:00+00:00;1581749.526;-0.6346849999999999
2025-03-16 15:00:00+00:00;1707060.035;-0.3819125
2025-03-16 16:00:00+00:00;1881599.686;-4.653705
2025-03-16 17:00:00+00:00;2008847.887;-6.396255
2025-03-16 18:00:00+00:00;1988221.543;-7.29128
2025-03-16 19:00:00+00:00;1905040.434;-8.9688
2025-03-16 20:00:00+00:00;2169695.505;-8.9688
2025-03-16 21:00:00+00:00;2225646.298;-8.012550000000001
2025-03-16 22:00:00+00:00;2136828.898;-7.96637
2025-03-16 23:00:00+00:00;2020927.647;-9.440000000000001
2025-03-17 00:00:00+00:00;1935115.989;-9.14375
2025-03-17 01:00:00+00:00;1879780.381;-8.8875
2025-03-17 02:00:00+00:00;1848042.14;-8.81163
2025-03-17 03:00:00+00:00;1879469.294;-7.414359999999999
2025-03-17 04:00:00+00:00;1934355.151;-6.779999999999999
2025-03-17 05:00:00+00:00;1831907.74;-5.64
2025-03-17 06:00:00+00:00;1700863.957;-4.452015
2025-03-17 07:00:00+00:00;1557425.591;-4.0062
2025-03-17 08:00:00+00:00;1465080.922;-2.94333
2025-03-17 09:00:00+00:00;1448929.636;-1.3037275000000002
2025-03-17 10:00:00+00:00;1410095.614;-0.83125
2025-03-17 11:00:00+00:00;1406957.714;-0.83125
2025-03-17 12:00:00+00:00;1418707.283;-0.83125
2025-03-17 13:00:00+00:00;1472673.473;-0.83125
2025-03-17 14:00:00+00:00;1561778.632;-0.83125
2025-03-17 15:00:00+00:00;1622956.768;-1.0812374999999999
2025-03-17 16:00:00+00:00;1699470.397;-2.45587
2025-03-17 17:00:00+00:00;1791629.024;-3.722536842105263
2025-03-17 18:00:00+00:00;1799996.135;-3.95
2025-03-17 19:00:00+00:00;1736737.854;-5.154915
2025-03-17 20:00:00+00:00;2010503.15;-6.0375
2025-03-17 21:00:00+00:00;2053699.114;-6.65368
2025-03-17 22:00:00+00:00;1929048.327;-7.449949999999999
2025-03-17 23:00:00+00:00;1792564.069;-8.1937
2025-03-18 00:00:00+00:00;1708328.548;-8.981275
2025-03-18 01:00:00+00:00;1610206.03;-9.2438
2025-03-18 02:00:00+00:00;1567969.714;-9.2438
2025-03-18 03:00:00+00:00;1575580.969;-9.2438
2025-03-18 04:00:00+00:00;1629621.97;-9.2438
2025-03-18 05:00:00+00:00;1543996.424;-9.096905000000001
2025-03-18 06:00:00+00:00;1466478.243;-6.70081
2025-03-18 07:00:00+00:00;1375734.757;-4.148194999999999
2025-03-18 08:00:00+00:00;1320644.638;-2.0661631578947364
2025-03-18 09:00:00+00:00;1303533.92;-0.19570526315789474
2025-03-18 10:00:00+00:00;1303066.132;1.77378
2025-03-18 11:00:00+00:00;1264341.586;3.15438
2025-03-18 12:00:00+00:00;1238024.348;3.8924999999999996
2025-03-18 13:00:00+00:00;1274336.892;4.3125
2025-03-18 14:00:00+00:00;1373881.557;4.21188
2025-03-18 15:00:00+00:00;1465261.664;3.3062999999999994
2025-03-18 16:00:00+00:00;1587975.71;3.3062999999999994
2025-03-18 17:00:00+00:00;1723376.081;3.3062999999999994
2025-03-18 18:00:00+00:00;1732406.629;3.3062999999999994
2025-03-18 19:00:00+00:00;1637653.109;3.5641
2025-03-18 20:00:00+00:00;1884026.642;3.9402350000000004
2025-03-18 21:00:00+00:00;1893981.731;2.44732
2025-03-18 22:00:00+00:00;1756822.836;2.275
2025-03-18 23:00:00+00:00;1615040.419;1.113475
2025-03-19 00:00:00+00:00;1501006.676;0.0
2025-03-19 01:00:00+00:00;1419126.522;0.0
2025-03-19 02:00:00+00:00;1373812.419;0.0
2025-03-19 03:00:00+00:00;1384720.743;-0.6187800000000001
2025-03-19 04:00:00+00:00;1441948.463;-1.0313
2025-03-19 05:00:00+00:00;1367121.237;-1.3762400000000001
2025-03-19 06:00:00+00:00;1298462.76;-1.6062
2025-03-19 07:00:00+00:00;1224027.134;-1.6062
2025-03-19 08:00:00+00:00;1169471.529;-0.7714155
2025-03-19 09:00:00+00:00;1137043.15;-0.55
2025-03-19 10:00:00+00:00;1103562.071;-0.5315665
2025-03-19 11:00:00+00:00;1088303.072;0.50625
2025-03-19 12:00:00+00:00;1098551.602;0.50625
2025-03-19 13:00:00+00:00;1152977.82;0.50625
2025-03-19 14:00:00+00:00;1258120.714;0.9765075
2025-03-19 15:00:00+00:00;1342186.334;1.4271135
2025-03-19 16:00:00+00:00;1458997.601;-0.86754
2025-03-19 17:00:00+00:00;1601698.329;-1.5687
2025-03-19 18:00:00+00:00;1642431.095;-2.40374
2025-03-19 19:00:00+00:00;1591620.57;-3.63375
2025-03-19 20:00:00+00:00;1845121.615;-4.1100200000000005
2025-03-19 21:00:00+00:00;1878582.868;-4.795045
2025-03-19 22:00:00+00:00;1772182.763;-5.7687
2025-03-19 23:00:00+00:00;1689622.895;-6.356540000000001
2025-03-20 00:00:00+00:00;1574242.524;-7.302020000000001
2025-03-20 01:00:00+00:00;1498580.665;-7.997459999999999
2025-03-20 02:00:00+00:00;1461703.957;-8.9313
2025-03-20 03:00:00+00:00;1480729.982;-8.9313
2025-03-20 04:00:00+00:00;1526760.224;-8.9313
2025-03-20 05:00:00+00:00;1446417.28;-9.371995
2025-03-20 06:00:00+00:00;1365503.907;-6.610594999999999
2025-03-20 07:00:00+00:00;1273034.063;-5.009425
2025-03-20 08:00:00+00:00;1211148.538;-3.551565
2025-03-20 09:00:00+00:00;1172957.377;-2.50839
2025-03-20 10:00:00+00:00;1140421.767;-2.2230049999999997
2025-03-20 11:00:00+00:00;1128020.81;-1.3688
2025-03-20 12:00:00+00:00;1164351.057;-1.3688
2025-03-20 13:00:00+00:00;1236266.606;-0.13688
2025-03-20 14:00:00+00:00;1324012.997;0.4133095
2025-03-20 15:00:00+00:00;1378544.715;1.790975
2025-03-20 16:00:00+00:00;1467075.358;-1.29293
2025-03-20 17:00:00+00:00;1582180.762;-3.2475
2025-03-20 18:00:00+00:00;1617602.467;-4.55236
2025-03-20 19:00:00+00:00;1575650.854;-5.171200000000001
2025-03-20 20:00:00+00:00;1839027.953;-6.14059
2025-03-20 21:00:00+00:00;1879303.57;-6.8625
2025-03-20 22:00:00+00:00;1794276.603;-7.458805
2025-03-20 23:00:00+00:00;1646788.924;-8.55002
2025-03-21 00:00:00+00:00;1534558.51;-9.15023
2025-03-21 01:00:00+00:00;1477347.495;-10.025
2025-03-21 02:00:00+00:00;1471390.965;-11.011099999999999
2025-03-21 03:00:00+00:00;1500447.423;-11.182649999999999
2025-03-21 04:00:00+00:00;1570886.094;-12.169
2025-03-21 05:00:00+00:00;1499255.312;-11.40165
2025-03-21 06:00:00+00:00;1412064.026;-8.654349999999999
2025-03-21 07:00:00+00:00;1309927.467;-6.139735
2025-03-21 08:00:00+00:00;1225365.193;-4.46383
2025-03-21 09:00:00+00:00;1182039.78;-3.8
2025-03-21 10:00:00+00:00;1136443.236;-3.3049999999999997
2025-03-21 11:00:00+00:00;1099839.442;-2.1656000000000004
2025-03-21 12:00:00+00:00;1095132.718;-1.1436975
2025-03-21 13:00:00+00:00;1140789.682;-0.677546
2025-03-21 14:00:00+00:00;1211558.254;0.757567
2025-03-21 15:00:00+00:00;1303822.427;1.8662800000000002
2025-03-21 16:00:00+00:00;1442305.013;-1.17529
2025-03-21 17:00:00+00:00;1612116.779;-3.2760550000000004
2025-03-21 18:00:00+00:00;1720837.029;-4.696875
2025-03-21 19:00:00+00:00;1731627.296;-5.444655
2025-03-21 20:00:00+00:00;2026840.024;-6.33125
2025-03-21 21:00:00+00:00;2080946.896;-6.8438
2025-03-21 22:00:00+00:00;1963827.878;-6.8438
2025-03-21 23:00:00+00:00;1831650.714;-7.757465000000001
2025-03-22 00:00:00+00:00;1751404.291;-7.918699999999999
2025-03-22 01:00:00+00:00;1724806.716;-7.918699999999999
2025-03-22 02:00:00+00:00;1691893.868;-7.317869999999999
2025-03-22 03:00:00+00:00;1684545.379;-6.9938
2025-03-22 04:00:00+00:00;1697932.204;-6.9938
2025-03-22 05:00:00+00:00;1630971.368;-5.38724
2025-03-22 06:00:00+00:00;1603632.827;-3.2613399999999997
2025-03-22 07:00:00+00:00;1531335.965;-0.6231455
2025-03-22 08:00:00+00:00;1456331.181;1.569035
2025-03-22 09:00:00+00:00;1411840.634;2.88311
2025-03-22 10:00:00+00:00;1372114.999;3.6312000000000006
2025-03-22 11:00:00+00:00;1360887.716;4.6535400000000005
2025-03-22 12:00:00+00:00;1326823.876;4.7313
2025-03-22 13:00:00+00:00;1326184.129;4.7313
2025-03-22 14:00:00+00:00;1386867.793;5.389425
2025-03-22 15:00:00+00:00;1515287.211;5.7438
2025-03-22 16:00:00+00:00;1708721.292;5.04505
2025-03-22 17:00:00+00:00;1858456.894;3.5813
2025-03-22 18:00:00+00:00;1815275.472;3.3662800000000006
2025-03-22 19:00:00+00:00;1695016.739;2.4037100000000002
2025-03-22 20:00:00+00:00;1948513.951;1.4813
2025-03-22 21:00:00+00:00;2005323.934;1.4813
2025-03-22 22:00:00+00:00;1916362.838;0.6665850000000001
2025-03-22 23:00:00+00:00;1760055.76;0.0
2025-03-23 00:00:00+00:00;1656055.806;0.0
2025-03-23 01:00:00+00:00;1596126.764;-0.3981855
2025-03-23 02:00:00+00:00;1565013.654;-1.8791049999999998
2025-03-23 03:00:00+00:00;1562853.714;-2.259195
2025-03-23 04:00:00+00:00;1582759.559;-1.5
2025-03-23 05:00:00+00:00;1509690.963;-0.975
2025-03-23 06:00:00+00:00;1488299.775;0.20376
2025-03-23 07:00:00+00:00;1423929.379;1.76526
2025-03-23 08:00:00+00:00;1353710.276;3.6381500000000004
2025-03-23 09:00:00+00:00;1295779.017;4.15
2025-03-23 10:00:00+00:00;1239918.756;4.8005700000000004
2025-03-23 11:00:00+00:00;1193244.141;5.275
2025-03-23 12:00:00+00:00;1167964.944;5.275
2025-03-23 13:00:00+00:00;1169878.624;5.476260000000001
2025-03-23 14:00:00+00:00;1221512.257;7.247345
2025-03-23 15:00:00+00:00;1331997.097;8.425
2025-03-23 16:00:00+00:00;1515878.508;6.0569749999999996
2025-03-23 17:00:00+00:00;1678605.091;4.1334800000000005
2025-03-23 18:00:00+00:00;1672249.683;2.65088
2025-03-23 19:00:00+00:00;1584056.804;1.1188
2025-03-23 20:00:00+00:00;1836103.073;0.0005129999999999967
2025-03-23 21:00:00+00:00;1881387.616;-1.0313
2025-03-23 22:00:00+00:00;1761391.364;-1.0313
2025-03-23 23:00:00+00:00;1648968.142;-1.0313
2025-03-24 00:00:00+00:00;1568746.333;-1.0313
2025-03-24 01:00:00+00:00;1509081.131;-1.3519100000000002
2025-03-24 02:00:00+00:00;1495738.021;-2.30061
2025-03-24 03:00:00+00:00;1527099.038;-2.7687
2025-03-24 04:00:00+00:00;1586538.178;-2.7687
2025-03-24 05:00:00+00:00;1493405.853;-2.5662
2025-03-24 06:00:00+00:00;1371763.794;-1.0081099999999998
2025-03-24 07:00:00+00:00;1247480.341;0.70007
2025-03-24 08:00:00+00:00;1169390.265;2.013775
2025-03-24 09:00:00+00:00;1145008.049;2.875
2025-03-24 10:00:00+00:00;1145328.338;3.99805
2025-03-24 11:00:00+00:00;1133915.789;5.74
2025-03-24 12:00:00+00:00;1161415.939;6.0625
2025-03-24 13:00:00+00:00;1226255.371;6.0625
2025-03-24 14:00:00+00:00;1346992.469;7.16887
2025-03-24 15:00:00+00:00;1449119.301;5.810499999999999
2025-03-24 16:00:00+00:00;1548531.231;4.00308
2025-03-24 17:00:00+00:00;1654427.3;3.8438000000000003
2025-03-24 18:00:00+00:00;1672146.308;3.2607550000000005
2025-03-24 19:00:00+00:00;1590558.451;2.825
2025-03-24 20:00:00+00:00;1857958.597;2.825
2025-03-24 21:00:00+00:00;1860233.822;2.71688
2025-03-24 22:00:00+00:00;1721533.863;1.7437999999999998
2025-03-24 23:00:00+00:00;1589473.737;1.7437999999999998
2025-03-25 00:00:00+00:00;1476942.312;1.7437999999999998
2025-03-25 01:00:00+00:00;1386645.663;1.7437999999999998
2025-03-25 02:00:00+00:00;1336220.663;1.5534700000000001
2025-03-25 03:00:00+00:00;1338491.899;1.1002519999999998
2025-03-25 04:00:00+00:00;1389696.238;0.0
2025-03-25 05:00:00+00:00;1326126.181;0.9
2025-03-25 06:00:00+00:00;1283686.107;1.46971
2025-03-25 07:00:00+00:00;1228658.467;2.326
2025-03-25 08:00:00+00:00;1186538.623;3.1312
2025-03-25 09:00:00+00:00;1159175.479;3.131425
2025-03-25 10:00:00+00:00;1117889.41;4.1813
2025-03-25 11:00:00+00:00;1095346.898;4.1813
2025-03-25 12:00:00+00:00;1098231.557;4.1813
2025-03-25 13:00:00+00:00;1152365.189;4.1813
2025-03-25 14:00:00+00:00;1236578.196;4.9922
2025-03-25 15:00:00+00:00;1306879.589;3.9598600000000004
2025-03-25 16:00:00+00:00;1395100.937;2.8075900000000003
2025-03-25 17:00:00+00:00;1512825.238;2.1438
2025-03-25 18:00:00+00:00;1546446.804;1.444275
2025-03-25 19:00:00+00:00;1477479.401;0.32249999999999995
2025-03-25 20:00:00+00:00;1733880.027;0.0
2025-03-25 21:00:00+00:00;1781704.081;-1.005243
2025-03-25 22:00:00+00:00;1639108.17;-1.5594
2025-03-25 23:00:00+00:00;1549048.388;-2.102255
2025-03-26 00:00:00+00:00;1443430.216;-3.1563
2025-03-26 01:00:00+00:00;1381732.021;-3.4125500000000004
2025-03-26 02:00:00+00:00;1343816.682;-4.378175000000001
2025-03-26 03:00:00+00:00;1368449.307;-4.7438
2025-03-26 04:00:00+00:00;1424483.079;-4.7438
2025-03-26 05:00:00+00:00;1321659.837;-3.98965
2025-03-26 06:00:00+00:00;1227503.865;-2.05124
2025-03-26 07:00:00+00:00;1135736.004;-0.8437374999999999
2025-03-26 08:00:00+00:00;1068258.713;-0.58125
2025-03-26 09:00:00+00:00;1032232.392;0.45187499999999997
2025-03-26 10:00:00+00:00;1004547.897;0.50625
2025-03-26 11:00:00+00:00;979869.698;1.5052175
2025-03-26 12:00:00+00:00;991651.208;1.575
2025-03-26 13:00:00+00:00;1053176.479;1.775
2025-03-26 14:00:00+00:00;1144846.899;3.327655
2025-03-26 15:00:00+00:00;1242504.485;5.22185
2025-03-26 16:00:00+00:00;1417366.86;3.3329700000000004
2025-03-26 17:00:00+00:00;1632761.357;1.364233
2025-03-26 18:00:00+00:00;1716392.666;0.0
2025-03-26 19:00:00+00:00;1655842.442;0.0
2025-03-26 20:00:00+00:00;1917753.285;0.0
2025-03-26 21:00:00+00:00;1951446.837;-0.156555
2025-03-26 22:00:00+00:00;1851963.858;-1.0437
2025-03-26 23:00:00+00:00;1731758.115;-1.0437
2025-03-27 00:00:00+00:00;1631898.536;-2.029325
2025-03-27 01:00:00+00:00;1551978.725;-2.0812
2025-03-27 02:00:00+00:00;1519483.735;-2.0987
2025-03-27 03:00:00+00:00;1527074.728;-2.1312
2025-03-27 04:00:00+00:00;1577897.177;-2.049685
2025-03-27 05:00:00+00:00;1464569.487;-0.7190300000000001
2025-03-27 06:00:00+00:00;1332905.374;1.0799999999999998
2025-03-27 07:00:00+00:00;1204516.446;3.201935
2025-03-27 08:00:00+00:00;1128242.135;4.573175
2025-03-27 09:00:00+00:00;1095893.4;5.2313
2025-03-27 10:00:00+00:00;1071362.307;5.2313
2025-03-27 11:00:00+00:00;1061352.775;6.321225
2025-03-27 12:00:00+00:00;1089495.755;6.3438
2025-03-27 13:00:00+00:00;1160035.584;6.3438
2025-03-27 14:00:00+00:00;1265320.122;6.604725
2025-03-27 15:00:00+00:00;1350029.161;6.717005
2025-03-27 16:00:00+00:00;1461809.775;6.3812
2025-03-27 17:00:00+00:00;1585495.498;6.371365
2025-03-27 18:00:00+00:00;1608646.618;5.3313
2025-03-27 19:00:00+00:00;1515972.547;5.3313
2025-03-27 20:00:00+00:00;1753060.711;5.3313
2025-03-27 21:00:00+00:00;1769469.148;4.3711649999999995
2025-03-27 22:00:00+00:00;1607479.027;3.8059649999999996
2025-03-27 23:00:00+00:00;1451528.416;3.225
2025-03-28 00:00:00+00:00;1350358.733;3.225
2025-03-28 01:00:00+00:00;1282804.979;3.225
2025-03-28 02:00:00+00:00;1240192.944;2.94283
2025-03-28 03:00:00+00:00;1224119.322;2.4188
2025-03-28 04:00:00+00:00;1271459.755;2.4188
2025-03-28 05:00:00+00:00;1235646.275;2.474425
2025-03-28 06:00:00+00:00;1219721.019;3.90097
2025-03-28 07:00:00+00:00;1195255.327;5.3984749999999995
2025-03-28 08:00:00+00:00;1184742.046;5.6688
2025-03-28 09:00:00+00:00;1190094.808;5.6688
2025-03-28 10:00:00+00:00;1183454.391;6.529425000000001
2025-03-28 11:00:00+00:00;1193507.82;6.6813
2025-03-28 12:00:00+00:00;1203824.981;6.6813
2025-03-28 13:00:00+00:00;1245221.643;6.1469000000000005
2025-03-28 14:00:00+00:00;1321228.933;5.6125
2025-03-28 15:00:00+00:00;1392104.764;5.6125
2025-03-28 16:00:00+00:00;1487902.683;5.6125
2025-03-28 17:00:00+00:00;1580733.728;5.6125
2025-03-28 18:00:00+00:00;1579292.423;5.6125
2025-03-28 19:00:00+00:00;1504065.418;5.6125
2025-03-28 20:00:00+00:00;1761158.479;5.6125
2025-03-28 21:00:00+00:00;1774168.411;5.6125
2025-03-28 22:00:00+00:00;1611842.299;5.6125
2025-03-28 23:00:00+00:00;1433980.349;5.6125
2025-03-29 00:00:00+00:00;1319677.814;5.6125
2025-03-29 01:00:00+00:00;1239694.315;5.6125
2025-03-29 02:00:00+00:00;1192591.925;5.6409199999999995
2025-03-29 03:00:00+00:00;1185638.189;5.6937
2025-03-29 04:00:00+00:00;1194069.29;5.6937
2025-03-29 05:00:00+00:00;1148617.582;5.6937
2025-03-29 06:00:00+00:00;1180984.115;5.89622
2025-03-29 07:00:00+00:00;1181305.392;6.706300000000001
2025-03-29 08:00:00+00:00;1152907.934;7.2438
2025-03-29 09:00:00+00:00;1126762.562;8.779805
2025-03-29 10:00:00+00:00;1086852.493;9.421875
2025-03-29 11:00:00+00:00;1054800.794;9.9
2025-03-29 12:00:00+00:00;1045421.2;9.9
2025-03-29 13:00:00+00:00;1061763.942;9.9
2025-03-29 14:00:00+00:00;1134749.291;9.9
2025-03-29 15:00:00+00:00;1262687.594;10.56545
2025-03-29 16:00:00+00:00;1448802.886;8.89941
2025-03-29 17:00:00+00:00;1561920.212;7.3738
2025-03-29 18:00:00+00:00;1518085.138;5.966475
2025-03-29 19:00:00+00:00;1393526.463;4.33942
2025-03-29 20:00:00+00:00;1631243.296;3.32035
2025-03-29 21:00:00+00:00;1662334.711;2.5375
2025-03-29 22:00:00+00:00;1516307.47;2.5375
2025-03-29 23:00:00+00:00;1353116.342;2.5375
2025-03-30 00:00:00+00:00;1244859.141;2.073415
2025-03-30 01:00:00+00:00;1182341.554;1.440575
2025-03-30 02:00:00+00:00;1155236.142;0.461545
2025-03-30 03:00:00+00:00;1145299.197;0.0
2025-03-30 04:00:00+00:00;1102775.37;0.0
2025-03-30 05:00:00+00:00;1133834.652;0.6743750000000001
2025-03-30 06:00:00+00:00;1157482.064;2.040985
2025-03-30 07:00:00+00:00;1144979.258;2.97032
2025-03-30 08:00:00+00:00;1115365.043;4.151065
2025-03-30 09:00:00+00:00;1072710.521;4.85722
2025-03-30 10:00:00+00:00;1044921.825;5.2313
2025-03-30 11:00:00+00:00;1011814.628;5.2313
2025-03-30 12:00:00+00:00;997533.242;5.61242
2025-03-30 13:00:00+00:00;1020757.709;6.464215
2025-03-30 14:00:00+00:00;1081687.833;8.444334999999999
2025-03-30 15:00:00+00:00;1191014.387;8.855315000000001
2025-03-30 16:00:00+00:00;1305812.24;7.32617
2025-03-30 17:00:00+00:00;1354038.664;4.250325
2025-03-30 18:00:00+00:00;1310580.772;3.1
2025-03-30 19:00:00+00:00;1525358.562;2.63461
2025-03-30 20:00:00+00:00;1564317.223;2.0438
2025-03-30 21:00:00+00:00;1460054.391;1.0801025000000002
2025-03-30 22:00:00+00:00;1265582.938;0.95625
2025-03-30 23:00:00+00:00;1172251.993;0.95625
2025-03-31 00:00:00+00:00;1149224.037;0.4378125
2025-03-31 01:00:00+00:00;1119582.785;-0.34125
2025-03-31 02:00:00+00:00;1105612.77;0.0
2025-03-31 03:00:00+00:00;1140816.163;0.0
2025-03-31 04:00:00+00:00;1109011.924;0.050624999999999996
2025-03-31 05:00:00+00:00;1082552.085;1.0125
2025-03-31 06:00:00+00:00;1037568.964;2.52679
2025-03-31 07:00:00+00:00;999543.956;4.84502
2025-03-31 08:00:00+00:00;976582.692;5.639705
2025-03-31 09:00:00+00:00;942027.459;7.4612750000000005
2025-03-31 10:00:00+00:00;916887.359;9.126265
2025-03-31 11:00:00+00:00;914945.117;9.057975
2025-03-31 12:00:00+00:00;933271.744;8.3688
2025-03-31 13:00:00+00:00;1007336.087;7.73874
2025-03-31 14:00:00+00:00;1051639.299;7.8687
2025-03-31 15:00:00+00:00;1106999.525;10.28794
2025-03-31 16:00:00+00:00;1217337.891;7.1162350000000005
2025-03-31 17:00:00+00:00;1305295.904;4.574979999999999
2025-03-31 18:00:00+00:00;1290489.421;3.3375
2025-03-31 19:00:00+00:00;1539566.671;2.117285
2025-03-31 20:00:00+00:00;1563371.148;2.0313
2025-03-31 21:00:00+00:00;1417955.963;2.0313
2025-03-31 22:00:00+00:00;1300035.016;1.811095
2025-03-31 23:00:00+00:00;1223344.504;0.94375
2025-04-01 00:00:00+00:00;1172333.268;0.94375
2025-04-01 01:00:00+00:00;1149823.629;0.6134375
2025-04-01 02:00:00+00:00;1176628.804;0.0
2025-04-01 03:00:00+00:00;1235341.81;0.0
2025-04-01 04:00:00+00:00;1204795.278;0.0
2025-04-01 05:00:00+00:00;1164949.848;0.27834600000000004
2025-04-01 06:00:00+00:00;1101809.159;1.0375
2025-04-01 07:00:00+00:00;1041635.566;1.29243
2025-04-01 08:00:00+00:00;982515.503;2.9587499999999998
2025-04-01 09:00:00+00:00;929081.376;3.5375
2025-04-01 10:00:00+00:00;905841.454;5.0643
2025-04-01 11:00:00+00:00;891333.175;4.975
2025-04-01 12:00:00+00:00;917960.264;4.275
2025-04-01 13:00:00+00:00;972719.388;5.11753
2025-04-01 14:00:00+00:00;1025741.732;6.15939
2025-04-01 15:00:00+00:00;1108636.413;7.570335
2025-04-01 16:00:00+00:00;1257765.777;7.46001
2025-04-01 17:00:00+00:00;1402098.851;3.695745
2025-04-01 18:00:00+00:00;1376912.293;3.2063
2025-04-01 19:00:00+00:00;1600696.711;3.2063
2025-04-01 20:00:00+00:00;1622774.506;3.2063
2025-04-01 21:00:00+00:00;1474504.099;3.2063
2025-04-01 22:00:00+00:00;1346582.068;3.2063
2025-04-01 23:00:00+00:00;1288651.316;3.8725500000000004
2025-04-02 00:00:00+00:00;1230284.541;4.2313
2025-04-02 01:00:00+00:00;1175118.904;4.371264999999999
2025-04-02 02:00:00+00:00;1165963.041;5.66498
2025-04-02 03:00:00+00:00;1216744.213;5.750625
2025-04-02 04:00:00+00:00;1170227.8;5.7
2025-04-02 05:00:00+00:00;1101318.176;5.7
2025-04-02 06:00:00+00:00;1005921.495;5.95625
2025-04-02 07:00:00+00:00;942511.417;6.725
2025-04-02 08:00:00+00:00;906828.518;6.725
2025-04-02 09:00:00+00:00;872038.805;6.725
2025-04-02 10:00:00+00:00;852554.042;7.186249999999999
2025-04-02 11:00:00+00:00;849683.618;7.75
2025-04-02 12:00:00+00:00;877266.854;7.75
2025-04-02 13:00:00+00:00;943669.613;7.75
2025-04-02 14:00:00+00:00;1002308.942;6.68125
2025-04-02 15:00:00+00:00;1091039.524;6.6034049999999995
2025-04-02 16:00:00+00:00;1230579.468;5.575
2025-04-02 17:00:00+00:00;1309204.379;5.50893
2025-04-02 18:00:00+00:00;1259270.57;4.525
2025-04-02 19:00:00+00:00;1472554.628;3.7684650000000004
2025-04-02 20:00:00+00:00;1483702.692;2.4188
2025-04-02 21:00:00+00:00;1323267.417;2.3138
2025-04-02 22:00:00+00:00;1174588.46;1.3688
2025-04-02 23:00:00+00:00;1107210.788;1.3688
2025-04-03 00:00:00+00:00;1075294.03;1.3688
2025-04-03 01:00:00+00:00;1068084.185;1.29005
2025-04-03 02:00:00+00:00;1084181.186;1.1438
2025-04-03 03:00:00+00:00;1150627.659;1.1438
2025-04-03 04:00:00+00:00;1114522.019;1.1438
2025-04-03 05:00:00+00:00;1062981.737;2.199865
2025-04-03 06:00:00+00:00;985248.814;3.3325400000000003
2025-04-03 07:00:00+00:00;919960.806;4.626234999999999
2025-04-03 08:00:00+00:00;874489.325;6.825
2025-04-03 09:00:00+00:00;842776.603;8.056529999999999
2025-04-03 10:00:00+00:00;830701.113;7.5575
2025-04-03 11:00:00+00:00;847615.963;8.4375
2025-04-03 12:00:00+00:00;866362.31;7.738989999999999
2025-04-03 13:00:00+00:00;923922.18;6.95
2025-04-03 14:00:00+00:00;980553.428;7.4
2025-04-03 15:00:00+00:00;1070590.858;6.67816
2025-04-03 16:00:00+00:00;1209017.773;6.49
2025-04-03 17:00:00+00:00;1311113.674;6.2625
2025-04-03 18:00:00+00:00;1285869.377;5.1875
2025-04-03 19:00:00+00:00;1512044.71;4.629894999999999
2025-04-03 20:00:00+00:00;1516149.231;4.1
2025-04-03 21:00:00+00:00;1354952.948;4.1
2025-04-03 22:00:00+00:00;1226239.154;4.1
2025-04-03 23:00:00+00:00;1143516.249;3.8359499999999995
2025-04-04 00:00:00+00:00;1133101.317;3.0438
2025-04-04 01:00:00+00:00;1108003.343;3.12255
2025-04-04 02:00:00+00:00;1120731.468;3.2688
2025-04-04 03:00:00+00:00;1184084.941;3.2688
2025-04-04 04:00:00+00:00;1163662.325;3.2688
2025-04-04 05:00:00+00:00;1136748.825;3.408485
2025-04-04 06:00:00+00:00;1087236.119;4.3625
2025-04-04 07:00:00+00:00;1048423.377;4.3625
2025-04-04 08:00:00+00:00;1029221.382;4.9962800000000005
2025-04-04 09:00:00+00:00;1002074.782;5.11192
2025-04-04 10:00:00+00:00;991993.294;3.011515
2025-04-04 11:00:00+00:00;1002812.379;3.5405749999999996
2025-04-04 12:00:00+00:00;1045577.836;4.1937
2025-04-04 13:00:00+00:00;1122136.839;4.1937
2025-04-04 14:00:00+00:00;1206931.799;3.4436999999999998
2025-04-04 15:00:00+00:00;1319666.795;2.802515
2025-04-04 16:00:00+00:00;1453392.489;2.04563
2025-04-04 17:00:00+00:00;1519778.284;0.313025
2025-04-04 18:00:00+00:00;1489037.842;-0.260925
2025-04-04 19:00:00+00:00;1739866.074;-1.15121
2025-04-04 20:00:00+00:00;1769133.413;-2.1188
2025-04-04 21:00:00+00:00;1621002.281;-2.6344
2025-04-04 22:00:00+00:00;1518466.986;-3.15
2025-04-04 23:00:00+00:00;1429538.331;-3.6112499999999996
2025-04-05 00:00:00+00:00;1373974.338;-4.175
2025-04-05 01:00:00+00:00;1341978.011;-4.98399
2025-04-05 02:00:00+00:00;1348431.57;-5.2562
2025-04-05 03:00:00+00:00;1379948.612;-5.2562
2025-04-05 04:00:00+00:00;1361268.185;-5.2562
2025-04-05 05:00:00+00:00;1401780.308;-5.210095
2025-04-05 06:00:00+00:00;1409852.037;-4.1375
2025-04-05 07:00:00+00:00;1406615.049;-3.1188
2025-04-05 08:00:00+00:00;1400437.482;-2.428175
2025-04-05 09:00:00+00:00;1376351.788;-1.4443974999999998
2025-04-05 10:00:00+00:00;1367930.956;-0.94375
2025-04-05 11:00:00+00:00;1350309.74;-0.94375
2025-04-05 12:00:00+00:00;1360962.485;-0.94375
2025-04-05 13:00:00+00:00;1406975.15;-0.94375
2025-04-05 14:00:00+00:00;1498743.666;0.7075125
2025-04-05 15:00:00+00:00;1623248.919;2.3106150000000003
2025-04-05 16:00:00+00:00;1689600.593;1.7602035
2025-04-05 17:00:00+00:00;1708889.487;-1.0437
2025-04-05 18:00:00+00:00;1659963.773;-1.0437
2025-04-05 19:00:00+00:00;1893262.37;-1.0437
2025-04-05 20:00:00+00:00;1951699.316;-1.0437
2025-04-05 21:00:00+00:00;1843808.459;-1.0437
2025-04-05 22:00:00+00:00;1693938.793;-1.0437
2025-04-05 23:00:00+00:00;1611324.446;-1.0437
2025-04-06 00:00:00+00:00;1554032.043;-1.5190350000000001
2025-04-06 01:00:00+00:00;1557851.507;-2.98627
2025-04-06 02:00:00+00:00;1561865.301;-3.425
2025-04-06 03:00:00+00:00;1549235.893;-4.45
2025-04-06 04:00:00+00:00;1480150.018;-3.2646949999999997
2025-04-06 05:00:00+00:00;1464770.789;-2.0987649999999998
2025-04-06 06:00:00+00:00;1455824.576;-0.417795
2025-04-06 07:00:00+00:00;1445134.56;0.66625
2025-04-06 08:00:00+00:00;1416006.35;1.025
2025-04-06 09:00:00+00:00;1377947.967;2.020365
2025-04-06 10:00:00+00:00;1339215.707;3.1125
2025-04-06 11:00:00+00:00;1330072.594;3.38595
2025-04-06 12:00:00+00:00;1337617.297;4.2063
2025-04-06 13:00:00+00:00;1358008.936;4.2063
2025-04-06 14:00:00+00:00;1428321.819;5.126225
2025-04-06 15:00:00+00:00;1497719.479;7.7121949999999995
2025-04-06 16:00:00+00:00;1567816.88;5.8897
2025-04-06 17:00:00+00:00;1589399.734;3.1574850000000003
2025-04-06 18:00:00+00:00;1545505.712;1.43125
2025-04-06 19:00:00+00:00;1763523.669;0.45799650000000003
2025-04-06 20:00:00+00:00;1818263.806;0.0
2025-04-06 21:00:00+00:00;1726466.408;-0.7
2025-04-06 22:00:00+00:00;1665102.493;-1.0
2025-04-06 23:00:00+00:00;1555899.792;-1.380625
2025-04-07 00:00:00+00:00;1472329.793;-2.0875
2025-04-07 01:00:00+00:00;1422828.3;-2.28217
2025-04-07 02:00:00+00:00;1421041.62;-2.6437
2025-04-07 03:00:00+00:00;1462098.12;-3.6812999999999994
2025-04-07 04:00:00+00:00;1395658.799;-3.05124
2025-04-07 05:00:00+00:00;1299860.271;-2.00562
2025-04-07 06:00:00+00:00;1195901.107;-0.9609
2025-04-07 07:00:00+00:00;1115796.508;0.025312499999999988
2025-04-07 08:00:00+00:00;1078937.421;1.254375
2025-04-07 09:00:00+00:00;1040442.302;1.575
2025-04-07 10:00:00+00:00;1018196.915;2.5939749999999995
2025-04-07 11:00:00+00:00;1036909.614;3.12815
2025-04-07 12:00:00+00:00;1047468.526;3.6375
2025-04-07 13:00:00+00:00;1103347.222;4.01158
2025-04-07 14:00:00+00:00;1148908.234;6.08201
2025-04-07 15:00:00+00:00;1200642.18;6.8375
2025-04-07 16:00:00+00:00;1313562.813;5.97996
2025-04-07 17:00:00+00:00;1415111.15;3.16291
2025-04-07 18:00:00+00:00;1431457.682;1.150685
2025-04-07 19:00:00+00:00;1697372.155;0.009375000000000022
2025-04-07 20:00:00+00:00;1754701.674;-0.522515
2025-04-07 21:00:00+00:00;1660370.359;-1.5563
2025-04-07 22:00:00+00:00;1522943.624;-2.02034
2025-04-07 23:00:00+00:00;1484915.645;-2.5875
2025-04-08 00:00:00+00:00;1439349.48;-3.37175
2025-04-08 01:00:00+00:00;1431643.152;-3.9290299999999996
2025-04-08 02:00:00+00:00;1473189.071;-4.4125
2025-04-08 03:00:00+00:00;1542372.488;-4.1975
2025-04-08 04:00:00+00:00;1478051.089;-2.5265250000000004
2025-04-08 05:00:00+00:00;1370848.047;-1.6125145
2025-04-08 06:00:00+00:00;1252250.142;0.31125
2025-04-08 07:00:00+00:00;1169439.489;1.9318750000000002
2025-04-08 08:00:00+00:00;1126432.301;3.15
2025-04-08 09:00:00+00:00;1090927.762;4.1462650000000005
2025-04-08 10:00:00+00:00;1059892.24;5.604105
2025-04-08 11:00:00+00:00;1057071.005;6.046875
2025-04-08 12:00:00+00:00;1080971.242;5.40126
2025-04-08 13:00:00+00:00;1152421.224;6.3063
2025-04-08 14:00:00+00:00;1234290.593;6.3063
2025-04-08 15:00:00+00:00;1338420.037;6.3063
2025-04-08 16:00:00+00:00;1492031.896;5.706300000000001
2025-04-08 17:00:00+00:00;1596206.422;5.3063
2025-04-08 18:00:00+00:00;1557407.679;5.3063
2025-04-08 19:00:00+00:00;1769176.586;5.045350000000001
2025-04-08 20:00:00+00:00;1815616.567;4.2625
2025-04-08 21:00:00+00:00;1672342.023;4.2625
2025-04-08 22:00:00+00:00;1500442.59;4.2625
2025-04-08 23:00:00+00:00;1385309.721;4.2625
2025-04-09 00:00:00+00:00;1304316.327;3.465625
2025-04-09 01:00:00+00:00;1263521.578;1.9672150000000002
2025-04-09 02:00:00+00:00;1277020.507;0.2144625
2025-04-09 03:00:00+00:00;1343277.584;-0.85527
2025-04-09 04:00:00+00:00;1302747.229;-1.0062
2025-04-09 05:00:00+00:00;1260083.188;-1.0062
2025-04-09 06:00:00+00:00;1211970.586;-1.0062
2025-04-09 07:00:00+00:00;1189970.963;-0.8391605
2025-04-09 08:00:00+00:00;1183150.8;-0.185975
2025-04-09 09:00:00+00:00;1170927.655;1.134125
2025-04-09 10:00:00+00:00;1166544.91;1.2222750000000002
2025-04-09 11:00:00+00:00;1193668.11;2.2375
2025-04-09 12:00:00+00:00;1248659.728;2.2375
2025-04-09 13:00:00+00:00;1354967.882;2.2375
2025-04-09 14:00:00+00:00;1452105.821;2.2375
2025-04-09 15:00:00+00:00;1573756.343;1.5280999999999998
2025-04-09 16:00:00+00:00;1729317.999;0.651673
2025-04-09 17:00:00+00:00;1815585.831;-0.862673
2025-04-09 18:00:00+00:00;1764931.453;-1.8587399999999998
2025-04-09 19:00:00+00:00;1982093.601;-2.6440799999999998
2025-04-09 20:00:00+00:00;2000927.094;-3.1953400000000003
2025-04-09 21:00:00+00:00;1871435.116;-4.2
2025-04-09 22:00:00+00:00;1716573.179;-4.56533
2025-04-09 23:00:00+00:00;1626087.378;-5.2438
2025-04-10 00:00:00+00:00;1566723.409;-5.667395
2025-04-10 01:00:00+00:00;1552665.453;-6.4887500000000005
2025-04-10 02:00:00+00:00;1584098.867;-6.8625
2025-04-10 03:00:00+00:00;1641396.714;-7.66875
2025-04-10 04:00:00+00:00;1552137.138;-7.597759999999999
2025-04-10 05:00:00+00:00;1466314.82;-6.47248
2025-04-10 06:00:00+00:00;1377409.528;-5.24789
2025-04-10 07:00:00+00:00;1302258.794;-3.923525
2025-04-10 08:00:00+00:00;1257241.25;-3.7625
2025-04-10 09:00:00+00:00;1216408.895;-2.944785
2025-04-10 10:00:00+00:00;1186930.021;-2.3662699999999997
2025-04-10 11:00:00+00:00;1196797.692;-1.41121
2025-04-10 12:00:00+00:00;1284745.514;-0.32125
2025-04-10 13:00:00+00:00;1367617.074;-0.10687500000000003
2025-04-10 14:00:00+00:00;1454868.054;0.31354699999999996
2025-04-10 15:00:00+00:00;1569519.875;-0.5
2025-04-10 16:00:00+00:00;1720201.907;-1.441225
2025-04-10 17:00:00+00:00;1798266.768;-2.037215
2025-04-10 18:00:00+00:00;1751644.852;-2.625
2025-04-10 19:00:00+00:00;1971786.567;-2.63774
2025-04-10 20:00:00+00:00;1994853.596;-3.6312000000000006
2025-04-10 21:00:00+00:00;1844964.045;-3.64919
2025-04-10 22:00:00+00:00;1689856.548;-4.7188
2025-04-10 23:00:00+00:00;1600723.353;-4.7188
2025-04-11 00:00:00+00:00;1518878.593;-5.66938
2025-04-11 01:00:00+00:00;1478287.775;-7.089525
2025-04-11 02:00:00+00:00;1476632.41;-7.5625
2025-04-11 03:00:00+00:00;1536898.643;-8.420174999999999
2025-04-11 04:00:00+00:00;1504759.226;-6.693160000000001
2025-04-11 05:00:00+00:00;1476938.965;-4.380599999999999
2025-04-11 06:00:00+00:00;1449688.372;-2.387175
2025-04-11 07:00:00+00:00;1432432.917;-1.0875
2025-04-11 08:00:00+00:00;1421169.339;-1.4375
2025-04-11 09:00:00+00:00;1376012.702;-1.7375
2025-04-11 10:00:00+00:00;1328540.232;-1.7375
2025-04-11 11:00:00+00:00;1309062.959;-1.52667
2025-04-11 12:00:00+00:00;1323199.53;-1.4938
2025-04-11 13:00:00+00:00;1358866.18;-1.026435
2025-04-11 14:00:00+00:00;1395064.433;0.0080225
2025-04-11 15:00:00+00:00;1446689.857;1.24594
2025-04-11 16:00:00+00:00;1531165.995;0.788936
2025-04-11 17:00:00+00:00;1610634.723;-1.8174575000000002
2025-04-11 18:00:00+00:00;1638930.721;-3.225875
2025-04-11 19:00:00+00:00;1931424.015;-3.55
2025-04-11 20:00:00+00:00;2002687.864;-4.483750000000001
2025-04-11 21:00:00+00:00;1910966.016;-4.5875
2025-04-11 22:00:00+00:00;1767763.8;-4.5875
2025-04-11 23:00:00+00:00;1671239.741;-4.5875
2025-04-12 00:00:00+00:00;1615612.198;-4.08435
2025-04-12 01:00:00+00:00;1561544.592;-3.3974849999999996
2025-04-12 02:00:00+00:00;1523143.173;-3.0563
2025-04-12 03:00:00+00:00;1519671.443;-3.0563
2025-04-12 04:00:00+00:00;1474083.826;-3.0563
2025-04-12 05:00:00+00:00;1527348.734;-2.3429849999999997
2025-04-12 06:00:00+00:00;1567972.898;-1.5199725000000002
2025-04-12 07:00:00+00:00;1557813.323;-0.7368750000000001
2025-04-12 08:00:00+00:00;1512144.086;0.9639075
2025-04-12 09:00:00+00:00;1449096.092;2.6
2025-04-12 10:00:00+00:00;1381289.92;2.75657
2025-04-12 11:00:00+00:00;1312266.792;4.2698599999999995
2025-04-12 12:00:00+00:00;1278260.395;4.9408
2025-04-12 13:00:00+00:00;1293199.692;4.85927
2025-04-12 14:00:00+00:00;1362175.255;4.802195
2025-04-12 15:00:00+00:00;1482761.247;5.063969999999999
2025-04-12 16:00:00+00:00;1576578.328;3.5958999999999994
2025-04-12 17:00:00+00:00;1594825.937;2.4213
2025-04-12 18:00:00+00:00;1537021.63;0.9628450000000001
2025-04-12 19:00:00+00:00;1771193.284;0.0
2025-04-12 20:00:00+00:00;1825634.546;-0.62622
2025-04-12 21:00:00+00:00;1685274.148;-1.0437
2025-04-12 22:00:00+00:00;1528862.085;-1.49937
2025-04-12 23:00:00+00:00;1442611.903;-2.0563
2025-04-13 00:00:00+00:00;1386240.827;-2.6782549999999996
2025-04-13 01:00:00+00:00;1352457.643;-3.3159199999999998
2025-04-13 02:00:00+00:00;1347560.004;-3.6937000000000006
2025-04-13 03:00:00+00:00;1359546.322;-3.2107300000000003
2025-04-13 04:00:00+00:00;1278562.228;-0.7812450000000001
2025-04-13 05:00:00+00:00;1250287.952;2.68142
2025-04-13 06:00:00+00:00;1210918.409;3.74252
2025-04-13 07:00:00+00:00;1164427.332;5.141235
2025-04-13 08:00:00+00:00;1129933.522;5.2813
2025-04-13 09:00:00+00:00;1100851.76;5.834709999999999
2025-04-13 10:00:00+00:00;1078217.718;6.2875
2025-04-13 11:00:00+00:00;1054210.748;6.736475
2025-04-13 12:00:00+00:00;1028315.512;7.3812
2025-04-13 13:00:00+00:00;1031053.454;8.2164
2025-04-13 14:00:00+00:00;1067013.383;8.701575000000002
2025-04-13 15:00:00+00:00;1163925.904;8.5813
2025-04-13 16:00:00+00:00;1290193.727;7.400740000000001
2025-04-13 17:00:00+00:00;1349536.753;5.994999999999999
2025-04-13 18:00:00+00:00;1316579.529;4.3
2025-04-13 19:00:00+00:00;1546811.904;4.3
2025-04-13 20:00:00+00:00;1591274.243;4.3
2025-04-13 21:00:00+00:00;1460286.454;4.3
2025-04-13 22:00:00+00:00;1266650.18;4.3
2025-04-13 23:00:00+00:00;1166498.041;4.3
2025-04-14 00:00:00+00:00;1099176.76;4.3
2025-04-14 01:00:00+00:00;1057525.093;4.582205
2025-04-14 02:00:00+00:00;1061560.217;5.1063
2025-04-14 03:00:00+00:00;1109663.33;5.1063
2025-04-14 04:00:00+00:00;1069896.253;5.1063
2025-04-14 05:00:00+00:00;1040399.584;5.92185
2025-04-14 06:00:00+00:00;1001926.667;6.2446399999999995
2025-04-14 07:00:00+00:00;983718.466;7.2125
2025-04-14 08:00:00+00:00;982135.902;7.2125
2025-04-14 09:00:00+00:00;950506.245;7.59098
2025-04-14 10:00:00+00:00;912052.864;7.5938
2025-04-14 11:00:00+00:00;896124.948;7.5938
2025-04-14 12:00:00+00:00;932648.744;7.5938
2025-04-14 13:00:00+00:00;997365.471;7.5938
2025-04-14 14:00:00+00:00;1044055.748;7.5938
2025-04-14 15:00:00+00:00;1102359.394;7.095965
2025-04-14 16:00:00+00:00;1193958.63;6.4875
2025-04-14 17:00:00+00:00;1259648.597;6.4875
2025-04-14 18:00:00+00:00;1236095.501;5.627464999999999
2025-04-14 19:00:00+00:00;1469572.005;5.4563
2025-04-14 20:00:00+00:00;1487166.878;5.4563
2025-04-14 21:00:00+00:00;1370579.487;4.9281500000000005
2025-04-14 22:00:00+00:00;1199458.303;3.9725200000000003
2025-04-14 23:00:00+00:00;1121200.855;3.3313
2025-04-15 00:00:00+00:00;1061039.45;3.3313
2025-04-15 01:00:00+00:00;1031894.584;2.54222
2025-04-15 02:00:00+00:00;1055142.558;1.9875
2025-04-15 03:00:00+00:00;1124191.558;1.9875
2025-04-15 04:00:00+00:00;1070791.882;2.87406
2025-04-15 05:00:00+00:00;998097.122;3.8800399999999997
2025-04-15 06:00:00+00:00;916664.158;4.0938
2025-04-15 07:00:00+00:00;865499.348;4.0938
2025-04-15 08:00:00+00:00;832634.684;5.1438
2025-04-15 09:00:00+00:00;804546.922;6.105675
2025-04-15 10:00:00+00:00;781520.163;6.1563
2025-04-15 11:00:00+00:00;771085.185;6.81312
2025-04-15 12:00:00+00:00;796421.52;7.504885
2025-04-15 13:00:00+00:00;855322.209;8.43442
2025-04-15 14:00:00+00:00;898235.086;10.09385
2025-04-15 15:00:00+00:00;943100.801;12.99975
2025-04-15 16:00:00+00:00;1034637.91;11.028049999999999
2025-04-15 17:00:00+00:00;1127059.356;7.931859999999999
2025-04-15 18:00:00+00:00;1151832.44;6.19875
2025-04-15 19:00:00+00:00;1409634.071;5.28562
2025-04-15 20:00:00+00:00;1452894.996;4.4
2025-04-15 21:00:00+00:00;1332052.433;4.4
2025-04-15 22:00:00+00:00;1195853.689;4.4
2025-04-15 23:00:00+00:00;1131815.651;4.4
2025-04-16 00:00:00+00:00;1081237.137;4.198335
2025-04-16 01:00:00+00:00;1038952.173;3.37625
2025-04-16 02:00:00+00:00;1047519.683;3.425
2025-04-16 03:00:00+00:00;1106683.17;3.425
2025-04-16 04:00:00+00:00;1047975.633;3.95315
2025-04-16 05:00:00+00:00;969760.19;5.5438
2025-04-16 06:00:00+00:00;874565.316;6.69187
2025-04-16 07:00:00+00:00;804591.956;8.878385
2025-04-16 08:00:00+00:00;774169.367;10.97975
2025-04-16 09:00:00+00:00;746344.342;12.3052
2025-04-16 10:00:00+00:00;723864.869;13.51095
2025-04-16 11:00:00+00:00;718627.591;13.988
2025-04-16 12:00:00+00:00;742630.624;14.4007
2025-04-16 13:00:00+00:00;796723.278;16.016299999999998
2025-04-16 14:00:00+00:00;845516.015;18.7541
2025-04-16 15:00:00+00:00;904718.749;19.866
2025-04-16 16:00:00+00:00;1016430.179;18.85415
2025-04-16 17:00:00+00:00;1121541.586;15.41235
2025-04-16 18:00:00+00:00;1137096.563;13.0803
2025-04-16 19:00:00+00:00;1360710.526;11.7038
2025-04-16 20:00:00+00:00;1358490.116;9.7716
2025-04-16 21:00:00+00:00;1213897.221;8.504375
2025-04-16 22:00:00+00:00;1037688.332;7.538124999999999
2025-04-16 23:00:00+00:00;924512.894;7.0375
2025-04-17 00:00:00+00:00;853398.575;7.0375
2025-04-17 01:00:00+00:00;818678.608;7.042515
2025-04-17 02:00:00+00:00;826751.946;7.05
2025-04-17 03:00:00+00:00;867334.744;7.05
2025-04-17 04:00:00+00:00;845879.735;7.685965
2025-04-17 05:00:00+00:00;830962.991;8.72505
2025-04-17 06:00:00+00:00;799680.205;10.46427
2025-04-17 07:00:00+00:00;772285.234;12.73485
2025-04-17 08:00:00+00:00;762425.536;14.268899999999999
2025-04-17 09:00:00+00:00;756071.136;15.76485
2025-04-17 10:00:00+00:00;753894.519;15.424600000000002
2025-04-17 11:00:00+00:00;754388.003;14.187999999999999
2025-04-17 12:00:00+00:00;780208.901;14.187999999999999
2025-04-17 13:00:00+00:00;841007.054;14.187999999999999
2025-04-17 14:00:00+00:00;874562.408;15.206900000000001
2025-04-17 15:00:00+00:00;924800.935;17.0531
2025-04-17 16:00:00+00:00;1001172.051;13.35885
2025-04-17 17:00:00+00:00;1056583.143;11.59205
2025-04-17 18:00:00+00:00;1077110.337;9.9882
2025-04-17 19:00:00+00:00;1325398.471;8.559345
2025-04-17 20:00:00+00:00;1351734.402;7.4337599999999995
2025-04-17 21:00:00+00:00;1238369.42;6.8187
2025-04-17 22:00:00+00:00;1045986.971;6.20498
2025-04-17 23:00:00+00:00;968909.023;5.7063
2025-04-18 00:00:00+00:00;896052.157;5.7063
2025-04-18 01:00:00+00:00;835651.12;5.35848
2025-04-18 02:00:00+00:00;816122.119;4.4125
2025-04-18 03:00:00+00:00;834259.18;4.4125
2025-04-18 04:00:00+00:00;828584.213;5.2125
2025-04-18 05:00:00+00:00;897646.119;6.158885
2025-04-18 06:00:00+00:00;953478.944;6.5043750000000005
2025-04-18 07:00:00+00:00;987912.195;7.5375
2025-04-18 08:00:00+00:00;998872.604;8.561829999999999
2025-04-18 09:00:00+00:00;980164.653;10.134485
2025-04-18 10:00:00+00:00;949641.877;10.713
2025-04-18 11:00:00+00:00;916823.117;9.723749999999999
2025-04-18 12:00:00+00:00;902236.824;9.27
2025-04-18 13:00:00+00:00;920230.985;8.625
2025-04-18 14:00:00+00:00;951926.365;8.625
2025-04-18 15:00:00+00:00;1008945.903;8.625
2025-04-18 16:00:00+00:00;1061840.381;7.790039999999999
2025-04-18 17:00:00+00:00;1074856.776;7.581300000000001
2025-04-18 18:00:00+00:00;1035742.639;6.632764999999999
2025-04-18 19:00:00+00:00;1266414.691;5.1238
2025-04-18 20:00:00+00:00;1277976.192;4.4063
2025-04-18 21:00:00+00:00;1126983.52;4.4063
2025-04-18 22:00:00+00:00;968761.772;3.51011
2025-04-18 23:00:00+00:00;905760.049;2.4281750000000004
2025-04-19 00:00:00+00:00;884434.971;2.1199900000000005
2025-04-19 01:00:00+00:00;831823.522;1.27628
2025-04-19 02:00:00+00:00;803627.071;1.3625
2025-04-19 03:00:00+00:00;803282.329;1.3625
2025-04-19 04:00:00+00:00;783156.906;1.3625
2025-04-19 05:00:00+00:00;831888.145;2.49704
2025-04-19 06:00:00+00:00;869190.862;3.97316
2025-04-19 07:00:00+00:00;889912.666;5.242865
2025-04-19 08:00:00+00:00;893624.204;5.8525
2025-04-19 09:00:00+00:00;877418.237;7.135720000000001
2025-04-19 10:00:00+00:00;860871.195;8.43751
2025-04-19 11:00:00+00:00;891104.763;9.725
2025-04-19 12:00:00+00:00;913123.441;10.42375
2025-04-19 13:00:00+00:00;958208.114;11.5616
2025-04-19 14:00:00+00:00;1008019.504;11.90795
2025-04-19 15:00:00+00:00;1085296.727;13.71945
2025-04-19 16:00:00+00:00;1131959.005;14.704249999999998
2025-04-19 17:00:00+00:00;1115746.682;12.2889
2025-04-19 18:00:00+00:00;1065873.448;8.994695
2025-04-19 19:00:00+00:00;1290174.188;6.490325
2025-04-19 20:00:00+00:00;1359063.43;4.5443750000000005
2025-04-19 21:00:00+00:00;1235530.126;3.3625
2025-04-19 22:00:00+00:00;1077246.878;2.70628
2025-04-19 23:00:00+00:00;1002167.732;1.79909
2025-04-20 00:00:00+00:00;943361.99;1.225
2025-04-20 01:00:00+00:00;895100.562;0.36750000000000005
2025-04-20 02:00:00+00:00;876805.642;0.0
2025-04-20 03:00:00+00:00;876695.795;0.0
2025-04-20 04:00:00+00:00;852191.526;1.0520334999999998
2025-04-20 05:00:00+00:00;905296.521;2.4399749999999996
2025-04-20 06:00:00+00:00;961012.544;3.7237999999999998
2025-04-20 07:00:00+00:00;1009363.997;4.2188
2025-04-20 08:00:00+00:00;1055663.165;5.11153
2025-04-20 09:00:00+00:00;1065978.712;6.325
2025-04-20 10:00:00+00:00;1063777.007;6.74
2025-04-20 11:00:00+00:00;1044938.752;7.416875
2025-04-20 12:00:00+00:00;1045073.157;8.45
2025-04-20 13:00:00+00:00;1070462.363;9.794605
2025-04-20 14:00:00+00:00;1110076.535;11.8283
2025-04-20 15:00:00+00:00;1184931.858;14.428700000000001
2025-04-20 16:00:00+00:00;1254409.488;13.462800000000001
2025-04-20 17:00:00+00:00;1268118.433;10.38695
2025-04-20 18:00:00+00:00;1248932.444;7.43939
2025-04-20 19:00:00+00:00;1484107.915;5.47177
2025-04-20 20:00:00+00:00;1509656.549;4.1563
2025-04-20 21:00:00+00:00;1379468.456;3.395055
2025-04-20 22:00:00+00:00;1201570.018;2.0438
2025-04-20 23:00:00+00:00;1112932.741;1.282515
2025-04-21 00:00:00+00:00;1060882.884;0.95625
2025-04-21 01:00:00+00:00;1027884.962;0.023750000000000004
2025-04-21 02:00:00+00:00;1022636.408;-0.64375
2025-04-21 03:00:00+00:00;1007669.009;-0.64375
2025-04-21 04:00:00+00:00;947186.95;0.1159375
2025-04-21 05:00:00+00:00;984769.326;1.47
2025-04-21 06:00:00+00:00;1030760.735;2.6080949999999996
2025-04-21 07:00:00+00:00;1071013.9;2.6125
2025-04-21 08:00:00+00:00;1104489.038;3.5799999999999996
2025-04-21 09:00:00+00:00;1096871.152;3.6875
2025-04-21 10:00:00+00:00;1084091.066;3.6875
2025-04-21 11:00:00+00:00;1061822.777;4.479725
2025-04-21 12:00:00+00:00;1057595.451;4.95922
2025-04-21 13:00:00+00:00;1065241.681;6.261365
2025-04-21 14:00:00+00:00;1100825.786;7.937010000000001
2025-04-21 15:00:00+00:00;1162191.752;10.989500000000001
2025-04-21 16:00:00+00:00;1234830.039;10.136295
2025-04-21 17:00:00+00:00;1266104.404;6.421545
2025-04-21 18:00:00+00:00;1242687.165;4.18659
2025-04-21 19:00:00+00:00;1478992.775;2.724665
2025-04-21 20:00:00+00:00;1537317.873;1.5
2025-04-21 21:00:00+00:00;1444560.212;1.5
2025-04-21 22:00:00+00:00;1320675.807;0.0
2025-04-21 23:00:00+00:00;1248923.081;0.0
2025-04-22 00:00:00+00:00;1168401.288;0.0
2025-04-22 01:00:00+00:00;1129830.885;-0.40943199999999996
2025-04-22 02:00:00+00:00;1131851.472;-1.04063
2025-04-22 03:00:00+00:00;1156969.757;-1.8122300000000002
2025-04-22 04:00:00+00:00;1071536.579;-0.34500000000000003
2025-04-22 05:00:00+00:00;998321.194;1.254115
2025-04-22 06:00:00+00:00;936820.214;3.761905
2025-04-22 07:00:00+00:00;901972.569;4.7963000000000005
2025-04-22 08:00:00+00:00;887520.278;6.116300000000001
2025-04-22 09:00:00+00:00;873671.662;7.547205
2025-04-22 10:00:00+00:00;865579.609;8.170300000000001
2025-04-22 11:00:00+00:00;884800.852;9.92767
2025-04-22 12:00:00+00:00;942256.867;10.08735
2025-04-22 13:00:00+00:00;1021376.063;11.044
2025-04-22 14:00:00+00:00;1064296.183;11.754950000000001
2025-04-22 15:00:00+00:00;1116999.864;12.670399999999999
2025-04-22 16:00:00+00:00;1196927.237;11.216249999999999
2025-04-22 17:00:00+00:00;1243079.582;10.446
2025-04-22 18:00:00+00:00;1207713.945;9.2562
2025-04-22 19:00:00+00:00;1443438.039;8.453125
2025-04-22 20:00:00+00:00;1467355.983;7.7589749999999995
2025-04-22 21:00:00+00:00;1309157.248;6.9375
2025-04-22 22:00:00+00:00;1148216.449;6.9375
2025-04-22 23:00:00+00:00;1071022.991;6.07254
2025-04-23 00:00:00+00:00;1015887.684;5.8563
2025-04-23 01:00:00+00:00;984898.199;5.69878
2025-04-23 02:00:00+00:00;979627.829;5.4625
2025-04-23 03:00:00+00:00;1021362.993;5.4625
2025-04-23 04:00:00+00:00;994469.899;5.4625
2025-04-23 05:00:00+00:00;975143.232;5.4625
2025-04-23 06:00:00+00:00;947614.392;4.825
2025-04-23 07:00:00+00:00;933147.501;4.3073250000000005
2025-04-23 08:00:00+00:00;947085.284;3.3563
2025-04-23 09:00:00+00:00;944816.725;3.3563
2025-04-23 10:00:00+00:00;980137.884;3.9094
2025-04-23 11:00:00+00:00;1091913.365;4.4625
2025-04-23 12:00:00+00:00;1164195.972;4.514065
2025-04-23 13:00:00+00:00;1242315.019;5.666215
2025-04-23 14:00:00+00:00;1304371.072;6.974970000000001
2025-04-23 15:00:00+00:00;1385426.55;8.422455
2025-04-23 16:00:00+00:00;1481453.525;7.58005
2025-04-23 17:00:00+00:00;1499280.018;6.51532
2025-04-23 18:00:00+00:00;1425295.677;3.7096900000000006
2025-04-23 19:00:00+00:00;1630125.814;2.29192
2025-04-23 20:00:00+00:00;1644873.103;1.375
2025-04-23 21:00:00+00:00;1517375.81;0.1375
2025-04-23 22:00:00+00:00;1385296.692;0.0
2025-04-23 23:00:00+00:00;1287836.785;-0.916591
2025-04-24 00:00:00+00:00;1217142.826;-1.212855
2025-04-24 01:00:00+00:00;1193255.959;-2.17876
2025-04-24 02:00:00+00:00;1214300.076;-2.4938
2025-04-24 03:00:00+00:00;1241984.592;-2.4938
2025-04-24 04:00:00+00:00;1158534.346;-1.2988685
2025-04-24 05:00:00+00:00;1072482.465;0.0
2025-04-24 06:00:00+00:00;992510.489;1.182045
2025-04-24 07:00:00+00:00;939362.242;1.9688000000000003
2025-04-24 08:00:00+00:00;912598.531;2.325345
2025-04-24 09:00:00+00:00;876412.587;2.9875
2025-04-24 10:00:00+00:00;851852.87;2.9875
2025-04-24 11:00:00+00:00;851561.03;3.82254
2025-04-24 12:00:00+00:00;900256.909;4.355659999999999
2025-04-24 13:00:00+00:00;950815.873;5.3275
2025-04-24 14:00:00+00:00;990579.721;6.1875
2025-04-24 15:00:00+00:00;1046123.244;6.5252799999999995
2025-04-24 16:00:00+00:00;1151455.883;6.630045
2025-04-24 17:00:00+00:00;1241244.55;4.8587299999999995
2025-04-24 18:00:00+00:00;1272433.668;2.9381399999999998
2025-04-24 19:00:00+00:00;1539966.646;1.0734375
2025-04-24 20:00:00+00:00;1582497.207;0.14375
2025-04-24 21:00:00+00:00;1451688.596;-0.6237450000000001
2025-04-24 22:00:00+00:00;1338587.602;-1.5687
2025-04-24 23:00:00+00:00;1281073.261;-2.3687
2025-04-25 00:00:00+00:00;1237320.076;-2.70474
2025-04-25 01:00:00+00:00;1210943.495;-3.70496
2025-04-25 02:00:00+00:00;1225170.394;-4.0313
2025-04-25 03:00:00+00:00;1251658.57;-3.69752
2025-04-25 04:00:00+00:00;1175849.702;-1.6415975
2025-04-25 05:00:00+00:00;1105160.612;0.10467049999999997
2025-04-25 06:00:00+00:00;1033182.565;1.3123545
2025-04-25 07:00:00+00:00;989573.989;2.5275100000000004
2025-04-25 08:00:00+00:00;982510.419;3.6812999999999994
2025-04-25 09:00:00+00:00;981227.48;3.6812999999999994
2025-04-25 10:00:00+00:00;972425.188;3.6812999999999994
2025-04-25 11:00:00+00:00;1024451.571;3.63313
2025-04-25 12:00:00+00:00;1062091.308;3.5875
2025-04-25 13:00:00+00:00;1102185.108;4.241594999999999
2025-04-25 14:00:00+00:00;1136176.228;5.33755
2025-04-25 15:00:00+00:00;1242734.282;7.100345
2025-04-25 16:00:00+00:00;1327980.312;6.4816199999999995
2025-04-25 17:00:00+00:00;1397026.355;5.550215
2025-04-25 18:00:00+00:00;1436366.522;3.4873800000000004
2025-04-25 19:00:00+00:00;1724796.355;3.35
2025-04-25 20:00:00+00:00;1795518.468;2.44284
2025-04-25 21:00:00+00:00;1683263.195;2.01565
2025-04-25 22:00:00+00:00;1528777.278;0.7070675
2025-04-25 23:00:00+00:00;1437407.19;-0.051875000000000004
2025-04-26 00:00:00+00:00;1365858.961;-1.0375
2025-04-26 01:00:00+00:00;1306471.854;-2.068225
2025-04-26 02:00:00+00:00;1287657.16;-2.6125
2025-04-26 03:00:00+00:00;1275719.979;-2.6125
2025-04-26 04:00:00+00:00;1199431.78;-2.6125
2025-04-26 05:00:00+00:00;1192133.921;-2.3625
2025-04-26 06:00:00+00:00;1175348.214;-1.559375
2025-04-26 07:00:00+00:00;1170612.83;-0.33875
2025-04-26 08:00:00+00:00;1180281.131;0.50625
2025-04-26 09:00:00+00:00;1174370.624;1.4542175
2025-04-26 10:00:00+00:00;1158242.727;1.8653199999999999
2025-04-26 11:00:00+00:00;1153353.416;2.6188
2025-04-26 12:00:00+00:00;1173037.12;2.6188
2025-04-26 13:00:00+00:00;1203361.26;2.6188
2025-04-26 14:00:00+00:00;1274546.797;3.321955
2025-04-26 15:00:00+00:00;1369243.991;4.899425
2025-04-26 16:00:00+00:00;1432791.11;4.720485
2025-04-26 17:00:00+00:00;1428093.485;3.6614150000000003
2025-04-26 18:00:00+00:00;1398356.581;1.148575
2025-04-26 19:00:00+00:00;1659414.116;0.0
2025-04-26 20:00:00+00:00;1731651.737;-0.6703450000000001
2025-04-26 21:00:00+00:00;1613304.465;-1.8833650000000002
2025-04-26 22:00:00+00:00;1462915.783;-2.892225
2025-04-26 23:00:00+00:00;1390495.399;-3.26129
2025-04-27 00:00:00+00:00;1350542.567;-4.2062
2025-04-27 01:00:00+00:00;1335850.476;-4.866925
2025-04-27 02:00:00+00:00;1342556.303;-5.4
2025-04-27 03:00:00+00:00;1337061.096;-4.33125
2025-04-27 04:00:00+00:00;1246136.2;-2.2313549999999998
2025-04-27 05:00:00+00:00;1221830.971;-0.08123999999999999
2025-04-27 06:00:00+00:00;1218118.016;1.76935
2025-04-27 07:00:00+00:00;1252798.112;3.3779150000000002
2025-04-27 08:00:00+00:00;1260705.061;4.1875
2025-04-27 09:00:00+00:00;1259957.565;4.1875
2025-04-27 10:00:00+00:00;1229965.75;4.662834999999999
2025-04-27 11:00:00+00:00;1212317.141;6.18313
2025-04-27 12:00:00+00:00;1203665.245;6.2875
2025-04-27 13:00:00+00:00;1230109.309;5.95564
2025-04-27 14:00:00+00:00;1271437.224;5.1813
2025-04-27 15:00:00+00:00;1316545.767;5.1813
2025-04-27 16:00:00+00:00;1351624.141;5.1813
2025-04-27 17:00:00+00:00;1352371.909;5.1813
2025-04-27 18:00:00+00:00;1330722.44;4.918775
2025-04-27 19:00:00+00:00;1552738.511;3.48998
2025-04-27 20:00:00+00:00;1586721.276;2.279725
2025-04-27 21:00:00+00:00;1443928.138;1.46572
2025-04-27 22:00:00+00:00;1318958.389;0.42368449999999996
2025-04-27 23:00:00+00:00;1259807.408;-0.5
2025-04-28 00:00:00+00:00;1230507.901;-1.5152649999999999
2025-04-28 01:00:00+00:00;1177125.945;-1.49997
2025-04-28 02:00:00+00:00;1163755.214;-0.836875
2025-04-28 03:00:00+00:00;1170680.079;0.0
2025-04-28 04:00:00+00:00;1091419.477;0.25155
2025-04-28 05:00:00+00:00;1022919.353;2.504665
2025-04-28 06:00:00+00:00;949646.435;4.163475
2025-04-28 07:00:00+00:00;892515.281;5.97033
2025-04-28 08:00:00+00:00;861101.915;7.3625
2025-04-28 09:00:00+00:00;841495.893;7.743124999999999
2025-04-28 10:00:00+00:00;813892.997;8.92529
2025-04-28 11:00:00+00:00;820276.396;9.5062
2025-04-28 12:00:00+00:00;845185.593;10.674600000000002
2025-04-28 13:00:00+00:00;916935.888;11.475
2025-04-28 14:00:00+00:00;972282.724;10.76615
2025-04-28 15:00:00+00:00;1039328.213;10.856
2025-04-28 16:00:00+00:00;1134281.244;10.12294
2025-04-28 17:00:00+00:00;1196036.397;9.8187
2025-04-28 18:00:00+00:00;1185469.096;9.20748
2025-04-28 19:00:00+00:00;1414972.921;8.8
2025-04-28 20:00:00+00:00;1439646.512;8.11084
2025-04-28 21:00:00+00:00;1304643.399;7.58255
2025-04-28 22:00:00+00:00;1147166.124;6.6688
2025-04-28 23:00:00+00:00;1077474.393;5.8088
2025-04-29 00:00:00+00:00;1022970.587;5.5938
2025-04-29 01:00:00+00:00;1005935.808;4.797205
2025-04-29 02:00:00+00:00;1013962.514;3.5881250000000002
2025-04-29 03:00:00+00:00;1045215.735;3.225
2025-04-29 04:00:00+00:00;995603.005;2.246625
2025-04-29 05:00:00+00:00;956243.347;2.28452
2025-04-29 06:00:00+00:00;911270.717;2.99505
2025-04-29 07:00:00+00:00;884498.779;3.560975
2025-04-29 08:00:00+00:00;876835.623;4.325
2025-04-29 09:00:00+00:00;868877.729;4.325
2025-04-29 10:00:00+00:00;859643.829;5.4334299999999995
2025-04-29 11:00:00+00:00;881492.124;6.1625
2025-04-29 12:00:00+00:00;924677.979;6.4375
2025-04-29 13:00:00+00:00;1000420.706;8.190805000000001
2025-04-29 14:00:00+00:00;1029735.581;9.16859
2025-04-29 15:00:00+00:00;1070285.229;11.973749999999999
2025-04-29 16:00:00+00:00;1149974.058;11.315415
2025-04-29 17:00:00+00:00;1206638.326;10.143325
2025-04-29 18:00:00+00:00;1206039.848;6.888450000000001
2025-04-29 19:00:00+00:00;1456180.586;4.04065
2025-04-29 20:00:00+00:00;1487097.841;2.7268350000000003
2025-04-29 21:00:00+00:00;1356891.078;1.08378
2025-04-29 22:00:00+00:00;1234051.652;-0.20373999999999998
2025-04-29 23:00:00+00:00;1148898.663;-1.34123
2025-04-30 00:00:00+00:00;1147654.177;-2.2447299999999997
2025-04-30 01:00:00+00:00;1124807.751;-3.37748
2025-04-30 02:00:00+00:00;1122570.983;-3.7937
2025-04-30 03:00:00+00:00;1147981.449;-3.3359
2025-04-30 04:00:00+00:00;1087189.237;-1.1901199999999998
2025-04-30 05:00:00+00:00;1044147.631;0.48249
2025-04-30 06:00:00+00:00;998560.256;1.7271450000000002
2025-04-30 07:00:00+00:00;972563.615;2.744185
2025-04-30 08:00:00+00:00;959393.799;3.675
2025-04-30 09:00:00+00:00;937711.736;3.78063
2025-04-30 10:00:00+00:00;918692.343;4.7313
2025-04-30 11:00:00+00:00;918218.031;4.7313
2025-04-30 12:00:00+00:00;950345.308;4.7313
2025-04-30 13:00:00+00:00;1017740.865;5.895639999999999
2025-04-30 14:00:00+00:00;1083044.305;7.715050000000001
2025-04-30 15:00:00+00:00;1172178.008;9.825
2025-04-30 16:00:00+00:00;1246443.807;10.142619999999999
2025-04-30 17:00:00+00:00;1238500.229;11.35397
2025-04-30 18:00:00+00:00;1238940.968;7.50625
2025-04-30 19:00:00+00:00;1526358.436;3.222045
2025-04-30 20:00:00+00:00;1586810.98;1.697935
2025-04-30 21:00:00+00:00;1454778.749;0.37655
2025-04-30 22:00:00+00:00;1309745.904;-0.629035
2025-04-30 23:00:00+00:00;1234853.826;-1.1437
2025-05-01 00:00:00+00:00;1195889.169;-1.710915
2025-05-01 01:00:00+00:00;1232445.781;-2.435
2025-05-01 02:00:00+00:00;1229779.493;-2.825
2025-05-01 03:00:00+00:00;1202798.337;-1.81153
2025-05-01 04:00:00+00:00;1111377.978;0.2221285
2025-05-01 05:00:00+00:00;1095681.258;2.816475
2025-05-01 06:00:00+00:00;1112168.746;4.409384999999999
2025-05-01 07:00:00+00:00;1145320.093;5.955629999999999
2025-05-01 08:00:00+00:00;1155794.978;5.725
2025-05-01 09:00:00+00:00;1116650.454;6.175
2025-05-01 10:00:00+00:00;1082200.651;6.725
2025-05-01 11:00:00+00:00;1072636.979;6.725
2025-05-01 12:00:00+00:00;1047717.069;6.366
2025-05-01 13:00:00+00:00;1042432.843;5.6937
2025-05-01 14:00:00+00:00;1060313.806;6.5784199999999995
2025-05-01 15:00:00+00:00;1133468.163;8.779824999999999
2025-05-01 16:00:00+00:00;1236297.766;5.425675
2025-05-01 17:00:00+00:00;1283342.218;4.5438
2025-05-01 18:00:00+00:00;1254514.927;4.3263
2025-05-01 19:00:00+00:00;1500828.661;2.9313
2025-05-01 20:00:00+00:00;1526171.335;2.12411
2025-05-01 21:00:00+00:00;1400091.796;1.3375
2025-05-01 22:00:00+00:00;1235720.404;1.3375
2025-05-01 23:00:00+00:00;1144850.002;0.13374999999999998
2025-05-02 00:00:00+00:00;1075372.658;0.6187800000000001
2025-05-02 01:00:00+00:00;1026814.296;2.0350200000000003
2025-05-02 02:00:00+00:00;1012982.509;2.4462800000000002
2025-05-02 03:00:00+00:00;1023674.727;3.476455
2025-05-02 04:00:00+00:00;977918.636;4.746965
2025-05-02 05:00:00+00:00;974632.435;6.74286
2025-05-02 06:00:00+00:00;956503.819;7.447234999999999
2025-05-02 07:00:00+00:00;932313.015;8.4625
2025-05-02 08:00:00+00:00;917131.332;10.180769999999999
2025-05-02 09:00:00+00:00;892840.022;10.544
2025-05-02 10:00:00+00:00;900146.842;10.6515
2025-05-02 11:00:00+00:00;941156.425;12.892950000000003
2025-05-02 12:00:00+00:00;970551.621;14.548750000000002
2025-05-02 13:00:00+00:00;1029666.975;15.347
2025-05-02 14:00:00+00:00;1110567.935;14.174000000000001
2025-05-02 15:00:00+00:00;1194574.649;10.638
2025-05-02 16:00:00+00:00;1253679.335;10.638
2025-05-02 17:00:00+00:00;1265149.208;10.638
2025-05-02 18:00:00+00:00;1218414.943;10.52983
2025-05-02 19:00:00+00:00;1452355.042;8.64782
2025-05-02 20:00:00+00:00;1458695.092;8.4875
2025-05-02 21:00:00+00:00;1288241.648;7.647499999999999
2025-05-02 22:00:00+00:00;1126789.073;7.4375
2025-05-02 23:00:00+00:00;1053935.038;6.508329999999999
2025-05-03 00:00:00+00:00;1003829.833;5.3
2025-05-03 01:00:00+00:00;969443.036;4.980625
2025-05-03 02:00:00+00:00;960491.234;4.3875
2025-05-03 03:00:00+00:00;977892.912;4.3875
2025-05-03 04:00:00+00:00;927207.318;4.3875
2025-05-03 05:00:00+00:00;958598.905;4.3875
2025-05-03 06:00:00+00:00;985766.14;4.3875
2025-05-03 07:00:00+00:00;993560.841;4.3875
2025-05-03 08:00:00+00:00;997485.513;4.17626
2025-05-03 09:00:00+00:00;998359.294;2.5875500000000002
2025-05-03 10:00:00+00:00;997158.739;2.2688
2025-05-03 11:00:00+00:00;1006058.265;2.5122600000000004
2025-05-03 12:00:00+00:00;1025122.904;3.64956
2025-05-03 13:00:00+00:00;1069734.87;4.875
2025-05-03 14:00:00+00:00;1149357.724;7.55094
2025-05-03 15:00:00+00:00;1240456.685;10.37002
2025-05-03 16:00:00+00:00;1298180.087;7.8451949999999995
2025-05-03 17:00:00+00:00;1290240.707;7.325685
2025-05-03 18:00:00+00:00;1239523.943;6.32118
2025-05-03 19:00:00+00:00;1480676.963;4.9575000000000005
2025-05-03 20:00:00+00:00;1514015.654;3.8987500000000006
2025-05-03 21:00:00+00:00;1370331.855;2.75834
2025-05-03 22:00:00+00:00;1206540.363;2.15
2025-05-03 23:00:00+00:00;1121977.663;1.53128
2025-05-04 00:00:00+00:00;1087838.238;0.55747
2025-05-04 01:00:00+00:00;1057012.683;0.0
2025-05-04 02:00:00+00:00;1057203.769;0.0
2025-05-04 03:00:00+00:00;1040557.471;0.0965295
2025-05-04 04:00:00+00:00;978945.527;1.0563
2025-05-04 05:00:00+00:00;1003532.406;1.0563
2025-05-04 06:00:00+00:00;1031899.037;1.7143600000000003
2025-05-04 07:00:00+00:00;1064819.431;3.088405
2025-05-04 08:00:00+00:00;1089528.239;3.975
2025-05-04 09:00:00+00:00;1103028.435;4.1875
2025-05-04 10:00:00+00:00;1103010.528;4.1875
2025-05-04 11:00:00+00:00;1105209.44;3.58378
2025-05-04 12:00:00+00:00;1125479.959;3.1813
2025-05-04 13:00:00+00:00;1149192.194;2.55124
2025-05-04 14:00:00+00:00;1204592.641;2.406345
2025-05-04 15:00:00+00:00;1316804.162;3.1563
2025-05-04 16:00:00+00:00;1423986.631;2.695005
2025-05-04 17:00:00+00:00;1447958.344;2.1312
2025-05-04 18:00:00+00:00;1399482.818;2.1312
2025-05-04 19:00:00+00:00;1635505.526;2.1312
2025-05-04 20:00:00+00:00;1665405.01;2.1312
2025-05-04 21:00:00+00:00;1524924.136;2.1312
2025-05-04 22:00:00+00:00;1414421.549;2.1312
2025-05-04 23:00:00+00:00;1319724.413;1.1634350000000002
2025-05-05 00:00:00+00:00;1258136.216;1.1125
2025-05-05 01:00:00+00:00;1242588.503;0.055625
2025-05-05 02:00:00+00:00;1244612.303;0.0
2025-05-05 03:00:00+00:00;1268070.3;0.0
2025-05-05 04:00:00+00:00;1175859.787;0.0
2025-05-05 05:00:00+00:00;1109653.509;0.83504
2025-05-05 06:00:00+00:00;1047681.735;1.0438
2025-05-05 07:00:00+00:00;1014342.662;2.45517
2025-05-05 08:00:00+00:00;999739.708;3.1625
2025-05-05 09:00:00+00:00;971036.617;3.427725
2025-05-05 10:00:00+00:00;946691.549;4.2188
2025-05-05 11:00:00+00:00;945995.926;4.2188
2025-05-05 12:00:00+00:00;982421.839;4.2188
2025-05-05 13:00:00+00:00;1054235.903;4.2188
2025-05-05 14:00:00+00:00;1105170.502;4.2188
2025-05-05 15:00:00+00:00;1157985.857;3.8093150000000002
2025-05-05 16:00:00+00:00;1255511.743;3.1937
2025-05-05 17:00:00+00:00;1317469.797;3.1937
2025-05-05 18:00:00+00:00;1294976.453;2.928075
2025-05-05 19:00:00+00:00;1538507.764;2.1312
2025-05-05 20:00:00+00:00;1582227.738;2.1312
2025-05-05 21:00:00+00:00;1478454.909;2.1312
2025-05-05 22:00:00+00:00;1311539.33;2.1312
2025-05-05 23:00:00+00:00;1214623.871;1.1515600000000001
2025-05-06 00:00:00+00:00;1138936.348;1.1
2025-05-06 01:00:00+00:00;1108665.847;0.8125
2025-05-06 02:00:00+00:00;1112374.59;0.51875
2025-05-06 03:00:00+00:00;1149039.42;0.51875
2025-05-06 04:00:00+00:00;1085063.494;0.6591325
2025-05-06 05:00:00+00:00;1044704.293;1.5813
2025-05-06 06:00:00+00:00;1010543.849;1.98476
2025-05-06 07:00:00+00:00;996025.301;2.5875
2025-05-06 08:00:00+00:00;1004374.539;3.569375
2025-05-06 09:00:00+00:00;1026178.888;3.675
2025-05-06 10:00:00+00:00;1035176.047;3.97125
2025-05-06 11:00:00+00:00;1049730.884;4.3625
2025-05-06 12:00:00+00:00;1106425.021;4.6125
2025-05-06 13:00:00+00:00;1204802.577;4.6125
2025-05-06 14:00:00+00:00;1262982.419;4.6125
2025-05-06 15:00:00+00:00;1330575.648;4.6125
2025-05-06 16:00:00+00:00;1427945.669;4.6125
2025-05-06 17:00:00+00:00;1459631.935;4.6125
2025-05-06 18:00:00+00:00;1400219.196;4.005
2025-05-06 19:00:00+00:00;1629604.164;3.6
2025-05-06 20:00:00+00:00;1666795.842;2.595195
2025-05-06 21:00:00+00:00;1542276.651;2.525
2025-05-06 22:00:00+00:00;1409573.334;2.525
2025-05-06 23:00:00+00:00;1361318.147;2.525
2025-05-07 00:00:00+00:00;1312278.566;2.525
2025-05-07 01:00:00+00:00;1265495.639;1.69709
2025-05-07 02:00:00+00:00;1248022.676;1.4688
2025-05-07 03:00:00+00:00;1257617.661;1.4688
2025-05-07 04:00:00+00:00;1169110.089;1.4688
2025-05-07 05:00:00+00:00;1095387.242;2.0987999999999998
2025-05-07 06:00:00+00:00;1032760.111;2.5188
2025-05-07 07:00:00+00:00;1013495.044;3.2734499999999995
2025-05-07 08:00:00+00:00;1014205.851;3.525
2025-05-07 09:00:00+00:00;1000212.188;4.412145
2025-05-07 10:00:00+00:00;996312.838;4.5687
2025-05-07 11:00:00+00:00;1037586.404;4.5687
2025-05-07 12:00:00+00:00;1102563.877;5.25874
2025-05-07 13:00:00+00:00;1200083.985;4.6625
2025-05-07 14:00:00+00:00;1256113.138;4.6625
2025-05-07 15:00:00+00:00;1296785.496;4.6625
2025-05-07 16:00:00+00:00;1379915.085;4.6625
2025-05-07 17:00:00+00:00;1416787.203;4.6625
2025-05-07 18:00:00+00:00;1371884.208;4.45376
2025-05-07 19:00:00+00:00;1608518.968;3.6187999999999994
2025-05-07 20:00:00+00:00;1635009.818;3.6187999999999994
2025-05-07 21:00:00+00:00;1508632.118;3.6187999999999994
2025-05-07 22:00:00+00:00;1361276.571;3.6187999999999994
2025-05-07 23:00:00+00:00;1305606.736;2.5375
2025-05-08 00:00:00+00:00;1241542.423;2.5375
2025-05-08 01:00:00+00:00;1209587.318;2.3426400000000003
2025-05-08 02:00:00+00:00;1211694.533;2.025
2025-05-08 03:00:00+00:00;1235290.463;2.025
2025-05-08 04:00:00+00:00;1157837.66;2.025
2025-05-08 05:00:00+00:00;1093432.446;2.730025
2025-05-08 06:00:00+00:00;1032085.129;3.5990349999999998
2025-05-08 07:00:00+00:00;1006887.787;4.67322
2025-05-08 08:00:00+00:00;1003382.666;6.08878
2025-05-08 09:00:00+00:00;1001651.713;6.2063
2025-05-08 10:00:00+00:00;1002343.95;6.2063
2025-05-08 11:00:00+00:00;1009210.54;6.2063
2025-05-08 12:00:00+00:00;1033493.591;6.2063
2025-05-08 13:00:00+00:00;1083349.824;6.2063
2025-05-08 14:00:00+00:00;1124209.472;6.2063
2025-05-08 15:00:00+00:00;1181305.467;6.2063
2025-05-08 16:00:00+00:00;1278329.221;6.0424
2025-05-08 17:00:00+00:00;1334888.73;5.1688
2025-05-08 18:00:00+00:00;1316911.503;5.1688
2025-05-08 19:00:00+00:00;1570828.81;4.443264999999999
2025-05-08 20:00:00+00:00;1602344.958;4.1125
2025-05-08 21:00:00+00:00;1454064.41;3.40375
2025-05-08 22:00:00+00:00;1356145.632;2.966615
2025-05-08 23:00:00+00:00;1274290.714;2.0563
2025-05-09 00:00:00+00:00;1220190.603;2.0563
2025-05-09 01:00:00+00:00;1208774.015;1.8142049999999998
2025-05-09 02:00:00+00:00;1213228.01;1.4188
2025-05-09 03:00:00+00:00;1182105.114;3.2651049999999997
2025-05-09 04:00:00+00:00;1098290.871;3.5625
2025-05-09 05:00:00+00:00;1031312.931;4.177485
2025-05-09 06:00:00+00:00;971170.118;6.623735000000001
2025-05-09 07:00:00+00:00;942992.589;8.698845
2025-05-09 08:00:00+00:00;950017.56;8.8
2025-05-09 09:00:00+00:00;946225.408;8.8
2025-05-09 10:00:00+00:00;949887.089;9.75625
2025-05-09 11:00:00+00:00;978213.777;10.841249999999999
2025-05-09 12:00:00+00:00;1024881.294;10.95
2025-05-09 13:00:00+00:00;1079064.217;10.95
2025-05-09 14:00:00+00:00;1113520.633;10.95
2025-05-09 15:00:00+00:00;1160500.208;10.95
2025-05-09 16:00:00+00:00;1246287.203;10.95
2025-05-09 17:00:00+00:00;1317861.531;10.95
2025-05-09 18:00:00+00:00;1326958.003;9.784375
2025-05-09 19:00:00+00:00;1604364.289;8.529155
2025-05-09 20:00:00+00:00;1663462.742;7.825
2025-05-09 21:00:00+00:00;1552366.127;7.225320000000001
2025-05-09 22:00:00+00:00;1394651.095;6.00427
2025-05-09 23:00:00+00:00;1296158.826;4.921899999999999
2025-05-10 00:00:00+00:00;1229046.826;4.6438
2025-05-10 01:00:00+00:00;1199785.875;4.49646
2025-05-10 02:00:00+00:00;1186905.849;4.225
2025-05-10 03:00:00+00:00;1150526.814;4.42626
2025-05-10 04:00:00+00:00;1059267.55;5.2313
2025-05-10 05:00:00+00:00;1038627.85;5.723465
2025-05-10 06:00:00+00:00;1018561.253;7.7646299999999995
2025-05-10 07:00:00+00:00;1021785.463;9.27874
2025-05-10 08:00:00+00:00;1053521.891;9.4875
2025-05-10 09:00:00+00:00;1054357.45;9.524325000000001
2025-05-10 10:00:00+00:00;1046092.038;11.373949999999999
2025-05-10 11:00:00+00:00;1029563.205;11.97025
2025-05-10 12:00:00+00:00;1037639.268;12.669
2025-05-10 13:00:00+00:00;1065435.688;12.930000000000001
2025-05-10 14:00:00+00:00;1134110.157;13.713
2025-05-10 15:00:00+00:00;1217431.78;14.2131
2025-05-10 16:00:00+00:00;1280334.704;19.3284
2025-05-10 17:00:00+00:00;1302778.774;18.730449999999998
2025-05-10 18:00:00+00:00;1272703.561;14.037450000000002
2025-05-10 19:00:00+00:00;1502650.149;10.079465
2025-05-10 20:00:00+00:00;1535168.764;7.522785000000001
2025-05-10 21:00:00+00:00;1418191.397;6.12252
2025-05-10 22:00:00+00:00;1248735.469;4.7288
2025-05-10 23:00:00+00:00;1142943.612;3.4406399999999997
2025-05-11 00:00:00+00:00;1070768.998;2.3313
2025-05-11 01:00:00+00:00;1042577.223;1.9913
2025-05-11 02:00:00+00:00;1026818.602;1.4813
2025-05-11 03:00:00+00:00;997923.952;3.03938
2025-05-11 04:00:00+00:00;939056.87;4.988764999999999
2025-05-11 05:00:00+00:00;962117.808;6.6015749999999995
2025-05-11 06:00:00+00:00;1002055.342;8.008765
2025-05-11 07:00:00+00:00;1010601.398;8.9938
2025-05-11 08:00:00+00:00;1000888.935;9.99719
2025-05-11 09:00:00+00:00;980078.128;10.51125
2025-05-11 10:00:00+00:00;939692.092;11.23805
2025-05-11 11:00:00+00:00;895538.428;12.162
2025-05-11 12:00:00+00:00;885586.841;12.162
2025-05-11 13:00:00+00:00;886364.643;13.38115
2025-05-11 14:00:00+00:00;916909.801;14.989099999999999
2025-05-11 15:00:00+00:00;979767.623;17.378700000000002
2025-05-11 16:00:00+00:00;1082680.966;18.49605
2025-05-11 17:00:00+00:00;1167105.427;19.340899999999998
2025-05-11 18:00:00+00:00;1152813.751;16.742749999999997
2025-05-11 19:00:00+00:00;1399531.849;12.079665
2025-05-11 20:00:00+00:00;1463253.881;9.210285
2025-05-11 21:00:00+00:00;1303127.635;7.40125
2025-05-11 22:00:00+00:00;1135188.468;6.2442150000000005
2025-05-11 23:00:00+00:00;1046844.797;4.92626
2025-05-12 00:00:00+00:00;1006932.952;3.75701
2025-05-12 01:00:00+00:00;1000787.1;3.47372
2025-05-12 02:00:00+00:00;1016326.877;3.3387499999999997
2025-05-12 03:00:00+00:00;1018976.313;4.813750000000001
2025-05-12 04:00:00+00:00;926778.044;6.646215
2025-05-12 05:00:00+00:00;850138.746;8.277505
2025-05-12 06:00:00+00:00;783698.118;10.168420000000001
2025-05-12 07:00:00+00:00;745246.769;11.5267
2025-05-12 08:00:00+00:00;741595.334;12.287
2025-05-12 09:00:00+00:00;711397.376;12.638
2025-05-12 10:00:00+00:00;692885.957;13.3472
2025-05-12 11:00:00+00:00;718412.142;14.4851
2025-05-12 12:00:00+00:00;730702.802;14.818999999999999
2025-05-12 13:00:00+00:00;775331.196;15.381
2025-05-12 14:00:00+00:00;805021.698;16.6565
2025-05-12 15:00:00+00:00;868101.124;17.62935
2025-05-12 16:00:00+00:00;949280.576;16.8442
2025-05-12 17:00:00+00:00;1027214.085;15.215
2025-05-12 18:00:00+00:00;1031277.056;14.107800000000001
2025-05-12 19:00:00+00:00;1275576.466;11.8366
2025-05-12 20:00:00+00:00;1316424.777;10.531699999999999
2025-05-12 21:00:00+00:00;1172881.356;9.091249999999999
2025-05-12 22:00:00+00:00;1042590.813;7.873779999999999
2025-05-12 23:00:00+00:00;976642.242;6.49438
2025-05-13 00:00:00+00:00;940790.434;6.3875
2025-05-13 01:00:00+00:00;943066.873;6.6192899999999995
2025-05-13 02:00:00+00:00;939997.195;7.0062
2025-05-13 03:00:00+00:00;959395.039;7.165575
2025-05-13 04:00:00+00:00;864091.006;8.236395
2025-05-13 05:00:00+00:00;795320.911;10.108275
2025-05-13 06:00:00+00:00;737119.867;10.162
2025-05-13 07:00:00+00:00;702752.588;10.162
2025-05-13 08:00:00+00:00;699234.605;11.05805
2025-05-13 09:00:00+00:00;700536.776;11.25
2025-05-13 10:00:00+00:00;687403.582;11.82195
2025-05-13 11:00:00+00:00;693498.386;12.088000000000001
2025-05-13 12:00:00+00:00;732868.711;12.937999999999999
2025-05-13 13:00:00+00:00;814212.449;13.593800000000002
2025-05-13 14:00:00+00:00;871188.403;14.7608
2025-05-13 15:00:00+00:00;945066.924;16.92505
2025-05-13 16:00:00+00:00;1052456.825;16.6879
2025-05-13 17:00:00+00:00;1116309.578;18.28145
2025-05-13 18:00:00+00:00;1094437.926;15.9352
2025-05-13 19:00:00+00:00;1315534.524;12.990799999999998
2025-05-13 20:00:00+00:00;1357979.372;10.219190000000001
2025-05-13 21:00:00+00:00;1195882.424;8.22002
2025-05-13 22:00:00+00:00;996527.087;7.386925
2025-05-13 23:00:00+00:00;892217.511;6.5625
2025-05-14 00:00:00+00:00;835385.388;6.073124999999999
2025-05-14 01:00:00+00:00;813967.671;5.195
2025-05-14 02:00:00+00:00;827940.086;4.775
2025-05-14 03:00:00+00:00;874057.984;4.775
2025-05-14 04:00:00+00:00;857479.5;4.775
2025-05-14 05:00:00+00:00;848264.568;4.775
2025-05-14 06:00:00+00:00;823711.301;5.3937800000000005
2025-05-14 07:00:00+00:00;808737.161;6.27034
2025-05-14 08:00:00+00:00;813795.103;7.3100000000000005
2025-05-14 09:00:00+00:00;809460.208;9.0062
2025-05-14 10:00:00+00:00;801837.348;9.0062
2025-05-14 11:00:00+00:00;811264.423;11.15162
2025-05-14 12:00:00+00:00;859771.311;12.752600000000001
2025-05-14 13:00:00+00:00;941665.232;14.59065
2025-05-14 14:00:00+00:00;1018221.126;16.259800000000002
2025-05-14 15:00:00+00:00;1129040.073;17.9
2025-05-14 16:00:00+00:00;1272338.69;18.1625
2025-05-14 17:00:00+00:00;1348896.52;16.36865
2025-05-14 18:00:00+00:00;1322809.609;14.95935
2025-05-14 19:00:00+00:00;1555549.36;14.0902
2025-05-14 20:00:00+00:00;1521887.958;13.0275
2025-05-14 21:00:00+00:00;1314099.774;11.7273
2025-05-14 22:00:00+00:00;1108517.172;11.412
2025-05-14 23:00:00+00:00;996933.54;10.6861
2025-05-15 00:00:00+00:00;939392.373;10.34085
2025-05-15 01:00:00+00:00;911563.866;9.21783
2025-05-15 02:00:00+00:00;908081.837;9.0188
2025-05-15 03:00:00+00:00;944754.005;8.033175
2025-05-15 04:00:00+00:00;908720.358;7.9813
2025-05-15 05:00:00+00:00;885633.15;9.0062
2025-05-15 06:00:00+00:00;851914.496;10.6538
2025-05-15 07:00:00+00:00;825528.276;11.597
2025-05-15 08:00:00+00:00;813663.73;12.125
2025-05-15 09:00:00+00:00;792993.706;13.181000000000001
2025-05-15 10:00:00+00:00;776129.064;13.807399999999998
2025-05-15 11:00:00+00:00;778487.901;15.868650000000002
2025-05-15 12:00:00+00:00;806479.796;16.00075
2025-05-15 13:00:00+00:00;866280.084;15.88175
2025-05-15 14:00:00+00:00;912622.044;16.593200000000003
2025-05-15 15:00:00+00:00;964678.379;15.791
2025-05-15 16:00:00+00:00;1085520.525;16.2576
2025-05-15 17:00:00+00:00;1160716.875;18.57395
2025-05-15 18:00:00+00:00;1146697.879;18.86255
2025-05-15 19:00:00+00:00;1383886.018;13.84665
2025-05-15 20:00:00+00:00;1375535.425;10.911150000000001
2025-05-15 21:00:00+00:00;1193556.09;9.654349999999999
2025-05-15 22:00:00+00:00;1030106.367;7.945049999999999
2025-05-15 23:00:00+00:00;952268.623;7.2254499999999995
2025-05-16 00:00:00+00:00;915688.203;6.7938
2025-05-16 01:00:00+00:00;888572.936;5.822415
2025-05-16 02:00:00+00:00;882955.26;5.8875
2025-05-16 03:00:00+00:00;889061.973;6.98004
2025-05-16 04:00:00+00:00;825675.532;8.629425000000001
2025-05-16 05:00:00+00:00;774638.778;10.02762
2025-05-16 06:00:00+00:00;724104.31;11.088000000000001
2025-05-16 07:00:00+00:00;695136.297;11.2948
2025-05-16 08:00:00+00:00;684654.576;12.256
2025-05-16 09:00:00+00:00;681811.141;13.0765
2025-05-16 10:00:00+00:00;668945.87;13.35
2025-05-16 11:00:00+00:00;670874.726;13.35
2025-05-16 12:00:00+00:00;709295.608;13.35
2025-05-16 13:00:00+00:00;754451.354;13.8171
2025-05-16 14:00:00+00:00;781757.569;15.118450000000001
2025-05-16 15:00:00+00:00;824259.123;17.695
2025-05-16 16:00:00+00:00;895963.561;19.70755
2025-05-16 17:00:00+00:00;955939.28;19.08555
2025-05-16 18:00:00+00:00;962867.147;17.39545
2025-05-16 19:00:00+00:00;1222221.458;13.9177
2025-05-16 20:00:00+00:00;1241200.37;10.95205
2025-05-16 21:00:00+00:00;1071787.448;9.19566
2025-05-16 22:00:00+00:00;918183.877;7.662834999999999
2025-05-16 23:00:00+00:00;836326.468;6.41755
2025-05-17 00:00:00+00:00;797715.059;5.625
2025-05-17 01:00:00+00:00;784673.519;5.195355
2025-05-17 02:00:00+00:00;756446.656;5.9125
2025-05-17 03:00:00+00:00;740916.856;6.87721
2025-05-17 04:00:00+00:00;720122.975;8.228655
2025-05-17 05:00:00+00:00;765445.068;10.12096
2025-05-17 06:00:00+00:00;800305.254;11.7255
2025-05-17 07:00:00+00:00;822227.454;12.3161
2025-05-17 08:00:00+00:00;827710.911;13.325
2025-05-17 09:00:00+00:00;834095.48;13.951400000000001
2025-05-17 10:00:00+00:00;828563.068;14.369
2025-05-17 11:00:00+00:00;812951.226;14.369
2025-05-17 12:00:00+00:00;814405.749;15.3536
2025-05-17 13:00:00+00:00;845358.504;16.6997
2025-05-17 14:00:00+00:00;907778.559;18.47165
2025-05-17 15:00:00+00:00;1007553.565;20.679750000000002
2025-05-17 16:00:00+00:00;1077062.164;21.0441
2025-05-17 17:00:00+00:00;1086336.443;20.89615
2025-05-17 18:00:00+00:00;1032423.7;18.73895
2025-05-17 19:00:00+00:00;1231743.481;14.320699999999999
2025-05-17 20:00:00+00:00;1256090.227;11.73055
2025-05-17 21:00:00+00:00;1122566.086;10.19477
2025-05-17 22:00:00+00:00;992314.984;8.868129999999999
2025-05-17 23:00:00+00:00;915225.608;7.803485
2025-05-18 00:00:00+00:00;837171.559;6.8
2025-05-18 01:00:00+00:00;785662.18;5.657595
2025-05-18 02:00:00+00:00;751673.427;5.5438
2025-05-18 03:00:00+00:00;723784.289;6.771599999999999
2025-05-18 04:00:00+00:00;681785.718;7.6625
2025-05-18 05:00:00+00:00;710194.797;9.192029999999999
2025-05-18 06:00:00+00:00;745761.199;10.3786
2025-05-18 07:00:00+00:00;774822.591;11.7058
2025-05-18 08:00:00+00:00;792443.155;12.8536
2025-05-18 09:00:00+00:00;786103.267;13.742949999999999
2025-05-18 10:00:00+00:00;777920.688;14.006
2025-05-18 11:00:00+00:00;781376.046;14.33945
2025-05-18 12:00:00+00:00;776398.636;15.056000000000001
2025-05-18 13:00:00+00:00;781848.461;16.693199999999997
2025-05-18 14:00:00+00:00;813037.25;17.31875
2025-05-18 15:00:00+00:00;888635.973;19.0038
2025-05-18 16:00:00+00:00;985068.425;20.59895
2025-05-18 17:00:00+00:00;1015884.859;20.0287
2025-05-18 18:00:00+00:00;966821.084;18.75895
2025-05-18 19:00:00+00:00;1169712.985;15.171199999999999
2025-05-18 20:00:00+00:00;1171692.114;11.93305
2025-05-18 21:00:00+00:00;1010611.663;9.579085000000001
2025-05-18 22:00:00+00:00;869600.638;8.39894
2025-05-18 23:00:00+00:00;810530.169;6.20281
2025-05-19 00:00:00+00:00;751817.919;5.466215
2025-05-19 01:00:00+00:00;723572.011;4.9063
2025-05-19 02:00:00+00:00;720826.792;5.4247
2025-05-19 03:00:00+00:00;740409.666;6.960674999999999
2025-05-19 04:00:00+00:00;692254.887;9.396315
2025-05-19 05:00:00+00:00;658904.728;11.24795
2025-05-19 06:00:00+00:00;623025.553;12.6392
2025-05-19 07:00:00+00:00;608443.342;13.607050000000001
2025-05-19 08:00:00+00:00;606918.492;14.583850000000002
2025-05-19 09:00:00+00:00;595841.504;14.42005
2025-05-19 10:00:00+00:00;590064.256;13.556000000000001
2025-05-19 11:00:00+00:00;604562.94;13.556000000000001
2025-05-19 12:00:00+00:00;632131.15;13.23115
2025-05-19 13:00:00+00:00;686604.445;14.259300000000001
2025-05-19 14:00:00+00:00;720971.329;15.024750000000001
2025-05-19 15:00:00+00:00;769474.103;17.0118
2025-05-19 16:00:00+00:00;858208.5;16.520315789473685
2025-05-19 17:00:00+00:00;918476.356;14.915700000000001
2025-05-19 18:00:00+00:00;906236.469;13.2059
2025-05-19 19:00:00+00:00;1153043.871;11.89575
2025-05-19 20:00:00+00:00;1151324.417;10.37183
2025-05-19 21:00:00+00:00;975223.126;8.953175
2025-05-19 22:00:00+00:00;825723.988;8.16254
2025-05-19 23:00:00+00:00;748055.415;7.3375
2025-05-20 00:00:00+00:00;721918.898;7.3375
2025-05-20 01:00:00+00:00;730162.535;8.041895
2025-05-20 02:00:00+00:00;725397.928;8.2
2025-05-20 03:00:00+00:00;738548.394;8.251565
2025-05-20 04:00:00+00:00;698514.506;9.44504
2025-05-20 05:00:00+00:00;673682.455;10.3
2025-05-20 06:00:00+00:00;640977.535;10.37245
2025-05-20 07:00:00+00:00;627491.71;11.534157894736841
2025-05-20 08:00:00+00:00;629503.032;11.963
2025-05-20 09:00:00+00:00;624125.363;11.963
2025-05-20 10:00:00+00:00;630442.311;11.531625
2025-05-20 11:00:00+00:00;638850.722;10.4963
2025-05-20 12:00:00+00:00;679651.62;11.21025
2025-05-20 13:00:00+00:00;751535.691;10.340765000000001
2025-05-20 14:00:00+00:00;798453.0;10.55847
2025-05-20 15:00:00+00:00;852696.539;10.012925
2025-05-20 16:00:00+00:00;963787.873;12.386750000000001
2025-05-20 17:00:00+00:00;1046753.518;14.1904
2025-05-20 18:00:00+00:00;1016572.629;12.6756
2025-05-20 19:00:00+00:00;1238974.308;12.069
2025-05-20 20:00:00+00:00;1246418.769;11.34602
2025-05-20 21:00:00+00:00;1093734.748;6.680955
2025-05-20 22:00:00+00:00;923178.386;6.0188
2025-05-20 23:00:00+00:00;841161.618;6.0188
2025-05-21 00:00:00+00:00;793174.976;6.0188
2025-05-21 01:00:00+00:00;778958.305;5.8738
2025-05-21 02:00:00+00:00;791087.803;5.2938
2025-05-21 03:00:00+00:00;818451.36;6.143800000000001
2025-05-21 04:00:00+00:00;784325.72;6.3563
2025-05-21 05:00:00+00:00;752493.436;6.3563
2025-05-21 06:00:00+00:00;716132.357;7.124079999999999
2025-05-21 07:00:00+00:00;700291.72;7.5375
2025-05-21 08:00:00+00:00;704698.2;7.5375
2025-05-21 09:00:00+00:00;699914.621;8.4825
2025-05-21 10:00:00+00:00;704745.065;9.33125
2025-05-21 11:00:00+00:00;719330.015;9.70095
2025-05-21 12:00:00+00:00;761975.905;10.669
2025-05-21 13:00:00+00:00;838287.314;10.15947
2025-05-21 14:00:00+00:00;900793.312;10.07485
2025-05-21 15:00:00+00:00;983671.256;10.06865
2025-05-21 16:00:00+00:00;1092922.263;11.117265
2025-05-21 17:00:00+00:00;1144889.217;10.685955
2025-05-21 18:00:00+00:00;1108804.125;8.74223
2025-05-21 19:00:00+00:00;1317826.65;6.96252
2025-05-21 20:00:00+00:00;1311137.725;6.55
2025-05-21 21:00:00+00:00;1145398.029;6.55
2025-05-21 22:00:00+00:00;986138.844;6.334999999999999
2025-05-21 23:00:00+00:00;905152.142;5.475
2025-05-22 00:00:00+00:00;858584.827;5.475
2025-05-22 01:00:00+00:00;843890.916;5.176835
2025-05-22 02:00:00+00:00;841918.203;4.6375
2025-05-22 03:00:00+00:00;857356.199;4.6375
2025-05-22 04:00:00+00:00;825826.873;5.2875
2025-05-22 05:00:00+00:00;815538.319;6.38566
2025-05-22 06:00:00+00:00;791050.435;6.706300000000001
2025-05-22 07:00:00+00:00;778216.764;7.942324999999999
2025-05-22 08:00:00+00:00;784141.993;9.460564999999999
2025-05-22 09:00:00+00:00;777470.644;9.9
2025-05-22 10:00:00+00:00;773197.201;10.76615
2025-05-22 11:00:00+00:00;784441.201;10.3324
2025-05-22 12:00:00+00:00;819637.974;10.831
2025-05-22 13:00:00+00:00;882590.383;11.894
2025-05-22 14:00:00+00:00;923776.9;11.4915
2025-05-22 15:00:00+00:00;959371.35;10.744
2025-05-22 16:00:00+00:00;1050115.211;10.22825
2025-05-22 17:00:00+00:00;1124931.593;8.8825
2025-05-22 18:00:00+00:00;1092550.609;8.19125
2025-05-22 19:00:00+00:00;1325536.905;7.6
2025-05-22 20:00:00+00:00;1320618.215;7.1624799999999995
2025-05-22 21:00:00+00:00;1161688.575;6.5062
2025-05-22 22:00:00+00:00;967684.288;6.5062
2025-05-22 23:00:00+00:00;868322.441;6.5062
2025-05-23 00:00:00+00:00;799591.302;6.5062
2025-05-23 01:00:00+00:00;764662.258;6.390775
2025-05-23 02:00:00+00:00;763361.85;6.1937
2025-05-23 03:00:00+00:00;806288.012;6.1937
2025-05-23 04:00:00+00:00;798393.09;6.99433
2025-05-23 05:00:00+00:00;796433.791;8.981300000000001
2025-05-23 06:00:00+00:00;782761.858;10.379000000000001
2025-05-23 07:00:00+00:00;790176.081;12.56955
2025-05-23 08:00:00+00:00;796137.031;14.013399999999999
2025-05-23 09:00:00+00:00;791016.594;15.556000000000001
2025-05-23 10:00:00+00:00;793150.737;16.4677
2025-05-23 11:00:00+00:00;808741.625;18.079
2025-05-23 12:00:00+00:00;842759.88;19.45
2025-05-23 13:00:00+00:00;895228.959;18.8801
2025-05-23 14:00:00+00:00;938659.855;17.284599999999998
2025-05-23 15:00:00+00:00;1003922.696;16.09805
2025-05-23 16:00:00+00:00;1076588.717;14.7345
2025-05-23 17:00:00+00:00;1113172.228;13.542250000000001
2025-05-23 18:00:00+00:00;1087041.205;13.162
2025-05-23 19:00:00+00:00;1330222.786;13.162
2025-05-23 20:00:00+00:00;1341455.818;12.675650000000001
2025-05-23 21:00:00+00:00;1165331.664;9.329285
2025-05-23 22:00:00+00:00;1003168.063;8.9188
2025-05-23 23:00:00+00:00;917796.166;8.9188
2025-05-24 00:00:00+00:00;867044.477;8.50628
2025-05-24 01:00:00+00:00;842300.901;7.52419
2025-05-24 02:00:00+00:00;828074.52;7.05
2025-05-24 03:00:00+00:00;818774.517;7.05
2025-05-24 04:00:00+00:00;770926.071;7.492520000000001
2025-05-24 05:00:00+00:00;807268.181;9.220045
2025-05-24 06:00:00+00:00;828136.02;11.07255
2025-05-24 07:00:00+00:00;836638.677;13.145900000000001
2025-05-24 08:00:00+00:00;843236.689;13.63555
2025-05-24 09:00:00+00:00;834373.108;14.525
2025-05-24 10:00:00+00:00;816421.479;15.044
2025-05-24 11:00:00+00:00;815902.473;15.8924
2025-05-24 12:00:00+00:00;830450.208;17.8384
2025-05-24 13:00:00+00:00;873400.347;19.781
2025-05-24 14:00:00+00:00;949482.546;21.30895
2025-05-24 15:00:00+00:00;1054219.38;17.8491
2025-05-24 16:00:00+00:00;1114509.154;16.1462
2025-05-24 17:00:00+00:00;1106775.665;14.631
2025-05-24 18:00:00+00:00;1040408.494;14.078
2025-05-24 19:00:00+00:00;1256395.621;13.525
2025-05-24 20:00:00+00:00;1291435.353;13.507249999999999
2025-05-24 21:00:00+00:00;1140879.806;12.481
2025-05-24 22:00:00+00:00;956367.715;12.481
2025-05-24 23:00:00+00:00;857740.01;12.481
2025-05-25 00:00:00+00:00;799530.017;12.2126
2025-05-25 01:00:00+00:00;767627.913;11.385200000000001
2025-05-25 02:00:00+00:00;751610.504;11.306
2025-05-25 03:00:00+00:00;749667.008;11.306
2025-05-25 04:00:00+00:00;723281.996;11.306
2025-05-25 05:00:00+00:00;769689.576;11.7088
2025-05-25 06:00:00+00:00;820068.782;12.313
2025-05-25 07:00:00+00:00;851211.016;12.313
2025-05-25 08:00:00+00:00;865525.963;13.4385
2025-05-25 09:00:00+00:00;860129.628;15.217500000000001
2025-05-25 10:00:00+00:00;839674.591;15.494
2025-05-25 11:00:00+00:00;837707.533;15.494
2025-05-25 12:00:00+00:00;836137.858;15.494
2025-05-25 13:00:00+00:00;853123.739;15.030199999999999
2025-05-25 14:00:00+00:00;892612.51;13.71405
2025-05-25 15:00:00+00:00;986594.819;13.412
2025-05-25 16:00:00+00:00;1088767.38;13.412
2025-05-25 17:00:00+00:00;1112826.328;13.412
2025-05-25 18:00:00+00:00;1049235.398;12.93995
2025-05-25 19:00:00+00:00;1253222.608;12.363
2025-05-25 20:00:00+00:00;1265895.829;11.9822
2025-05-25 21:00:00+00:00;1119716.159;11.275
2025-05-25 22:00:00+00:00;962929.414;10.3354
2025-05-25 23:00:00+00:00;883564.391;10.231
2025-05-26 00:00:00+00:00;815806.331;9.58865
2025-05-26 01:00:00+00:00;773912.159;9.26492
2025-05-26 02:00:00+00:00;757301.438;9.41612
2025-05-26 03:00:00+00:00;773475.556;9.2938
2025-05-26 04:00:00+00:00;733027.538;10.00724
2025-05-26 05:00:00+00:00;703697.313;11.4515
2025-05-26 06:00:00+00:00;668628.039;12.431
2025-05-26 07:00:00+00:00;645293.185;13.286950000000001
2025-05-26 08:00:00+00:00;642048.8;14.4148
2025-05-26 09:00:00+00:00;630721.614;15.776
2025-05-26 10:00:00+00:00;622949.985;18.02935
2025-05-26 11:00:00+00:00;636400.458;19.825
2025-05-26 12:00:00+00:00;667882.062;20.88765
2025-05-26 13:00:00+00:00;734600.816;22.371699999999997
2025-05-26 14:00:00+00:00;773475.19;23.93455
2025-05-26 15:00:00+00:00;818540.824;22.75325
2025-05-26 16:00:00+00:00;910587.886;22.9744
2025-05-26 17:00:00+00:00;974297.96;21.3752
2025-05-26 18:00:00+00:00;951516.772;20.297800000000002
2025-05-26 19:00:00+00:00;1161844.431;17.40205
2025-05-26 20:00:00+00:00;1146806.539;15.2059
2025-05-26 21:00:00+00:00;971883.186;14.6
2025-05-26 22:00:00+00:00;832899.532;13.7126
2025-05-26 23:00:00+00:00;737955.143;13.556000000000001
2025-05-27 00:00:00+00:00;671446.454;12.90425
2025-05-27 01:00:00+00:00;643350.086;12.37275
2025-05-27 02:00:00+00:00;644474.224;12.194
2025-05-27 03:00:00+00:00;687527.683;12.194
2025-05-27 04:00:00+00:00;671792.988;12.194
2025-05-27 05:00:00+00:00;652691.348;13.104800000000001
2025-05-27 06:00:00+00:00;620385.794;14.94325
2025-05-27 07:00:00+00:00;601615.225;15.89395
2025-05-27 08:00:00+00:00;601635.596;16.637800000000002
2025-05-27 09:00:00+00:00;598145.915;15.049150000000001
2025-05-27 10:00:00+00:00;593315.134;15.2514
2025-05-27 11:00:00+00:00;596945.068;15.541599999999999
2025-05-27 12:00:00+00:00;633362.776;15.238
2025-05-27 13:00:00+00:00;699462.273;16.5296
2025-05-27 14:00:00+00:00;727762.776;17.338
2025-05-27 15:00:00+00:00;775231.479;18.32885
2025-05-27 16:00:00+00:00;878146.853;19.5338
2025-05-27 17:00:00+00:00;962236.974;19.6008
2025-05-27 18:00:00+00:00;943719.168;18.87945
2025-05-27 19:00:00+00:00;1160329.873;15.688550000000001
2025-05-27 20:00:00+00:00;1150852.942;14.056000000000001
2025-05-27 21:00:00+00:00;978528.32;13.38195
2025-05-27 22:00:00+00:00;827875.212;12.0515
2025-05-27 23:00:00+00:00;765347.337;11.944
2025-05-28 00:00:00+00:00;704889.645;11.944
2025-05-28 01:00:00+00:00;656371.455;11.81065
2025-05-28 02:00:00+00:00;643568.885;11.563
2025-05-28 03:00:00+00:00;678347.551;11.9193
2025-05-28 04:00:00+00:00;664045.307;13.3034
2025-05-28 05:00:00+00:00;649936.035;14.040199999999999
2025-05-28 06:00:00+00:00;627585.524;14.681000000000001
2025-05-28 07:00:00+00:00;617637.671;14.8022
2025-05-28 08:00:00+00:00;626825.0;16.757649999999998
2025-05-28 09:00:00+00:00;624814.262;17.7985
2025-05-28 10:00:00+00:00;624813.482;18.381
2025-05-28 11:00:00+00:00;635980.594;18.65965
2025-05-28 12:00:00+00:00;675989.834;18.306
2025-05-28 13:00:00+00:00;748220.264;15.17155
2025-05-28 14:00:00+00:00;798371.613;14.1604
2025-05-28 15:00:00+00:00;862087.175;15.1
2025-05-28 16:00:00+00:00;947166.093;14.6911
2025-05-28 17:00:00+00:00;996836.63;12.994
2025-05-28 18:00:00+00:00;960960.493;14.62005
2025-05-28 19:00:00+00:00;1179406.816;14.7858
2025-05-28 20:00:00+00:00;1162394.656;11.8095
2025-05-28 21:00:00+00:00;1008654.619;10.14203
2025-05-28 22:00:00+00:00;846288.776;9.7375
2025-05-28 23:00:00+00:00;735892.455;8.339409999999999
2025-05-29 00:00:00+00:00;665924.008;7.6
2025-05-29 01:00:00+00:00;623054.457;8.57783
2025-05-29 02:00:00+00:00;604930.266;9.7438
2025-05-29 03:00:00+00:00;608739.232;9.935089999999999
2025-05-29 04:00:00+00:00;597583.818;10.9901
2025-05-29 05:00:00+00:00;648036.994;11.9
2025-05-29 06:00:00+00:00;693005.534;12.56625
2025-05-29 07:00:00+00:00;721599.144;13.5267
2025-05-29 08:00:00+00:00;744479.939;14.019
2025-05-29 09:00:00+00:00;728334.182;14.725900000000001
2025-05-29 10:00:00+00:00;710897.26;15.97915
2025-05-29 11:00:00+00:00;705966.456;16.38725
2025-05-29 12:00:00+00:00;717703.448;17.156
2025-05-29 13:00:00+00:00;755619.931;17.156
2025-05-29 14:00:00+00:00;807776.493;16.86835
2025-05-29 15:00:00+00:00;860309.16;15.2584
2025-05-29 16:00:00+00:00;928141.589;14.156299999999998
2025-05-29 17:00:00+00:00;947388.449;14.075
2025-05-29 18:00:00+00:00;899198.089;13.6052
2025-05-29 19:00:00+00:00;1104510.18;13.031
2025-05-29 20:00:00+00:00;1096892.688;11.93675
2025-05-29 21:00:00+00:00;954517.073;10.906
2025-05-29 22:00:00+00:00;798501.326;10.521105
2025-05-29 23:00:00+00:00;718903.482;9.3063
2025-05-30 00:00:00+00:00;663425.042;8.48566
2025-05-30 01:00:00+00:00;640817.434;8.21875
2025-05-30 02:00:00+00:00;622939.113;8.6625
2025-05-30 03:00:00+00:00;648565.057;9.421904999999999
2025-05-30 04:00:00+00:00;637873.657;10.30668
2025-05-30 05:00:00+00:00;650339.126;11.2576
2025-05-30 06:00:00+00:00;640155.603;12.75065
2025-05-30 07:00:00+00:00;633311.488;13.7405
2025-05-30 08:00:00+00:00;643938.571;14.69305
2025-05-30 09:00:00+00:00;639104.888;15.062999999999999
2025-05-30 10:00:00+00:00;643678.037;16.0719
2025-05-30 11:00:00+00:00;644413.955;16.719299999999997
2025-05-30 12:00:00+00:00;676548.995;17.162
2025-05-30 13:00:00+00:00;719140.779;18.1236
2025-05-30 14:00:00+00:00;758333.347;21.91155
2025-05-30 15:00:00+00:00;824379.892;24.2068
2025-05-30 16:00:00+00:00;922290.066;26.66075
2025-05-30 17:00:00+00:00;980450.611;28.60065
2025-05-30 18:00:00+00:00;960666.966;22.423250000000003
2025-05-30 19:00:00+00:00;1162237.466;19.3981
2025-05-30 20:00:00+00:00;1143887.286;17.5717
2025-05-30 21:00:00+00:00;970473.298;15.26575
2025-05-30 22:00:00+00:00;804001.578;14.501349999999999
2025-05-30 23:00:00+00:00;727547.797;13.943999999999999
2025-05-31 00:00:00+00:00;661492.772;12.9408
2025-05-31 01:00:00+00:00;620633.304;12.818000000000001
2025-05-31 02:00:00+00:00;605264.605;12.713
2025-05-31 03:00:00+00:00;635787.311;12.713
2025-05-31 04:00:00+00:00;672956.399;12.713
2025-05-31 05:00:00+00:00;708020.753;12.713
2025-05-31 06:00:00+00:00;720142.299;12.713
2025-05-31 07:00:00+00:00;749919.175;13.725
2025-05-31 08:00:00+00:00;790468.651;13.725
2025-05-31 09:00:00+00:00;791384.253;14.2638
2025-05-31 10:00:00+00:00;788291.144;15.881
2025-05-31 11:00:00+00:00;802214.835;15.881
2025-05-31 12:00:00+00:00;791478.866;15.20925
2025-05-31 13:00:00+00:00;807965.19;13.787
2025-05-31 14:00:00+00:00;867071.206;14.0625
2025-05-31 15:00:00+00:00;959635.231;13.8
2025-05-31 16:00:00+00:00;1026614.925;13.8
2025-05-31 17:00:00+00:00;1024989.8;13.372399999999999
2025-05-31 18:00:00+00:00;974978.155;12.56975
2025-05-31 19:00:00+00:00;1201107.966;11.656
2025-05-31 20:00:00+00:00;1218710.316;11.656
2025-05-31 21:00:00+00:00;1059532.423;11.656
2025-05-31 22:00:00+00:00;902905.709;11.656
2025-05-31 23:00:00+00:00;813703.501;11.656
2025-06-01 00:00:00+00:00;755048.423;11.656
2025-06-01 01:00:00+00:00;717642.885;11.3388
2025-06-01 02:00:00+00:00;688373.3;10.863
2025-06-01 03:00:00+00:00;673072.406;10.863
2025-06-01 04:00:00+00:00;649186.181;10.863
2025-06-01 05:00:00+00:00;690261.567;11.4816
2025-06-01 06:00:00+00:00;739977.25;11.894
2025-06-01 07:00:00+00:00;776362.876;12.85265
2025-06-01 08:00:00+00:00;801565.946;12.925
2025-06-01 09:00:00+00:00;798952.642;12.925
2025-06-01 10:00:00+00:00;784737.17;13.45175
2025-06-01 11:00:00+00:00;782485.204;14.7482
2025-06-01 12:00:00+00:00;774539.447;14.044
2025-06-01 13:00:00+00:00;778597.695;14.274000000000001
2025-06-01 14:00:00+00:00;804348.765;14.543000000000001
2025-06-01 15:00:00+00:00;875036.992;14.79955
2025-06-01 16:00:00+00:00;960222.505;13.162
2025-06-01 17:00:00+00:00;990417.543;12.4961
2025-06-01 18:00:00+00:00;949818.121;12.8351
2025-06-01 19:00:00+00:00;1162754.813;12.49545
2025-06-01 20:00:00+00:00;1166724.64;10.23637
2025-06-01 21:00:00+00:00;1018270.165;8.5828
2025-06-01 22:00:00+00:00;856452.139;7.6937
2025-06-01 23:00:00+00:00;781769.675;7.6937
2025-06-02 00:00:00+00:00;727564.794;7.6937
2025-06-02 01:00:00+00:00;707683.6;7.91374
2025-06-02 02:00:00+00:00;685822.965;9.370395
2025-06-02 03:00:00+00:00;701158.537;9.531600000000001
2025-06-02 04:00:00+00:00;674284.223;10.777750000000001
2025-06-02 05:00:00+00:00;681305.62;11.444
2025-06-02 06:00:00+00:00;679171.671;13.123750000000001
2025-06-02 07:00:00+00:00;690059.827;13.613
2025-06-02 08:00:00+00:00;711748.296;14.609550000000002
2025-06-02 09:00:00+00:00;716610.603;14.662
2025-06-02 10:00:00+00:00;711590.232;13.9714
2025-06-02 11:00:00+00:00;713857.404;13.65
2025-06-02 12:00:00+00:00;747259.811;13.65
2025-06-02 13:00:00+00:00;809335.994;13.65
2025-06-02 14:00:00+00:00;848039.608;13.65
2025-06-02 15:00:00+00:00;893726.086;13.65
2025-06-02 16:00:00+00:00;962080.522;13.94075
2025-06-02 17:00:00+00:00;994577.417;13.794
2025-06-02 18:00:00+00:00;959713.466;13.4265
2025-06-02 19:00:00+00:00;1183590.469;13.4138
2025-06-02 20:00:00+00:00;1171562.674;11.995700000000001
2025-06-02 21:00:00+00:00;1014720.818;10.522995
2025-06-02 22:00:00+00:00;891510.432;9.364345
2025-06-02 23:00:00+00:00;795460.645;8.4938
2025-06-03 00:00:00+00:00;727759.284;8.4938
2025-06-03 01:00:00+00:00;690755.744;8.43628
2025-06-03 02:00:00+00:00;678584.492;9.3726
2025-06-03 03:00:00+00:00;694027.416;10.463
2025-06-03 04:00:00+00:00;651416.452;11.0666
2025-06-03 05:00:00+00:00;636235.441;12.333250000000001
2025-06-03 06:00:00+00:00;613516.278;12.7006
2025-06-03 07:00:00+00:00;601612.288;13.588
2025-06-03 08:00:00+00:00;612261.536;14.48545
2025-06-03 09:00:00+00:00;613820.718;13.644
2025-06-03 10:00:00+00:00;601990.713;13.644
2025-06-03 11:00:00+00:00;602830.994;13.644
2025-06-03 12:00:00+00:00;625132.185;13.644
2025-06-03 13:00:00+00:00;680442.601;14.464000000000002
2025-06-03 14:00:00+00:00;709689.464;15.8158
2025-06-03 15:00:00+00:00;737058.613;17.7368
2025-06-03 16:00:00+00:00;805818.473;19.721799999999998
2025-06-03 17:00:00+00:00;861245.99;20.24645
2025-06-03 18:00:00+00:00;848989.788;19.00875
2025-06-03 19:00:00+00:00;1076456.184;16.65925
2025-06-03 20:00:00+00:00;1082166.546;13.88455
2025-06-03 21:00:00+00:00;935037.125;12.3544
2025-06-03 22:00:00+00:00;811166.268;10.33536
2025-06-03 23:00:00+00:00;736837.181;8.989410000000001
2025-06-04 00:00:00+00:00;695424.369;8.25
2025-06-04 01:00:00+00:00;671881.152;9.02
2025-06-04 02:00:00+00:00;654593.303;9.335935000000001
2025-06-04 03:00:00+00:00;661563.268;9.6826
2025-06-04 04:00:00+00:00;622464.939;11.10305
2025-06-04 05:00:00+00:00;602343.442;13.03485
2025-06-04 06:00:00+00:00;584567.679;14.9562
2025-06-04 07:00:00+00:00;590936.278;16.539
2025-06-04 08:00:00+00:00;593978.192;17.7613
2025-06-04 09:00:00+00:00;586036.596;18.9283
2025-06-04 10:00:00+00:00;576446.83;20.30665
2025-06-04 11:00:00+00:00;584289.919;21.35195
2025-06-04 12:00:00+00:00;608927.457;19.0084
2025-06-04 13:00:00+00:00;674735.052;18.688
2025-06-04 14:00:00+00:00;721207.033;19.098
2025-06-04 15:00:00+00:00;785717.148;20.40345
2025-06-04 16:00:00+00:00;880870.566;22.875999999999998
2025-06-04 17:00:00+00:00;945391.622;21.629150000000003
2025-06-04 18:00:00+00:00;916876.196;19.74485
2025-06-04 19:00:00+00:00;1127091.248;18.5622
2025-06-04 20:00:00+00:00;1102005.056;17.656
2025-06-04 21:00:00+00:00;929656.703;16.796
2025-06-04 22:00:00+00:00;768165.74;16.581
2025-06-04 23:00:00+00:00;676113.329;16.581
2025-06-05 00:00:00+00:00;628164.864;16.0035
2025-06-05 01:00:00+00:00;587894.575;15.3846
2025-06-05 02:00:00+00:00;582551.195;14.969
2025-06-05 03:00:00+00:00;606964.231;14.969
2025-06-05 04:00:00+00:00;601861.917;15.4279
2025-06-05 05:00:00+00:00;621821.591;16.05975
2025-06-05 06:00:00+00:00;626746.947;17.081
2025-06-05 07:00:00+00:00;641285.858;17.081
2025-06-05 08:00:00+00:00;655858.224;17.081
2025-06-05 09:00:00+00:00;647900.67;17.081
2025-06-05 10:00:00+00:00;633311.573;18.05245
2025-06-05 11:00:00+00:00;632515.769;18.55455
2025-06-05 12:00:00+00:00;662383.618;16.421799999999998
2025-06-05 13:00:00+00:00;708561.143;15.2345
2025-06-05 14:00:00+00:00;748014.386;16.555
2025-06-05 15:00:00+00:00;787689.094;18.6009
2025-06-05 16:00:00+00:00;866170.692;19.49015
2025-06-05 17:00:00+00:00;921833.146;18.2791
2025-06-05 18:00:00+00:00;904639.666;17.5186
2025-06-05 19:00:00+00:00;1132376.322;17.16215
2025-06-05 20:00:00+00:00;1119893.301;14.74675
2025-06-05 21:00:00+00:00;969297.106;13.040000000000001
2025-06-05 22:00:00+00:00;842257.649;12.1055
2025-06-05 23:00:00+00:00;745783.943;11.556
2025-06-06 00:00:00+00:00;681425.608;11.556
2025-06-06 01:00:00+00:00;644293.958;11.4839
2025-06-06 02:00:00+00:00;632374.879;11.35
2025-06-06 03:00:00+00:00;650883.576;11.893899999999999
2025-06-06 04:00:00+00:00;628338.778;13.159799999999999
2025-06-06 05:00:00+00:00;626597.534;14.16985
2025-06-06 06:00:00+00:00;611163.368;15.488299999999999
2025-06-06 07:00:00+00:00;608804.957;16.50775
2025-06-06 08:00:00+00:00;620455.634;17.4565
2025-06-06 09:00:00+00:00;614591.238;16.8521
2025-06-06 10:00:00+00:00;604559.854;16.70905
2025-06-06 11:00:00+00:00;606425.259;18.135399999999997
2025-06-06 12:00:00+00:00;633871.647;18.20855
2025-06-06 13:00:00+00:00;678586.053;18.4945
2025-06-06 14:00:00+00:00;712631.413;19.8304
2025-06-06 15:00:00+00:00;763922.116;21.4435
2025-06-06 16:00:00+00:00;832438.238;23.44465
2025-06-06 17:00:00+00:00;875524.878;25.5905
2025-06-06 18:00:00+00:00;869119.118;23.3784
2025-06-06 19:00:00+00:00;1098456.522;19.055200000000003
2025-06-06 20:00:00+00:00;1089358.377;18.1368
2025-06-06 21:00:00+00:00;912915.003;17.29205
2025-06-06 22:00:00+00:00;755771.201;16.34455
2025-06-06 23:00:00+00:00;667227.17;15.638
2025-06-07 00:00:00+00:00;622807.781;14.805150000000001
2025-06-07 01:00:00+00:00;597813.298;14.5415
2025-06-07 02:00:00+00:00;576929.925;14.443999999999999
2025-06-07 03:00:00+00:00;566037.379;14.443999999999999
2025-06-07 04:00:00+00:00;562266.219;15.528649999999999
2025-06-07 05:00:00+00:00;613412.016;17.788000000000004
2025-06-07 06:00:00+00:00;661968.427;18.606
2025-06-07 07:00:00+00:00;696180.402;19.422
2025-06-07 08:00:00+00:00;717537.679;18.878
2025-06-07 09:00:00+00:00;712831.326;19.3585
2025-06-07 10:00:00+00:00;703864.526;19.181
2025-06-07 11:00:00+00:00;701285.358;17.530900000000003
2025-06-07 12:00:00+00:00;710083.804;17.7016
2025-06-07 13:00:00+00:00;749349.644;19.05845
2025-06-07 14:00:00+00:00;814759.475;15.569849999999999
2025-06-07 15:00:00+00:00;908184.896;18.93385
2025-06-07 16:00:00+00:00;980307.406;17.3715
2025-06-07 17:00:00+00:00;977003.723;16.0285
2025-06-07 18:00:00+00:00;914361.682;15.556000000000001
2025-06-07 19:00:00+00:00;1124728.504;15.444799999999997
2025-06-07 20:00:00+00:00;1126595.513;14.443999999999999
2025-06-07 21:00:00+00:00;977034.217;13.540450000000002
2025-06-07 22:00:00+00:00;807690.306;13.381
2025-06-07 23:00:00+00:00;718790.877;13.2757
2025-06-08 00:00:00+00:00;649956.341;12.369
2025-06-08 01:00:00+00:00;609012.159;12.1966
2025-06-08 02:00:00+00:00;584729.157;11.938
2025-06-08 03:00:00+00:00;580473.847;11.942450000000001
2025-06-08 04:00:00+00:00;564739.738;13.05
2025-06-08 05:00:00+00:00;611957.434;13.05
2025-06-08 06:00:00+00:00;662536.536;13.05
2025-06-08 07:00:00+00:00;700064.676;13.05
2025-06-08 08:00:00+00:00;727093.663;13.05
2025-06-08 09:00:00+00:00;725101.016;14.063550000000001
2025-06-08 10:00:00+00:00;711374.688;14.138
2025-06-08 11:00:00+00:00;705284.362;14.138
2025-06-08 12:00:00+00:00;710591.968;14.138
2025-06-08 13:00:00+00:00;732341.087;14.725399999999999
2025-06-08 14:00:00+00:00;777156.024;14.2908
2025-06-08 15:00:00+00:00;853908.871;14.187999999999999
2025-06-08 16:00:00+00:00;940315.828;14.187999999999999
2025-06-08 17:00:00+00:00;963057.229;13.439250000000001
2025-06-08 18:00:00+00:00;919255.532;13.113
2025-06-08 19:00:00+00:00;1128920.231;13.113
2025-06-08 20:00:00+00:00;1127651.131;12.769099999999998
2025-06-08 21:00:00+00:00;977053.471;12.050799999999999
2025-06-08 22:00:00+00:00;830748.186;10.994
2025-06-08 23:00:00+00:00;751461.669;10.994
2025-06-09 00:00:00+00:00;703608.452;10.994
2025-06-09 01:00:00+00:00;661473.17;11.03565
2025-06-09 02:00:00+00:00;640447.508;11.113
2025-06-09 03:00:00+00:00;652338.015;11.113
2025-06-09 04:00:00+00:00;616750.725;12.09245
2025-06-09 05:00:00+00:00;609394.04;12.8923
2025-06-09 06:00:00+00:00;597051.107;13.213
2025-06-09 07:00:00+00:00;595798.952;13.213
2025-06-09 08:00:00+00:00;606971.576;13.528
2025-06-09 09:00:00+00:00;604926.164;14.263
2025-06-09 10:00:00+00:00;595919.998;14.263
2025-06-09 11:00:00+00:00;601686.411;14.2619
2025-06-09 12:00:00+00:00;656379.286;14.75545
2025-06-09 13:00:00+00:00;733531.099;16.454250000000002
2025-06-09 14:00:00+00:00;785384.439;17.9956
2025-06-09 15:00:00+00:00;825127.685;19.187350000000002
2025-06-09 16:00:00+00:00;876422.852;20.110300000000002
2025-06-09 17:00:00+00:00;933927.612;19.5363
2025-06-09 18:00:00+00:00;923114.661;17.8344
2025-06-09 19:00:00+00:00;1142554.524;15.425
2025-06-09 20:00:00+00:00;1138831.592;15.102500000000001
2025-06-09 21:00:00+00:00;983819.338;14.35
2025-06-09 22:00:00+00:00;822675.055;13.409749999999999
2025-06-09 23:00:00+00:00;747593.277;12.417800000000002
2025-06-10 00:00:00+00:00;668269.54;12.194
2025-06-10 01:00:00+00:00;629673.054;12.0953
2025-06-10 02:00:00+00:00;621553.814;11.912
2025-06-10 03:00:00+00:00;646076.048;12.06305
2025-06-10 04:00:00+00:00;615117.821;12.919
2025-06-10 05:00:00+00:00;608333.96;13.247200000000001
2025-06-10 06:00:00+00:00;591762.848;14.2242
2025-06-10 07:00:00+00:00;584324.337;15.8607
2025-06-10 08:00:00+00:00;603623.821;16.72885
2025-06-10 09:00:00+00:00;593271.597;16.188
2025-06-10 10:00:00+00:00;584602.952;16.285649999999997
2025-06-10 11:00:00+00:00;590532.214;17.188
2025-06-10 12:00:00+00:00;618863.796;17.188
2025-06-10 13:00:00+00:00;674639.075;18.1101
2025-06-10 14:00:00+00:00;703602.631;20.09255
2025-06-10 15:00:00+00:00;740804.396;22.5851
2025-06-10 16:00:00+00:00;810292.28;23.549100000000003
2025-06-10 17:00:00+00:00;864973.904;19.6065
2025-06-10 18:00:00+00:00;846980.603;18.282
2025-06-10 19:00:00+00:00;1069496.929;15.49315
2025-06-10 20:00:00+00:00;1067310.717;15.119
2025-06-10 21:00:00+00:00;905546.154;13.8119
2025-06-10 22:00:00+00:00;760868.841;12.9817
2025-06-10 23:00:00+00:00;711610.042;11.931
2025-06-11 00:00:00+00:00;691023.106;11.931
2025-06-11 01:00:00+00:00;636313.621;11.92435
2025-06-11 02:00:00+00:00;602179.391;11.912
2025-06-11 03:00:00+00:00;619473.707;12.015200000000002
2025-06-11 04:00:00+00:00;599803.197;12.943999999999999
2025-06-11 05:00:00+00:00;605953.946;12.943999999999999
2025-06-11 06:00:00+00:00;602007.937;13.2095
2025-06-11 07:00:00+00:00;603960.797;14.006
2025-06-11 08:00:00+00:00;620045.77;13.884450000000001
2025-06-11 09:00:00+00:00;618290.865;13.818999999999999
2025-06-11 10:00:00+00:00;607750.781;13.9708
2025-06-11 11:00:00+00:00;614495.127;16.43685
2025-06-11 12:00:00+00:00;648083.314;16.4818
2025-06-11 13:00:00+00:00;707445.724;16.944
2025-06-11 14:00:00+00:00;758221.523;17.3588
2025-06-11 15:00:00+00:00;833160.198;17.2745
2025-06-11 16:00:00+00:00;894641.024;18.0253
2025-06-11 17:00:00+00:00;927578.691;18.155450000000002
2025-06-11 18:00:00+00:00;889059.376;18.1737
2025-06-11 19:00:00+00:00;1095903.584;17.04945
2025-06-11 20:00:00+00:00;1092067.694;15.292599999999998
2025-06-11 21:00:00+00:00;954715.028;14.215
2025-06-11 22:00:00+00:00;778379.595;12.719
2025-06-11 23:00:00+00:00;703142.458;11.7306
2025-06-12 00:00:00+00:00;669542.397;11.662
2025-06-12 01:00:00+00:00;657653.603;11.76845
2025-06-12 02:00:00+00:00;650397.407;12.2844
2025-06-12 03:00:00+00:00;647255.521;12.963
2025-06-12 04:00:00+00:00;628650.362;14.2373
2025-06-12 05:00:00+00:00;636017.959;15.249799999999999
2025-06-12 06:00:00+00:00;636509.498;16.2922
2025-06-12 07:00:00+00:00;645227.252;17.162
2025-06-12 08:00:00+00:00;678387.619;17.30005
2025-06-12 09:00:00+00:00;669194.929;18.213
2025-06-12 10:00:00+00:00;650532.348;18.213
2025-06-12 11:00:00+00:00;670992.387;18.213
2025-06-12 12:00:00+00:00;697770.253;18.213
2025-06-12 13:00:00+00:00;754010.501;19.4757
2025-06-12 14:00:00+00:00;780541.783;19.79345
2025-06-12 15:00:00+00:00;825261.451;19.797500000000003
2025-06-12 16:00:00+00:00;913379.923;18.4175
2025-06-12 17:00:00+00:00;965435.317;18.138
2025-06-12 18:00:00+00:00;944370.388;17.14255
2025-06-12 19:00:00+00:00;1166748.298;15.616249999999999
2025-06-12 20:00:00+00:00;1155982.374;14.4815
2025-06-12 21:00:00+00:00;992393.922;12.74705
2025-06-12 22:00:00+00:00;830377.932;11.2355
2025-06-12 23:00:00+00:00;751962.362;9.82382
2025-06-13 00:00:00+00:00;713231.347;9.496185
2025-06-13 01:00:00+00:00;679530.253;9.763805
2025-06-13 02:00:00+00:00;649795.159;9.3125
2025-06-13 03:00:00+00:00;652626.01;9.81275
2025-06-13 04:00:00+00:00;617492.912;10.8729
2025-06-13 05:00:00+00:00;618628.938;12.02975
2025-06-13 06:00:00+00:00;608887.65;13.036000000000001
2025-06-13 07:00:00+00:00;604983.497;13.765600000000001
2025-06-13 08:00:00+00:00;621111.876;14.75675
2025-06-13 09:00:00+00:00;608795.438;15.562999999999999
2025-06-13 10:00:00+00:00;596758.26;15.562999999999999
2025-06-13 11:00:00+00:00;603490.564;15.562999999999999
2025-06-13 12:00:00+00:00;616796.747;15.562999999999999
2025-06-13 13:00:00+00:00;651275.635;16.7966
2025-06-13 14:00:00+00:00;679404.608;18.3682
2025-06-13 15:00:00+00:00;715488.878;19.776
2025-06-13 16:00:00+00:00;767407.707;19.615850000000002
2025-06-13 17:00:00+00:00;810445.306;18.115
2025-06-13 18:00:00+00:00;813237.8;17.3267
2025-06-13 19:00:00+00:00;1056124.73;15.896349999999998
2025-06-13 20:00:00+00:00;1074038.232;14.24475
2025-06-13 21:00:00+00:00;924224.751;13.3078
2025-06-13 22:00:00+00:00;763782.813;11.845749999999999
2025-06-13 23:00:00+00:00;688416.242;10.983
2025-06-14 00:00:00+00:00;661263.629;10.14649
2025-06-14 01:00:00+00:00;651239.3;11.0699
2025-06-14 02:00:00+00:00;622171.987;10.825
2025-06-14 03:00:00+00:00;604979.527;12.3473
2025-06-14 04:00:00+00:00;576561.168;14.5637
2025-06-14 05:00:00+00:00;611843.12;15.896700000000001
2025-06-14 06:00:00+00:00;640962.197;17.278100000000002
2025-06-14 07:00:00+00:00;655980.783;18.5342
2025-06-14 08:00:00+00:00;668275.7;20.052500000000002
2025-06-14 09:00:00+00:00;665991.182;20.990299999999998
2025-06-14 10:00:00+00:00;667426.872;21.425
2025-06-14 11:00:00+00:00;682688.646;22.19025
2025-06-14 12:00:00+00:00;687758.103;23.061
2025-06-14 13:00:00+00:00;684314.697;21.985599999999998
2025-06-14 14:00:00+00:00;715698.37;21.92545
2025-06-14 15:00:00+00:00;778835.605;21.31145
2025-06-14 16:00:00+00:00;835468.176;20.425
2025-06-14 17:00:00+00:00;847779.498;20.425
2025-06-14 18:00:00+00:00;812977.091;20.425
2025-06-14 19:00:00+00:00;1031776.876;19.6365
2025-06-14 20:00:00+00:00;1037884.688;18.3939
2025-06-14 21:00:00+00:00;875327.06;17.65485
2025-06-14 22:00:00+00:00;726544.054;16.65005
2025-06-14 23:00:00+00:00;635821.058;16.169
2025-06-15 00:00:00+00:00;568886.435;15.119
2025-06-15 01:00:00+00:00;531318.195;14.790049999999999
2025-06-15 02:00:00+00:00;509156.511;14.388
2025-06-15 03:00:00+00:00;500274.427;14.99855
2025-06-15 04:00:00+00:00;492101.989;15.75375
2025-06-15 05:00:00+00:00;538256.833;17.77935
2025-06-15 06:00:00+00:00;582425.062;18.708800000000004
2025-06-15 07:00:00+00:00;612122.318;20.2755
2025-06-15 08:00:00+00:00;630471.989;19.738
2025-06-15 09:00:00+00:00;632277.447;19.738
2025-06-15 10:00:00+00:00;632307.233;19.738
2025-06-15 11:00:00+00:00;640787.611;19.738
2025-06-15 12:00:00+00:00;640872.441;19.738
2025-06-15 13:00:00+00:00;656539.845;20.551849999999998
2025-06-15 14:00:00+00:00;688031.4;22.303949999999997
2025-06-15 15:00:00+00:00;749774.223;26.075
2025-06-15 16:00:00+00:00;822703.869;27.393400000000003
2025-06-15 17:00:00+00:00;855837.605;26.84115
2025-06-15 18:00:00+00:00;835388.994;25.0012
2025-06-15 19:00:00+00:00;1038116.748;22.6298
2025-06-15 20:00:00+00:00;1025393.194;18.8471
2025-06-15 21:00:00+00:00;866235.573;15.99605
2025-06-15 22:00:00+00:00;706259.442;14.6018
2025-06-15 23:00:00+00:00;617464.84;13.521600000000001
2025-06-16 00:00:00+00:00;566314.167;12.30525
2025-06-16 01:00:00+00:00;532489.665;13.608699999999999
2025-06-16 02:00:00+00:00;512356.481;13.19205
2025-06-16 03:00:00+00:00;531308.101;13.1358
2025-06-16 04:00:00+00:00;524371.716;14.013
2025-06-16 05:00:00+00:00;537275.023;15.214099999999998
2025-06-16 06:00:00+00:00;538299.309;16.6215
2025-06-16 07:00:00+00:00;541675.436;17.162
2025-06-16 08:00:00+00:00;556730.393;17.843849999999996
2025-06-16 09:00:00+00:00;553618.761;18.7611
2025-06-16 10:00:00+00:00;549735.672;19.437599999999996
2025-06-16 11:00:00+00:00;560541.508;20.4815
2025-06-16 12:00:00+00:00;585245.485;21.547
2025-06-16 13:00:00+00:00;637434.522;23.87145
2025-06-16 14:00:00+00:00;676101.462;26.660000000000004
2025-06-16 15:00:00+00:00;717697.733;27.38675
2025-06-16 16:00:00+00:00;788708.386;28.03245
2025-06-16 17:00:00+00:00;838042.869;26.5448
2025-06-16 18:00:00+00:00;818870.036;23.754
2025-06-16 19:00:00+00:00;1026084.516;22.4466
2025-06-16 20:00:00+00:00;1002971.592;20.9936
2025-06-16 21:00:00+00:00;826742.73;18.249499999999998
2025-06-16 22:00:00+00:00;676418.826;17.0491
2025-06-16 23:00:00+00:00;609440.206;16.738
2025-06-17 00:00:00+00:00;558004.327;16.2682
2025-06-17 01:00:00+00:00;513595.483;15.6261
2025-06-17 02:00:00+00:00;497545.758;15.5
2025-06-17 03:00:00+00:00;529452.655;15.5
2025-06-17 04:00:00+00:00;530695.229;15.5
2025-06-17 05:00:00+00:00;553449.827;14.9434
2025-06-17 06:00:00+00:00;564524.907;14.068000000000001
2025-06-17 07:00:00+00:00;581852.727;14.777263157894739
2025-06-17 08:00:00+00:00;600200.246;14.943999999999999
2025-06-17 09:00:00+00:00;598371.442;15.043299999999999
2025-06-17 10:00:00+00:00;591054.567;15.975
2025-06-17 11:00:00+00:00;601735.156;15.975
2025-06-17 12:00:00+00:00;621876.395;16.5492
2025-06-17 13:00:00+00:00;673212.731;17.019
2025-06-17 14:00:00+00:00;708152.336;18.378549999999997
2025-06-17 15:00:00+00:00;754481.511;19.7302
2025-06-17 16:00:00+00:00;830106.805;21.5299
2025-06-17 17:00:00+00:00;881117.85;18.807199999999998
2025-06-17 18:00:00+00:00;866263.658;18.025
2025-06-17 19:00:00+00:00;1068707.865;17.1274
2025-06-17 20:00:00+00:00;1039870.929;16.969
2025-06-17 21:00:00+00:00;872359.056;15.968549999999999
2025-06-17 22:00:00+00:00;751836.998;15.29975
2025-06-17 23:00:00+00:00;650847.196;14.894
2025-06-18 00:00:00+00:00;584254.699;14.894
2025-06-18 01:00:00+00:00;538071.589;14.995099999999999
2025-06-18 02:00:00+00:00;530483.587;15.624799999999999
2025-06-18 03:00:00+00:00;553117.338;15.2315
2025-06-18 04:00:00+00:00;543605.361;15.744
2025-06-18 05:00:00+00:00;557200.372;15.9024
2025-06-18 06:00:00+00:00;564596.24;17.16085
2025-06-18 07:00:00+00:00;571801.147;17.831
2025-06-18 08:00:00+00:00;594301.48;17.831
2025-06-18 09:00:00+00:00;605858.989;17.831
2025-06-18 10:00:00+00:00;604953.055;17.831
2025-06-18 11:00:00+00:00;611934.964;17.831
2025-06-18 12:00:00+00:00;639566.953;17.831
2025-06-18 13:00:00+00:00;697134.206;17.831
2025-06-18 14:00:00+00:00;741353.611;17.831
2025-06-18 15:00:00+00:00;798700.402;17.831
2025-06-18 16:00:00+00:00;879789.552;16.835600000000003
2025-06-18 17:00:00+00:00;932660.661;16.0728
2025-06-18 18:00:00+00:00;908736.067;14.873999999999999
2025-06-18 19:00:00+00:00;1110738.578;14.42945
2025-06-18 20:00:00+00:00;1086774.267;13.531
2025-06-18 21:00:00+00:00;922390.134;12.977350000000001
2025-06-18 22:00:00+00:00;764450.767;12.506
2025-06-18 23:00:00+00:00;682562.447;12.506
2025-06-19 00:00:00+00:00;622833.083;12.506
2025-06-19 01:00:00+00:00;577180.853;11.598049999999999
2025-06-19 02:00:00+00:00;564729.07;11.294
2025-06-19 03:00:00+00:00;587389.843;11.294
2025-06-19 04:00:00+00:00;588073.002;11.294
2025-06-19 05:00:00+00:00;614042.996;11.5997
2025-06-19 06:00:00+00:00;628560.631;12.313
2025-06-19 07:00:00+00:00;643388.731;12.463000000000001
2025-06-19 08:00:00+00:00;666810.01;14.472800000000001
2025-06-19 09:00:00+00:00;679324.887;15.419
2025-06-19 10:00:00+00:00;686812.709;15.79315
2025-06-19 11:00:00+00:00;696500.419;17.093
2025-06-19 12:00:00+00:00;720118.66;17.3929
2025-06-19 13:00:00+00:00;756301.238;18.48055
2025-06-19 14:00:00+00:00;792976.614;21.830399999999997
2025-06-19 15:00:00+00:00;840899.013;21.6445
2025-06-19 16:00:00+00:00;896542.547;23.225
2025-06-19 17:00:00+00:00;926113.437;23.1582
2025-06-19 18:00:00+00:00;902133.906;20.29765
2025-06-19 19:00:00+00:00;1127570.613;18.3744
2025-06-19 20:00:00+00:00;1124862.646;17.57305
2025-06-19 21:00:00+00:00;957814.017;16.631
2025-06-19 22:00:00+00:00;784459.52;15.8834
2025-06-19 23:00:00+00:00;691984.718;14.558850000000001
2025-06-20 00:00:00+00:00;630683.438;14.506
2025-06-20 01:00:00+00:00;596940.143;13.725299999999999
2025-06-20 02:00:00+00:00;578845.933;12.1373
2025-06-20 03:00:00+00:00;579202.159;11.201600000000001
2025-06-20 04:00:00+00:00;575458.733;10.794
2025-06-20 05:00:00+00:00;625323.433;10.794
2025-06-20 06:00:00+00:00;665792.878;11.869
2025-06-20 07:00:00+00:00;687403.393;11.869
2025-06-20 08:00:00+00:00;696990.695;11.9221
2025-06-20 09:00:00+00:00;702361.163;12.931000000000001
2025-06-20 10:00:00+00:00;697853.277;13.501900000000001
2025-06-20 11:00:00+00:00;696410.864;13.969
2025-06-20 12:00:00+00:00;690620.296;13.969
2025-06-20 13:00:00+00:00;697382.269;15.283449999999998
2025-06-20 14:00:00+00:00;710658.462;16.18735
2025-06-20 15:00:00+00:00;741074.51;17.8476
2025-06-20 16:00:00+00:00;764416.614;19.24565
2025-06-20 17:00:00+00:00;760815.135;18.876399999999997
2025-06-20 18:00:00+00:00;740955.511;18.19925
2025-06-20 19:00:00+00:00;983419.618;17.04185
2025-06-20 20:00:00+00:00;1015104.47;14.6125
2025-06-20 21:00:00+00:00;888641.706;12.6995
2025-06-20 22:00:00+00:00;751028.616;11.480799999999999
2025-06-20 23:00:00+00:00;677976.518;10.209325000000002
2025-06-21 00:00:00+00:00;641599.163;9.8625
2025-06-21 01:00:00+00:00;606222.168;10.059375
2025-06-21 02:00:00+00:00;595156.446;11.01955
2025-06-21 03:00:00+00:00;570625.257;11.9388
2025-06-21 04:00:00+00:00;540997.677;14.07345
2025-06-21 05:00:00+00:00;574845.824;15.0118
2025-06-21 06:00:00+00:00;627026.88;16.294549999999997
2025-06-21 07:00:00+00:00;685102.254;17.91195
2025-06-21 08:00:00+00:00;729562.445;18.5688
2025-06-21 09:00:00+00:00;750977.02;19.031
2025-06-21 10:00:00+00:00;765545.194;18.96645
2025-06-21 11:00:00+00:00;777330.077;19.28305
2025-06-21 12:00:00+00:00;763626.806;19.2848
2025-06-21 13:00:00+00:00;781626.96;20.46965
2025-06-21 14:00:00+00:00;811299.587;19.4959
2025-06-21 15:00:00+00:00;848072.164;19.703
2025-06-21 16:00:00+00:00;886430.865;20.07595
2025-06-21 17:00:00+00:00;891469.811;18.52385
2025-06-21 18:00:00+00:00;854953.004;17.5285
2025-06-21 19:00:00+00:00;1073495.656;16.981
2025-06-21 20:00:00+00:00;1064915.741;15.26695
2025-06-21 21:00:00+00:00;912383.823;13.168450000000002
2025-06-21 22:00:00+00:00;788335.337;11.713
2025-06-21 23:00:00+00:00;710320.544;10.362390000000001
2025-06-22 00:00:00+00:00;658731.468;9.604435
2025-06-22 01:00:00+00:00;628898.858;12.818000000000001
2025-06-22 02:00:00+00:00;604806.91;12.135050000000001
2025-06-22 03:00:00+00:00;588138.85;12.1316
2025-06-22 04:00:00+00:00;558750.462;14.084
2025-06-22 05:00:00+00:00;584402.877;15.4786
2025-06-22 06:00:00+00:00;619264.008;16.119
2025-06-22 07:00:00+00:00;652689.917;16.8612
2025-06-22 08:00:00+00:00;688298.989;17.706
2025-06-22 09:00:00+00:00;694315.234;18.08435
2025-06-22 10:00:00+00:00;704643.764;18.3846
2025-06-22 11:00:00+00:00;697458.138;18.474449999999997
2025-06-22 12:00:00+00:00;698410.328;18.781
2025-06-22 13:00:00+00:00;712993.619;19.479750000000003
2025-06-22 14:00:00+00:00;740297.304;20.6853
2025-06-22 15:00:00+00:00;795303.758;22.503
2025-06-22 16:00:00+00:00;855269.023;23.604149999999997
2025-06-22 17:00:00+00:00;874983.047;23.783099999999997
2025-06-22 18:00:00+00:00;842301.579;23.552950000000003
2025-06-22 19:00:00+00:00;1054007.543;20.9205
2025-06-22 20:00:00+00:00;1066977.413;17.91245
2025-06-22 21:00:00+00:00;921176.22;15.739099999999999
2025-06-22 22:00:00+00:00;778948.269;13.784200000000002
2025-06-22 23:00:00+00:00;730804.278;12.684349999999998
2025-06-23 00:00:00+00:00;696286.117;11.58285
2025-06-23 01:00:00+00:00;654035.005;14.8095
2025-06-23 02:00:00+00:00;626688.703;13.67775
2025-06-23 03:00:00+00:00;622486.399;12.99725
2025-06-23 04:00:00+00:00;596198.014;15.113949999999999
2025-06-23 05:00:00+00:00;607334.38;16.9591
2025-06-23 06:00:00+00:00;616925.742;17.975
2025-06-23 07:00:00+00:00;633842.575;19.330000000000002
2025-06-23 08:00:00+00:00;659027.776;20.05
2025-06-23 09:00:00+00:00;661532.557;19.776500000000002
2025-06-23 10:00:00+00:00;657245.191;19.6826
2025-06-23 11:00:00+00:00;670900.503;18.50045
2025-06-23 12:00:00+00:00;696729.123;17.919
2025-06-23 13:00:00+00:00;758169.373;17.919
2025-06-23 14:00:00+00:00;806487.041;17.45505
2025-06-23 15:00:00+00:00;872809.043;16.565800000000003
2025-06-23 16:00:00+00:00;956245.103;15.53725
2025-06-23 17:00:00+00:00;989449.899;14.731
2025-06-23 18:00:00+00:00;940345.062;14.410300000000001
2025-06-23 19:00:00+00:00;1132754.672;13.662
2025-06-23 20:00:00+00:00;1107073.441;13.662
2025-06-23 21:00:00+00:00;941625.297;13.08425
2025-06-23 22:00:00+00:00;766314.004;12.625
2025-06-23 23:00:00+00:00;690318.796;12.625
2025-06-24 00:00:00+00:00;636667.119;12.625
2025-06-24 01:00:00+00:00;622050.894;12.45665
2025-06-24 02:00:00+00:00;603712.62;12.144
2025-06-24 03:00:00+00:00;616025.994;12.144
2025-06-24 04:00:00+00:00;607185.873;12.144
2025-06-24 05:00:00+00:00;635098.826;12.144
2025-06-24 06:00:00+00:00;655279.298;12.52445
2025-06-24 07:00:00+00:00;683012.344;13.231
2025-06-24 08:00:00+00:00;709737.714;14.217099999999999
2025-06-24 09:00:00+00:00;715171.438;14.735649999999998
2025-06-24 10:00:00+00:00;724740.7;16.13745
2025-06-24 11:00:00+00:00;733694.757;15.6427
2025-06-24 12:00:00+00:00;769618.135;16.394
2025-06-24 13:00:00+00:00;826290.742;16.394
2025-06-24 14:00:00+00:00;871142.026;16.555249999999997
2025-06-24 15:00:00+00:00;934623.676;17.674550000000004
2025-06-24 16:00:00+00:00;1010349.337;20.01905
2025-06-24 17:00:00+00:00;1029646.406;19.26755
2025-06-24 18:00:00+00:00;968497.17;17.412300000000002
2025-06-24 19:00:00+00:00;1156108.516;16.0785
2025-06-24 20:00:00+00:00;1136868.265;15.156
2025-06-24 21:00:00+00:00;959188.448;15.063400000000001
2025-06-24 22:00:00+00:00;804153.297;14.056000000000001
2025-06-24 23:00:00+00:00;730634.727;14.056000000000001
2025-06-25 00:00:00+00:00;679697.085;13.226400000000002
2025-06-25 01:00:00+00:00;650519.333;12.977350000000001
2025-06-25 02:00:00+00:00;628434.807;12.9
2025-06-25 03:00:00+00:00;640856.72;12.5129
2025-06-25 04:00:00+00:00;626174.13;11.794
2025-06-25 05:00:00+00:00;648220.78;11.794
2025-06-25 06:00:00+00:00;662281.11;11.794
2025-06-25 07:00:00+00:00;676886.265;11.794
2025-06-25 08:00:00+00:00;692751.455;11.1115
2025-06-25 09:00:00+00:00;689335.653;10.744
2025-06-25 10:00:00+00:00;677895.83;10.744
2025-06-25 11:00:00+00:00;686804.624;10.744
2025-06-25 12:00:00+00:00;713429.877;10.744
2025-06-25 13:00:00+00:00;762355.458;10.744
2025-06-25 14:00:00+00:00;807659.338;10.744
2025-06-25 15:00:00+00:00;859938.769;9.722559999999998
2025-06-25 16:00:00+00:00;943985.455;9.6688
2025-06-25 17:00:00+00:00;990873.931;9.6688
2025-06-25 18:00:00+00:00;957240.295;9.6688
2025-06-25 19:00:00+00:00;1164634.749;9.6688
2025-06-25 20:00:00+00:00;1151934.571;9.6688
2025-06-25 21:00:00+00:00;1000936.902;9.6688
2025-06-25 22:00:00+00:00;853011.766;9.6688
2025-06-25 23:00:00+00:00;752539.879;8.6312
2025-06-26 00:00:00+00:00;684030.728;8.6312
2025-06-26 01:00:00+00:00;652667.359;8.288126315789475
2025-06-26 02:00:00+00:00;643365.461;7.700000000000001
2025-06-26 03:00:00+00:00;657071.707;8.7128
2025-06-26 04:00:00+00:00;631574.105;10.332373684210527
2025-06-26 05:00:00+00:00;643316.064;11.49335
2025-06-26 06:00:00+00:00;643768.456;11.953047619047618
2025-06-26 07:00:00+00:00;641673.468;13.062684210526315
2025-06-26 08:00:00+00:00;644100.37;14.019
2025-06-26 09:00:00+00:00;633541.104;14.217857142857142
2025-06-26 10:00:00+00:00;624501.461;15.063
2025-06-26 11:00:00+00:00;616624.224;15.394952380952382
2025-06-26 12:00:00+00:00;631542.745;16.088
2025-06-26 13:00:00+00:00;668267.713;16.56421052631579
2025-06-26 14:00:00+00:00;701620.367;18.05055
2025-06-26 15:00:00+00:00;728009.486;20.406761904761908
2025-06-26 16:00:00+00:00;783585.713;22.270157894736844
2025-06-26 17:00:00+00:00;832251.943;22.441750000000003
2025-06-26 18:00:00+00:00;836291.379;21.91435
2025-06-26 19:00:00+00:00;1066376.898;20.56775
2025-06-26 20:00:00+00:00;1075385.672;17.43805
2025-06-26 21:00:00+00:00;963580.096;14.93775
2025-06-26 22:00:00+00:00;786058.516;13.2456
2025-06-26 23:00:00+00:00;705851.661;12.065700000000001
2025-06-27 00:00:00+00:00;642721.206;11.694
2025-06-27 01:00:00+00:00;609756.053;11.75525
2025-06-27 02:00:00+00:00;600096.014;12.055
2025-06-27 03:00:00+00:00;605838.301;13.491
2025-06-27 04:00:00+00:00;583935.613;14.748149999999999
2025-06-27 05:00:00+00:00;593117.412;15.056000000000001
2025-06-27 06:00:00+00:00;593901.601;16.2285
2025-06-27 07:00:00+00:00;593172.234;17.181
2025-06-27 08:00:00+00:00;603242.607;17.636850000000003
2025-06-27 09:00:00+00:00;600990.405;18.194
2025-06-27 10:00:00+00:00;596131.705;18.869
2025-06-27 11:00:00+00:00;597136.905;19.319
2025-06-27 12:00:00+00:00;616524.79;20.223049999999997
2025-06-27 13:00:00+00:00;658893.387;22.2626
2025-06-27 14:00:00+00:00;699339.716;25.884800000000002
2025-06-27 15:00:00+00:00;755130.755;27.1898
2025-06-27 16:00:00+00:00;818409.258;26.837649999999996
2025-06-27 17:00:00+00:00;841182.196;27.329
2025-06-27 18:00:00+00:00;832942.669;26.138150000000003
2025-06-27 19:00:00+00:00;1061625.307;23.120150000000002
2025-06-27 20:00:00+00:00;1056636.887;19.3013
2025-06-27 21:00:00+00:00;889960.356;16.5342
2025-06-27 22:00:00+00:00;756912.596;15.293299999999999
2025-06-27 23:00:00+00:00;686458.946;14.631
2025-06-28 00:00:00+00:00;627229.026;13.4124
2025-06-28 01:00:00+00:00;580136.271;13.09315
2025-06-28 02:00:00+00:00;550559.357;14.7329
2025-06-28 03:00:00+00:00;549832.926;14.523900000000001
2025-06-28 04:00:00+00:00;548800.843;16.3675
2025-06-28 05:00:00+00:00;603330.531;17.667099999999998
2025-06-28 06:00:00+00:00;648193.084;19.609
2025-06-28 07:00:00+00:00;680854.404;20.701600000000003
2025-06-28 08:00:00+00:00;702721.479;21.931
2025-06-28 09:00:00+00:00;690829.952;23.3507
2025-06-28 10:00:00+00:00;679346.971;22.54855
2025-06-28 11:00:00+00:00;683973.456;21.885399999999997
2025-06-28 12:00:00+00:00;695385.14;19.9279
2025-06-28 13:00:00+00:00;726042.882;18.281
2025-06-28 14:00:00+00:00;775681.806;18.281
2025-06-28 15:00:00+00:00;849659.219;19.18455
2025-06-28 16:00:00+00:00;900897.793;19.07975
2025-06-28 17:00:00+00:00;904007.331;18.234199999999998
2025-06-28 18:00:00+00:00;852347.404;17.231
2025-06-28 19:00:00+00:00;1054948.607;16.870150000000002
2025-06-28 20:00:00+00:00;1056493.458;15.9221
2025-06-28 21:00:00+00:00;886869.551;15.0412
2025-06-28 22:00:00+00:00;725112.329;14.068999999999999
2025-06-28 23:00:00+00:00;641013.667;14.068999999999999
2025-06-29 00:00:00+00:00;583530.444;14.068999999999999
2025-06-29 01:00:00+00:00;550427.123;13.06065
2025-06-29 02:00:00+00:00;534079.021;13.138
2025-06-29 03:00:00+00:00;534780.511;13.138
2025-06-29 04:00:00+00:00;527508.376;13.138
2025-06-29 05:00:00+00:00;578808.42;13.138
2025-06-29 06:00:00+00:00;638321.743;13.138
2025-06-29 07:00:00+00:00;685937.171;13.138
2025-06-29 08:00:00+00:00;722910.171;13.138
2025-06-29 09:00:00+00:00;729789.049;14.12885
2025-06-29 10:00:00+00:00;735790.674;15.681049999999999
2025-06-29 11:00:00+00:00;772150.339;16.52675
2025-06-29 12:00:00+00:00;791585.866;16.3548
2025-06-29 13:00:00+00:00;785566.785;16.22715
2025-06-29 14:00:00+00:00;799280.754;16.597050000000003
2025-06-29 15:00:00+00:00;852571.167;15.627099999999999
2025-06-29 16:00:00+00:00;910053.407;16.281
2025-06-29 17:00:00+00:00;927963.981;16.1226
2025-06-29 18:00:00+00:00;882384.228;15.225
2025-06-29 19:00:00+00:00;1082789.397;15.225
2025-06-29 20:00:00+00:00;1076240.223;14.913900000000002
2025-06-29 21:00:00+00:00;911249.67;14.187999999999999
2025-06-29 22:00:00+00:00;755580.335;14.187999999999999
2025-06-29 23:00:00+00:00;672275.288;14.187999999999999
2025-06-30 00:00:00+00:00;622250.211;13.74785
2025-06-30 01:00:00+00:00;584593.313;13.0876
2025-06-30 02:00:00+00:00;569357.943;12.994
2025-06-30 03:00:00+00:00;583193.821;12.994
2025-06-30 04:00:00+00:00;568219.542;13.506499999999999
2025-06-30 05:00:00+00:00;591134.446;15.181899999999999
2025-06-30 06:00:00+00:00;605985.945;16.144
2025-06-30 07:00:00+00:00;618900.054;16.8022
2025-06-30 08:00:00+00:00;633485.881;17.2
2025-06-30 09:00:00+00:00;628957.586;17.2
2025-06-30 10:00:00+00:00;617288.571;17.725
2025-06-30 11:00:00+00:00;611750.603;19.275
2025-06-30 12:00:00+00:00;637175.732;19.275
2025-06-30 13:00:00+00:00;678022.586;19.84315
2025-06-30 14:00:00+00:00;705944.14;20.356
2025-06-30 15:00:00+00:00;747178.118;21.093700000000002
2025-06-30 16:00:00+00:00;811994.428;22.45
2025-06-30 17:00:00+00:00;860115.474;23.240099999999998
2025-06-30 18:00:00+00:00;844236.075;21.5203
2025-06-30 19:00:00+00:00;1060861.241;20.868000000000002
2025-06-30 20:00:00+00:00;1049147.613;18.453300000000002
2025-06-30 21:00:00+00:00;872925.686;16.917099999999998
2025-06-30 22:00:00+00:00;733902.779;15.53245
2025-06-30 23:00:00+00:00;669985.905;14.778299999999998
2025-07-01 00:00:00+00:00;600832.858;14.088
2025-07-01 01:00:00+00:00;561106.37;16.815350000000002
2025-07-01 02:00:00+00:00;546191.847;14.93425
2025-07-01 03:00:00+00:00;558789.038;14.05
2025-07-01 04:00:00+00:00;543936.895;14.461350000000001
2025-07-01 05:00:00+00:00;560683.743;15.062999999999999
2025-07-01 06:00:00+00:00;568459.309;16.131
2025-07-01 07:00:00+00:00;576224.725;17.0899
2025-07-01 08:00:00+00:00;582899.663;18.170450000000002
2025-07-01 09:00:00+00:00;573781.549;18.231
2025-07-01 10:00:00+00:00;563365.16;18.231
2025-07-01 11:00:00+00:00;562034.016;18.395100000000003
2025-07-01 12:00:00+00:00;581831.145;19.325
2025-07-01 13:00:00+00:00;623687.01;20.01525
2025-07-01 14:00:00+00:00;650062.844;21.391199999999998
2025-07-01 15:00:00+00:00;676816.493;24.147150000000003
2025-07-01 16:00:00+00:00;729458.03;25.0298
2025-07-01 17:00:00+00:00;771402.51;22.9279
2025-07-01 18:00:00+00:00;768773.59;21.257399999999997
2025-07-01 19:00:00+00:00;986419.684;21.2177
2025-07-01 20:00:00+00:00;977564.844;19.157600000000002
2025-07-01 21:00:00+00:00;843943.916;17.0476
2025-07-01 22:00:00+00:00;688506.569;16.194
2025-07-01 23:00:00+00:00;600143.334;15.92525
2025-07-02 00:00:00+00:00;535233.112;15.119
2025-07-02 01:00:00+00:00;507357.075;15.1561
2025-07-02 02:00:00+00:00;510120.185;15.225
2025-07-02 03:00:00+00:00;512954.387;15.225
2025-07-02 04:00:00+00:00;503282.937;15.329399999999998
2025-07-02 05:00:00+00:00;524349.252;16.88365
2025-07-02 06:00:00+00:00;532703.383;18.54955
2025-07-02 07:00:00+00:00;539960.611;19.431
2025-07-02 08:00:00+00:00;552586.436;20.4036
2025-07-02 09:00:00+00:00;561204.123;19.73855
2025-07-02 10:00:00+00:00;561886.29;19.82485
2025-07-02 11:00:00+00:00;564021.283;19.2248
2025-07-02 12:00:00+00:00;582073.94;18.269
2025-07-02 13:00:00+00:00;621228.46;18.269
2025-07-02 14:00:00+00:00;650377.315;19.35725
2025-07-02 15:00:00+00:00;699810.867;20.697049999999997
2025-07-02 16:00:00+00:00;761576.092;21.81925
2025-07-02 17:00:00+00:00;798332.957;21.3292
2025-07-02 18:00:00+00:00;782616.282;21.2806
2025-07-02 19:00:00+00:00;992422.103;19.842499999999998
2025-07-02 20:00:00+00:00;973755.364;17.3002
2025-07-02 21:00:00+00:00;811224.707;16.3274
2025-07-02 22:00:00+00:00;691049.697;15.381
2025-07-02 23:00:00+00:00;605836.499;14.4783
2025-07-03 00:00:00+00:00;548028.972;14.017199999999999
2025-07-03 01:00:00+00:00;502371.049;16.119549999999997
2025-07-03 02:00:00+00:00;496798.366;15.01935
2025-07-03 03:00:00+00:00;518286.368;14.225
2025-07-03 04:00:00+00:00;510335.183;14.833599999999999
2025-07-03 05:00:00+00:00;540237.035;14.5667
2025-07-03 06:00:00+00:00;565358.979;15.804649999999999
2025-07-03 07:00:00+00:00;588680.337;16.53535
2025-07-03 08:00:00+00:00;618748.567;17.7903
2025-07-03 09:00:00+00:00;626034.865;18.8145
2025-07-03 10:00:00+00:00;629895.761;18.563
2025-07-03 11:00:00+00:00;648204.797;18.563
2025-07-03 12:00:00+00:00;672059.893;18.563
2025-07-03 13:00:00+00:00;708585.634;17.7845
2025-07-03 14:00:00+00:00;738859.517;17.525
2025-07-03 15:00:00+00:00;785561.068;17.525
2025-07-03 16:00:00+00:00;850832.854;17.525
2025-07-03 17:00:00+00:00;880396.595;16.87555
2025-07-03 18:00:00+00:00;851290.878;15.87055
2025-07-03 19:00:00+00:00;1060899.523;14.6892
2025-07-03 20:00:00+00:00;1045104.012;14.3
2025-07-03 21:00:00+00:00;862106.041;14.1969
2025-07-03 22:00:00+00:00;720944.657;13.269
2025-07-03 23:00:00+00:00;658343.736;13.269
2025-07-04 00:00:00+00:00;605566.645;12.213
2025-07-04 01:00:00+00:00;568430.354;12.0247
2025-07-04 02:00:00+00:00;546957.169;11.675
2025-07-04 03:00:00+00:00;561252.294;11.675
2025-07-04 04:00:00+00:00;556493.56;11.5897
2025-07-04 05:00:00+00:00;593718.94;10.6
2025-07-04 06:00:00+00:00;622528.061;10.6
2025-07-04 07:00:00+00:00;644094.873;10.6
2025-07-04 08:00:00+00:00;667495.656;10.6
2025-07-04 09:00:00+00:00;670094.065;10.6
2025-07-04 10:00:00+00:00;660713.626;10.6
2025-07-04 11:00:00+00:00;666734.213;9.865
2025-07-04 12:00:00+00:00;682830.135;9.55
2025-07-04 13:00:00+00:00;713582.746;9.55
2025-07-04 14:00:00+00:00;742063.264;10.51805
2025-07-04 15:00:00+00:00;794837.167;10.569
2025-07-04 16:00:00+00:00;856034.793;10.7843
2025-07-04 17:00:00+00:00;885737.223;16.06385
2025-07-04 18:00:00+00:00;867517.221;12.9755
2025-07-04 19:00:00+00:00;1090767.88;11.8577
2025-07-04 20:00:00+00:00;1090611.136;11.31225
2025-07-04 21:00:00+00:00;930783.777;9.713395
2025-07-04 22:00:00+00:00;791632.645;8.4063
2025-07-04 23:00:00+00:00;717810.915;7.34473
2025-07-05 00:00:00+00:00;669034.275;6.6713
2025-07-05 01:00:00+00:00;629992.184;8.900865
2025-07-05 02:00:00+00:00;607671.798;9.9438
2025-07-05 03:00:00+00:00;587063.399;9.6636
2025-07-05 04:00:00+00:00;564102.03;11.602450000000001
2025-07-05 05:00:00+00:00;599770.648;12.675
2025-07-05 06:00:00+00:00;633995.609;12.728750000000002
2025-07-05 07:00:00+00:00;654151.489;13.75
2025-07-05 08:00:00+00:00;666492.137;15.5431
2025-07-05 09:00:00+00:00;658842.359;15.056000000000001
2025-07-05 10:00:00+00:00;647948.694;15.91875
2025-07-05 11:00:00+00:00;641127.102;15.863800000000001
2025-07-05 12:00:00+00:00;652340.835;16.4739
2025-07-05 13:00:00+00:00;689647.622;18.6764
2025-07-05 14:00:00+00:00;748274.198;20.2932
2025-07-05 15:00:00+00:00;822173.226;23.8341
2025-07-05 16:00:00+00:00;866161.546;26.2452
2025-07-05 17:00:00+00:00;859974.852;26.617250000000002
2025-07-05 18:00:00+00:00;819227.93;25.884149999999998
2025-07-05 19:00:00+00:00;1036392.08;22.578
2025-07-05 20:00:00+00:00;1038370.343;17.2183
2025-07-05 21:00:00+00:00;885997.332;14.824449999999999
2025-07-05 22:00:00+00:00;750501.843;13.65095
2025-07-05 23:00:00+00:00;680965.595;12.269
2025-07-06 00:00:00+00:00;628486.612;11.169
2025-07-06 01:00:00+00:00;594451.532;13.7738
2025-07-06 02:00:00+00:00;560343.178;13.51785
2025-07-06 03:00:00+00:00;540923.592;13.075700000000001
2025-07-06 04:00:00+00:00;527689.409;14.2755
2025-07-06 05:00:00+00:00;571371.644;15.6005
2025-07-06 06:00:00+00:00;623643.553;16.919
2025-07-06 07:00:00+00:00;670364.644;17.9349
2025-07-06 08:00:00+00:00;703408.399;19.044
2025-07-06 09:00:00+00:00;708521.078;20.00635
2025-07-06 10:00:00+00:00;705091.085;20.427699999999998
2025-07-06 11:00:00+00:00;703830.597;20.41095
2025-07-06 12:00:00+00:00;706543.609;21.327
2025-07-06 13:00:00+00:00;729701.895;23.1238
2025-07-06 14:00:00+00:00;767894.628;24.5325
2025-07-06 15:00:00+00:00;833555.125;28.46785
2025-07-06 16:00:00+00:00;900471.043;29.275
2025-07-06 17:00:00+00:00;915835.38;28.3394
2025-07-06 18:00:00+00:00;882220.386;26.3872
2025-07-06 19:00:00+00:00;1083196.251;24.53655
2025-07-06 20:00:00+00:00;1069469.303;19.62265
2025-07-06 21:00:00+00:00;913367.969;16.84985
2025-07-06 22:00:00+00:00;741472.814;14.94275
2025-07-06 23:00:00+00:00;650956.983;13.818999999999999
2025-07-07 00:00:00+00:00;593451.061;12.8272
2025-07-07 01:00:00+00:00;562179.616;15.89915
2025-07-07 02:00:00+00:00;544599.985;15.78825
2025-07-07 03:00:00+00:00;550283.313;15.090549999999999
2025-07-07 04:00:00+00:00;541386.779;17.21395
2025-07-07 05:00:00+00:00;570542.804;18.9035
2025-07-07 06:00:00+00:00;593748.444;19.8812
2025-07-07 07:00:00+00:00;612105.055;20.38195
2025-07-07 08:00:00+00:00;632050.788;19.9728
2025-07-07 09:00:00+00:00;632155.955;18.8568
2025-07-07 10:00:00+00:00;621364.144;16.3936
2025-07-07 11:00:00+00:00;613439.829;15.8357
2025-07-07 12:00:00+00:00;635786.751;13.85645
2025-07-07 13:00:00+00:00;670818.923;12.169799999999999
2025-07-07 14:00:00+00:00;696186.363;11.956
2025-07-07 15:00:00+00:00;736512.389;11.956
2025-07-07 16:00:00+00:00;800789.458;11.956
2025-07-07 17:00:00+00:00;834654.769;11.956
2025-07-07 18:00:00+00:00;813221.712;11.956
2025-07-07 19:00:00+00:00;1022920.044;11.956
2025-07-07 20:00:00+00:00;1010687.646;11.521199999999999
2025-07-07 21:00:00+00:00;848928.856;10.869
2025-07-07 22:00:00+00:00;704401.64;10.869
2025-07-07 23:00:00+00:00;654232.48;9.951899999999998
2025-07-08 00:00:00+00:00;600347.891;9.135
2025-07-08 01:00:00+00:00;577270.557;11.431315000000001
2025-07-08 02:00:00+00:00;562491.303;11.499
2025-07-08 03:00:00+00:00;558788.247;11.2267
2025-07-08 04:00:00+00:00;544418.614;12.299299999999999
2025-07-08 05:00:00+00:00;573446.45;13.654399999999999
2025-07-08 06:00:00+00:00;603945.244;14.826500000000001
2025-07-08 07:00:00+00:00;632124.094;15.50095
2025-07-08 08:00:00+00:00;660450.717;17.1786
2025-07-08 09:00:00+00:00;666569.182;17.406
2025-07-08 10:00:00+00:00;656909.891;17.406
2025-07-08 11:00:00+00:00;656383.374;17.406
2025-07-08 12:00:00+00:00;671305.081;17.406
2025-07-08 13:00:00+00:00;704105.735;18.02695
2025-07-08 14:00:00+00:00;725599.399;17.962200000000003
2025-07-08 15:00:00+00:00;761103.918;18.025399999999998
2025-07-08 16:00:00+00:00;819953.223;16.9645
2025-07-08 17:00:00+00:00;852798.911;17.4429
2025-07-08 18:00:00+00:00;838878.044;15.683150000000001
2025-07-08 19:00:00+00:00;1056920.074;15.094149999999999
2025-07-08 20:00:00+00:00;1053532.984;14.13815
2025-07-08 21:00:00+00:00;900485.965;13.169
2025-07-08 22:00:00+00:00;789481.382;12.1736
2025-07-08 23:00:00+00:00;706914.305;11.04365
2025-07-09 00:00:00+00:00;667762.313;11.006
2025-07-09 01:00:00+00:00;620813.092;11.032250000000001
2025-07-09 02:00:00+00:00;593250.144;11.081
2025-07-09 03:00:00+00:00;588593.443;11.3623
2025-07-09 04:00:00+00:00;558310.611;12.4405
2025-07-09 05:00:00+00:00;574852.345;13.799199999999999
2025-07-09 06:00:00+00:00;583994.622;14.244
2025-07-09 07:00:00+00:00;587820.065;14.674000000000001
2025-07-09 08:00:00+00:00;592750.199;15.318999999999999
2025-07-09 09:00:00+00:00;581050.097;16.02555
2025-07-09 10:00:00+00:00;571359.056;16.7156
2025-07-09 11:00:00+00:00;577349.729;17.438
2025-07-09 12:00:00+00:00;606444.17;17.544199999999996
2025-07-09 13:00:00+00:00;634047.657;18.764000000000003
2025-07-09 14:00:00+00:00;656647.554;20.423
2025-07-09 15:00:00+00:00;694965.693;22.3731
2025-07-09 16:00:00+00:00;752744.457;24.34255
2025-07-09 17:00:00+00:00;794719.03;25.59365
2025-07-09 18:00:00+00:00;784568.446;24.71145
2025-07-09 19:00:00+00:00;1008175.189;21.76395
2025-07-09 20:00:00+00:00;1000053.85;18.072
2025-07-09 21:00:00+00:00;851191.387;16.2288
2025-07-09 22:00:00+00:00;707284.586;14.7048
2025-07-09 23:00:00+00:00;640696.765;13.8315
2025-07-10 00:00:00+00:00;613532.138;13.275
2025-07-10 01:00:00+00:00;578394.438;13.565549999999998
2025-07-10 02:00:00+00:00;550215.864;14.7623
2025-07-10 03:00:00+00:00;549000.407;14.698249999999998
2025-07-10 04:00:00+00:00;525299.588;16.0752
2025-07-10 05:00:00+00:00;543441.69;17.2638
2025-07-10 06:00:00+00:00;555841.023;18.48425
2025-07-10 07:00:00+00:00;563555.425;19.3824
2025-07-10 08:00:00+00:00;576166.548;19.8
2025-07-10 09:00:00+00:00;572841.226;20.6543
2025-07-10 10:00:00+00:00;568741.515;21.199399999999997
2025-07-10 11:00:00+00:00;573769.46;21.912
2025-07-10 12:00:00+00:00;589150.246;23.35415
2025-07-10 13:00:00+00:00;613613.678;24.877000000000002
2025-07-10 14:00:00+00:00;631971.709;27.5557
2025-07-10 15:00:00+00:00;666077.891;28.694200000000002
2025-07-10 16:00:00+00:00;727199.787;30.78145
2025-07-10 17:00:00+00:00;773008.224;31.12565
2025-07-10 18:00:00+00:00;772044.673;30.57525
2025-07-10 19:00:00+00:00;1000953.497;25.8456
2025-07-10 20:00:00+00:00;1008494.238;21.7793
2025-07-10 21:00:00+00:00;832527.11;19.95785
2025-07-10 22:00:00+00:00;681241.474;18.3051
2025-07-10 23:00:00+00:00;621647.215;17.0198
2025-07-11 00:00:00+00:00;583284.864;16.606
2025-07-11 01:00:00+00:00;567550.82;17.1427
2025-07-11 02:00:00+00:00;539943.775;17.1416
2025-07-11 03:00:00+00:00;530032.732;17.7605
2025-07-11 04:00:00+00:00;510806.271;18.90545
2025-07-11 05:00:00+00:00;543902.728;20.21275
2025-07-11 06:00:00+00:00;569979.324;21.693199999999997
2025-07-11 07:00:00+00:00;595988.186;22.8424
2025-07-11 08:00:00+00:00;624181.639;23.4467
2025-07-11 09:00:00+00:00;633052.959;25.16715
2025-07-11 10:00:00+00:00;630437.355;25.238
2025-07-11 11:00:00+00:00;628019.052;25.7132
2025-07-11 12:00:00+00:00;637847.779;26.825
2025-07-11 13:00:00+00:00;660836.832;27.356
2025-07-11 14:00:00+00:00;683586.671;27.1524
2025-07-11 15:00:00+00:00;726522.864;26.179450000000003
2025-07-11 16:00:00+00:00;779571.602;25.281
2025-07-11 17:00:00+00:00;805632.574;26.04275
2025-07-11 18:00:00+00:00;787849.734;28.592000000000002
2025-07-11 19:00:00+00:00;1010298.485;24.668699999999998
2025-07-11 20:00:00+00:00;1007460.296;20.7653
2025-07-11 21:00:00+00:00;829926.375;18.89805
2025-07-11 22:00:00+00:00;678321.523;17.52775
2025-07-11 23:00:00+00:00;595821.453;16.0342
2025-07-12 00:00:00+00:00;555055.25;15.200899999999999
2025-07-12 01:00:00+00:00;519479.728;16.4599
2025-07-12 02:00:00+00:00;491799.393;17.155549999999998
2025-07-12 03:00:00+00:00;474115.543;17.3304
2025-07-12 04:00:00+00:00;470484.709;18.76635
2025-07-12 05:00:00+00:00;518696.777;20.2652
2025-07-12 06:00:00+00:00;563617.982;21.586750000000002
2025-07-12 07:00:00+00:00;590314.252;22.243299999999998
2025-07-12 08:00:00+00:00;605662.799;23.0
2025-07-12 09:00:00+00:00;603456.804;23.975150000000003
2025-07-12 10:00:00+00:00;602051.775;25.07125
2025-07-12 11:00:00+00:00;606668.574;25.5302
2025-07-12 12:00:00+00:00;612430.306;26.138
2025-07-12 13:00:00+00:00;642435.469;
2025-07-12 14:00:00+00:00;680519.899;
2025-07-12 15:00:00+00:00;725402.515;
2025-07-12 16:00:00+00:00;752978.85;
2025-07-12 17:00:00+00:00;756014.39;
2025-07-12 18:00:00+00:00;735301.125;33.33278571428571
2025-07-12 19:00:00+00:00;961426.74;28.868450000000003
2025-07-12 20:00:00+00:00;962766.242;24.19425
2025-07-12 21:00:00+00:00;807678.6;22.0747
2025-07-12 22:00:00+00:00;678629.343;19.6814
2025-07-12 23:00:00+00:00;577724.765;19.094
2025-07-13 00:00:00+00:00;505933.184;18.84075
2025-07-13 01:00:00+00:00;459683.677;19.533549999999998
2025-07-13 02:00:00+00:00;435317.958;19.8363
2025-07-13 03:00:00+00:00;430915.553;19.5956
2025-07-13 04:00:00+00:00;430554.441;21.0129
2025-07-13 05:00:00+00:00;480194.041;22.7174
2025-07-13 06:00:00+00:00;535841.935;24.4178
2025-07-13 07:00:00+00:00;582758.937;25.519
2025-07-13 08:00:00+00:00;621538.44;26.4523
2025-07-13 09:00:00+00:00;632979.888;26.71635
2025-07-13 10:00:00+00:00;638614.015;27.625
2025-07-13 11:00:00+00:00;644439.611;28.32765
2025-07-13 12:00:00+00:00;641961.523;29.056
2025-07-13 13:00:00+00:00;659882.767;31.4238
2025-07-13 14:00:00+00:00;685474.443;33.58755
2025-07-13 15:00:00+00:00;724982.707;36.4638
2025-07-13 16:00:00+00:00;775696.464;38.42305
2025-07-13 17:00:00+00:00;809283.251;35.8032
2025-07-13 18:00:00+00:00;798360.229;34.84735
2025-07-13 19:00:00+00:00;1008878.777;31.01875
2025-07-13 20:00:00+00:00;987460.031;26.09945
2025-07-13 21:00:00+00:00;806593.708;24.2264
2025-07-13 22:00:00+00:00;670437.324;22.74125
2025-07-13 23:00:00+00:00;581047.114;21.3493
2025-07-14 00:00:00+00:00;511628.656;20.55
2025-07-14 01:00:00+00:00;476939.694;20.854599999999998
2025-07-14 02:00:00+00:00;470789.254;21.3959
2025-07-14 03:00:00+00:00;474099.179;21.8072
2025-07-14 04:00:00+00:00;475653.332;23.6435
2025-07-14 05:00:00+00:00;513041.024;24.46535
2025-07-14 06:00:00+00:00;544348.781;25.465799999999998
2025-07-14 07:00:00+00:00;569783.555;26.926350000000003
2025-07-14 08:00:00+00:00;596440.553;28.1081
2025-07-14 09:00:00+00:00;607546.165;28.581
2025-07-14 10:00:00+00:00;606515.294;29.34525
2025-07-14 11:00:00+00:00;610574.592;29.6
2025-07-14 12:00:00+00:00;630227.305;30.439999999999998
2025-07-14 13:00:00+00:00;665874.082;31.224199999999996
2025-07-14 14:00:00+00:00;693117.402;32.9089
2025-07-14 15:00:00+00:00;717080.034;35.277249999999995
2025-07-14 16:00:00+00:00;763724.412;37.016000000000005
2025-07-14 17:00:00+00:00;798210.052;37.12315789473684
2025-07-14 18:00:00+00:00;788558.167;36.3437
2025-07-14 19:00:00+00:00;998453.223;32.08365
2025-07-14 20:00:00+00:00;968729.591;28.0373
2025-07-14 21:00:00+00:00;806836.559;26.1533
2025-07-14 22:00:00+00:00;642705.181;24.42655
2025-07-14 23:00:00+00:00;555762.061;22.8675
2025-07-15 00:00:00+00:00;499465.48;21.7132
2025-07-15 01:00:00+00:00;468104.234;22.29535
2025-07-15 02:00:00+00:00;468250.693;22.815800000000003
2025-07-15 03:00:00+00:00;470947.526;22.503
2025-07-15 04:00:00+00:00;475528.357;24.19565
2025-07-15 05:00:00+00:00;509181.105;25.4751
2025-07-15 06:00:00+00:00;535966.555;26.63455
2025-07-15 07:00:00+00:00;556551.398;28.014249999999997
2025-07-15 08:00:00+00:00;577958.807;28.269
2025-07-15 09:00:00+00:00;583576.223;28.269
2025-07-15 10:00:00+00:00;583654.402;28.269
2025-07-15 11:00:00+00:00;591582.753;29.129
2025-07-15 12:00:00+00:00;615608.844;29.344
2025-07-15 13:00:00+00:00;652884.098;30.5605
2025-07-15 14:00:00+00:00;677847.298;32.0852
2025-07-15 15:00:00+00:00;708702.668;34.1137
2025-07-15 16:00:00+00:00;749045.214;35.00875
2025-07-15 17:00:00+00:00;784129.856;34.79745
2025-07-15 18:00:00+00:00;785581.643;33.677499999999995
2025-07-15 19:00:00+00:00;1000481.613;30.1312
2025-07-15 20:00:00+00:00;988904.141;27.1244
2025-07-15 21:00:00+00:00;804084.778;25.325
2025-07-15 22:00:00+00:00;670199.501;23.72195
2025-07-15 23:00:00+00:00;596051.583;22.3886
2025-07-16 00:00:00+00:00;531748.167;21.088
2025-07-16 01:00:00+00:00;484152.215;22.12335
2025-07-16 02:00:00+00:00;473342.617;22.037300000000002
2025-07-16 03:00:00+00:00;483028.369;21.713
2025-07-16 04:00:00+00:00;482597.795;21.713
2025-07-16 05:00:00+00:00;512707.364;22.563
2025-07-16 06:00:00+00:00;537399.369;23.33285
2025-07-16 07:00:00+00:00;559997.575;23.907249999999998
2025-07-16 08:00:00+00:00;588030.372;24.825
2025-07-16 09:00:00+00:00;592275.876;24.825
2025-07-16 10:00:00+00:00;588054.085;25.7226
2025-07-16 11:00:00+00:00;593978.529;25.881
2025-07-16 12:00:00+00:00;617047.399;26.367900000000002
2025-07-16 13:00:00+00:00;655583.216;28.2326
2025-07-16 14:00:00+00:00;683044.803;29.69275
2025-07-16 15:00:00+00:00;715119.003;31.94055
2025-07-16 16:00:00+00:00;761570.017;32.12765
2025-07-16 17:00:00+00:00;801644.2;34.05315
2025-07-16 18:00:00+00:00;800783.343;33.70275
2025-07-16 19:00:00+00:00;1013849.295;28.2471
2025-07-16 20:00:00+00:00;999990.184;25.0938
2025-07-16 21:00:00+00:00;819897.786;23.0266
2025-07-16 22:00:00+00:00;663189.378;21.974399999999996
2025-07-16 23:00:00+00:00;585137.621;20.53305
2025-07-17 00:00:00+00:00;542270.046;19.4
2025-07-17 01:00:00+00:00;495624.941;19.7272
2025-07-17 02:00:00+00:00;475864.889;19.2725
2025-07-17 03:00:00+00:00;482185.387;18.825
2025-07-17 04:00:00+00:00;479587.616;19.4328
2025-07-17 05:00:00+00:00;511171.902;20.258000000000003
2025-07-17 06:00:00+00:00;536174.091;21.390900000000002
2025-07-17 07:00:00+00:00;557866.506;21.919
2025-07-17 08:00:00+00:00;581782.98;22.9279
2025-07-17 09:00:00+00:00;586990.19;22.986700000000003
2025-07-17 10:00:00+00:00;586580.647;24.081
2025-07-17 11:00:00+00:00;591316.959;24.081
2025-07-17 12:00:00+00:00;611317.061;25.119
2025-07-17 13:00:00+00:00;645776.025;25.49735
2025-07-17 14:00:00+00:00;668066.559;26.9175
2025-07-17 15:00:00+00:00;694330.044;28.751600000000003
2025-07-17 16:00:00+00:00;738575.382;31.602800000000002
2025-07-17 17:00:00+00:00;780880.051;31.4715
2025-07-17 18:00:00+00:00;789363.736;31.46305
2025-07-17 19:00:00+00:00;1012477.933;26.763650000000002
2025-07-17 20:00:00+00:00;992349.544;22.939
2025-07-17 21:00:00+00:00;821379.534;20.95
2025-07-17 22:00:00+00:00;687672.804;19.39865
2025-07-17 23:00:00+00:00;594712.366;17.874599999999997
2025-07-18 00:00:00+00:00;523233.808;16.731
2025-07-18 01:00:00+00:00;481628.281;17.3427
2025-07-18 02:00:00+00:00;468285.023;17.766550000000002
2025-07-18 03:00:00+00:00;478443.691;18.0873
2025-07-18 04:00:00+00:00;477756.425;20.17635
2025-07-18 05:00:00+00:00;512880.313;21.9769
2025-07-18 06:00:00+00:00;540607.666;23.466
2025-07-18 07:00:00+00:00;564338.362;24.581
2025-07-18 08:00:00+00:00;584638.352;25.2305
2025-07-18 09:00:00+00:00;588181.266;25.982799999999997
2025-07-18 10:00:00+00:00;587838.137;26.838
2025-07-18 11:00:00+00:00;594155.73;26.838
2025-07-18 12:00:00+00:00;610264.478;27.5283
2025-07-18 13:00:00+00:00;636568.915;28.161
2025-07-18 14:00:00+00:00;660848.958;29.215749999999996
2025-07-18 15:00:00+00:00;685590.346;31.57015
2025-07-18 16:00:00+00:00;721948.687;34.36645
2025-07-18 17:00:00+00:00;749414.814;34.130199999999995
2025-07-18 18:00:00+00:00;751743.165;33.981649999999995
2025-07-18 19:00:00+00:00;984594.882;28.550099999999997
2025-07-18 20:00:00+00:00;1000485.432;24.0272
2025-07-18 21:00:00+00:00;834293.878;21.847900000000003
2025-07-18 22:00:00+00:00;661735.668;20.34395
2025-07-18 23:00:00+00:00;573348.306;18.767400000000002
2025-07-19 00:00:00+00:00;514285.12;17.9896
2025-07-19 01:00:00+00:00;477598.735;17.3517
2025-07-19 02:00:00+00:00;455114.733;18.788249999999998
2025-07-19 03:00:00+00:00;454708.505;19.35975
2025-07-19 04:00:00+00:00;458628.641;21.2452
2025-07-19 05:00:00+00:00;506248.707;22.9651
2025-07-19 06:00:00+00:00;549723.751;24.273100000000003
2025-07-19 07:00:00+00:00;582797.865;24.844
2025-07-19 08:00:00+00:00;609543.571;25.2415
2025-07-19 09:00:00+00:00;625209.355;25.600900000000003
2025-07-19 10:00:00+00:00;628206.712;24.875
2025-07-19 11:00:00+00:00;628260.36;24.875
2025-07-19 12:00:00+00:00;629086.867;24.875
2025-07-19 13:00:00+00:00;646341.387;26.3961
2025-07-19 14:00:00+00:00;669856.19;28.11705
2025-07-19 15:00:00+00:00;703755.128;30.51445
2025-07-19 16:00:00+00:00;737667.385;32.249900000000004
2025-07-19 17:00:00+00:00;749556.71;32.18585
2025-07-19 18:00:00+00:00;732558.089;31.955400000000004
2025-07-19 19:00:00+00:00;949354.16;27.6659
2025-07-19 20:00:00+00:00;942215.972;23.6781
2025-07-19 21:00:00+00:00;782315.873;21.301000000000002
2025-07-19 22:00:00+00:00;647443.888;19.875099999999996
2025-07-19 23:00:00+00:00;572756.37;18.8822
2025-07-20 00:00:00+00:00;526829.237;17.81035
2025-07-20 01:00:00+00:00;478836.173;17.980249999999998
2025-07-20 02:00:00+00:00;454497.835;19.01735
2025-07-20 03:00:00+00:00;442801.57;19.24315
2025-07-20 04:00:00+00:00;441193.059;21.1814
2025-07-20 05:00:00+00:00;487572.735;22.433600000000002
2025-07-20 06:00:00+00:00;536419.576;24.20315
2025-07-20 07:00:00+00:00;578576.922;25.488000000000003
2025-07-20 08:00:00+00:00;618017.778;26.45965
2025-07-20 09:00:00+00:00;647328.283;27.15735
2025-07-20 10:00:00+00:00;652847.596;28.2635
2025-07-20 11:00:00+00:00;643864.64;29.231
2025-07-20 12:00:00+00:00;645957.159;30.4755
2025-07-20 13:00:00+00:00;655599.622;32.61935
2025-07-20 14:00:00+00:00;679693.907;33.9935
2025-07-20 15:00:00+00:00;719572.395;37.2414
2025-07-20 16:00:00+00:00;769701.093;39.7538
2025-07-20 17:00:00+00:00;808961.249;38.4599
2025-07-20 18:00:00+00:00;805755.502;36.58945
2025-07-20 19:00:00+00:00;1029656.954;31.60895
2025-07-20 20:00:00+00:00;1019995.613;28.276699999999998
2025-07-20 21:00:00+00:00;843395.113;26.403499999999998
2025-07-20 22:00:00+00:00;663399.582;24.8061
2025-07-20 23:00:00+00:00;565057.737;23.5338
2025-07-21 00:00:00+00:00;502727.586;22.669
2025-07-21 01:00:00+00:00;465175.613;21.7694
2025-07-21 02:00:00+00:00;457574.867;22.00015
2025-07-21 03:00:00+00:00;470127.256;21.481
2025-07-21 04:00:00+00:00;470121.617;22.286
2025-07-21 05:00:00+00:00;503350.41;23.39165
2025-07-21 06:00:00+00:00;529916.535;24.8179
2025-07-21 07:00:00+00:00;553661.446;26.241300000000003
2025-07-21 08:00:00+00:00;587153.0;26.831
2025-07-21 09:00:00+00:00;594103.01;27.8171
2025-07-21 10:00:00+00:00;596119.43;28.0283
2025-07-21 11:00:00+00:00;599858.546;28.931
2025-07-21 12:00:00+00:00;619960.599;30.031
2025-07-21 13:00:00+00:00;658054.341;31.6701
2025-07-21 14:00:00+00:00;677703.499;34.146699999999996
2025-07-21 15:00:00+00:00;699544.46;36.94255
2025-07-21 16:00:00+00:00;743485.612;36.4816
2025-07-21 17:00:00+00:00;783627.48;36.55865
2025-07-21 18:00:00+00:00;784606.517;35.78005
2025-07-21 19:00:00+00:00;996202.38;30.173450000000003
2025-07-21 20:00:00+00:00;968158.785;26.8829
2025-07-21 21:00:00+00:00;802448.544;25.2102
2025-07-21 22:00:00+00:00;638388.958;23.72445
2025-07-21 23:00:00+00:00;586515.236;22.131800000000002
2025-07-22 00:00:00+00:00;527014.536;20.691
2025-07-22 01:00:00+00:00;487880.509;20.319
2025-07-22 02:00:00+00:00;463283.132;21.228450000000002
2025-07-22 03:00:00+00:00;472585.25;21.356
2025-07-22 04:00:00+00:00;471959.764;22.75315
2025-07-22 05:00:00+00:00;506269.959;25.225
2025-07-22 06:00:00+00:00;532651.451;26.3265
2025-07-22 07:00:00+00:00;555152.115;27.586000000000002
2025-07-22 08:00:00+00:00;579345.033;28.5745
2025-07-22 09:00:00+00:00;586651.594;29.475
2025-07-22 10:00:00+00:00;585308.686;29.475
2025-07-22 11:00:00+00:00;601980.149;29.475
2025-07-22 12:00:00+00:00;625695.276;29.897399999999998
2025-07-22 13:00:00+00:00;658866.537;31.0206
2025-07-22 14:00:00+00:00;677792.232;31.9865
2025-07-22 15:00:00+00:00;705527.048;34.52185
2025-07-22 16:00:00+00:00;754855.358;36.128
2025-07-22 17:00:00+00:00;795785.999;36.130700000000004
2025-07-22 18:00:00+00:00;790063.864;35.4419
2025-07-22 19:00:00+00:00;994137.309;29.5688
2025-07-22 20:00:00+00:00;963581.649;25.448349999999998
2025-07-22 21:00:00+00:00;789929.704;23.726599999999998
2025-07-22 22:00:00+00:00;654654.478;22.131899999999998
2025-07-22 23:00:00+00:00;568454.393;20.95855
2025-07-23 00:00:00+00:00;530771.314;19.931
2025-07-23 01:00:00+00:00;492279.808;19.0504
2025-07-23 02:00:00+00:00;466429.691;20.17235
2025-07-23 03:00:00+00:00;469278.859;20.4112
2025-07-23 04:00:00+00:00;468463.349;22.410500000000003
2025-07-23 05:00:00+00:00;502732.465;24.4423
2025-07-23 06:00:00+00:00;532233.104;26.341
2025-07-23 07:00:00+00:00;554639.632;27.777800000000003
2025-07-23 08:00:00+00:00;581390.393;28.4
2025-07-23 09:00:00+00:00;592444.553;28.4
2025-07-23 10:00:00+00:00;595639.528;28.83465
2025-07-23 11:00:00+00:00;605837.644;29.45
2025-07-23 12:00:00+00:00;628534.25;29.9441
2025-07-23 13:00:00+00:00;664919.33;31.28805
2025-07-23 14:00:00+00:00;687617.566;31.96
2025-07-23 15:00:00+00:00;715598.292;31.0608
2025-07-23 16:00:00+00:00;758813.435;33.55995
2025-07-23 17:00:00+00:00;796346.633;35.75215
2025-07-23 18:00:00+00:00;801324.425;33.50255
2025-07-23 19:00:00+00:00;1018064.766;28.0699
2025-07-23 20:00:00+00:00;992798.588;25.915
2025-07-23 21:00:00+00:00;822959.324;24.320500000000003
2025-07-23 22:00:00+00:00;657193.412;22.9595
2025-07-23 23:00:00+00:00;584395.342;21.78765
2025-07-24 00:00:00+00:00;535324.819;21.226
2025-07-24 01:00:00+00:00;489260.663;20.3835
2025-07-24 02:00:00+00:00;463891.417;20.356
2025-07-24 03:00:00+00:00;472425.725;21.53315
2025-07-24 04:00:00+00:00;473850.582;24.3679
2025-07-24 05:00:00+00:00;508449.485;25.669
2025-07-24 06:00:00+00:00;541950.869;26.121699999999997
2025-07-24 07:00:00+00:00;568208.269;27.714299999999998
2025-07-24 08:00:00+00:00;593097.539;28.6852
2025-07-24 09:00:00+00:00;599248.742;29.275850000000002
2025-07-24 10:00:00+00:00;600888.582;28.863
2025-07-24 11:00:00+00:00;609102.314;29.463
2025-07-24 12:00:00+00:00;631904.808;29.863
2025-07-24 13:00:00+00:00;667306.235;30.582
2025-07-24 14:00:00+00:00;687877.46;31.58755
2025-07-24 15:00:00+00:00;707527.136;31.529449999999997
2025-07-24 16:00:00+00:00;747346.59;33.037
2025-07-24 17:00:00+00:00;784745.98;31.899400000000004
2025-07-24 18:00:00+00:00;792442.309;31.3037
2025-07-24 19:00:00+00:00;1017768.963;28.2155
2025-07-24 20:00:00+00:00;1012550.317;26.19625
2025-07-24 21:00:00+00:00;835786.257;24.285400000000003
2025-07-24 22:00:00+00:00;658627.529;23.344
2025-07-24 23:00:00+00:00;587004.28;22.3104
2025-07-25 00:00:00+00:00;539392.298;21.4264
2025-07-25 01:00:00+00:00;503714.109;20.4952
2025-07-25 02:00:00+00:00;480537.125;20.644
2025-07-25 03:00:00+00:00;479955.608;21.828
2025-07-25 04:00:00+00:00;481412.799;23.1602
2025-07-25 05:00:00+00:00;518770.69;24.325499999999998
2025-07-25 06:00:00+00:00;549987.601;25.8046
2025-07-25 07:00:00+00:00;576805.107;26.975
2025-07-25 08:00:00+00:00;608914.44;26.01785
2025-07-25 09:00:00+00:00;619537.648;25.95555
2025-07-25 10:00:00+00:00;624470.332;28.169
2025-07-25 11:00:00+00:00;634849.248;28.746500000000005
2025-07-25 12:00:00+00:00;659081.417;29.219
2025-07-25 13:00:00+00:00;683866.737;29.682949999999998
2025-07-25 14:00:00+00:00;702420.324;30.525
2025-07-25 15:00:00+00:00;724280.334;32.210699999999996
2025-07-25 16:00:00+00:00;757605.525;32.138999999999996
2025-07-25 17:00:00+00:00;779731.674;30.9356
2025-07-25 18:00:00+00:00;779378.834;27.93455
2025-07-25 19:00:00+00:00;1005431.061;26.714499999999997
2025-07-25 20:00:00+00:00;994525.727;25.72475
2025-07-25 21:00:00+00:00;832273.536;24.804499999999997
2025-07-25 22:00:00+00:00;660147.212;23.82725
2025-07-25 23:00:00+00:00;578336.217;22.397
2025-07-26 00:00:00+00:00;546804.635;21.838
2025-07-26 01:00:00+00:00;493405.331;20.97565
2025-07-26 02:00:00+00:00;468914.268;22.332050000000002
2025-07-26 03:00:00+00:00;466059.639;22.169
2025-07-26 04:00:00+00:00;467137.46;23.4678
2025-07-26 05:00:00+00:00;514336.712;24.287
2025-07-26 06:00:00+00:00;562681.681;25.07535
2025-07-26 07:00:00+00:00;603550.222;25.344
2025-07-26 08:00:00+00:00;633897.758;25.344
2025-07-26 09:00:00+00:00;646791.362;25.344
2025-07-26 10:00:00+00:00;646409.496;25.344
2025-07-26 11:00:00+00:00;650015.236;25.344
2025-07-26 12:00:00+00:00;665605.964;25.344
2025-07-26 13:00:00+00:00;683747.037;26.431
2025-07-26 14:00:00+00:00;708056.039;26.749200000000002
2025-07-26 15:00:00+00:00;740903.901;26.481
2025-07-26 16:00:00+00:00;771830.281;26.52445
2025-07-26 17:00:00+00:00;778900.674;25.93535
2025-07-26 18:00:00+00:00;755657.43;24.9
2025-07-26 19:00:00+00:00;965494.845;24.369
2025-07-26 20:00:00+00:00;951551.723;23.4573
2025-07-26 21:00:00+00:00;783667.654;23.356
2025-07-26 22:00:00+00:00;633131.425;23.0206
2025-07-26 23:00:00+00:00;555233.352;22.1858
2025-07-27 00:00:00+00:00;516046.439;21.194
2025-07-27 01:00:00+00:00;489055.644;20.98295
2025-07-27 02:00:00+00:00;469681.94;20.725
2025-07-27 03:00:00+00:00;453091.248;20.725
2025-07-27 04:00:00+00:00;455915.336;21.75195
2025-07-27 05:00:00+00:00;502751.933;22.56785
2025-07-27 06:00:00+00:00;553527.79;23.95
2025-07-27 07:00:00+00:00;598562.217;24.95905
2025-07-27 08:00:00+00:00;635377.773;25.71855
2025-07-27 09:00:00+00:00;650258.729;27.585050000000003
2025-07-27 10:00:00+00:00;651433.13;28.5339
2025-07-27 11:00:00+00:00;677931.818;28.227800000000002
2025-07-27 12:00:00+00:00;692532.541;29.783350000000002
2025-07-27 13:00:00+00:00;698720.489;30.25
2025-07-27 14:00:00+00:00;715992.006;29.147000000000002
2025-07-27 15:00:00+00:00;753150.835;22.04955
2025-07-27 16:00:00+00:00;799610.129;23.100749999999998
2025-07-27 17:00:00+00:00;829859.614;24.53445
2025-07-27 18:00:00+00:00;815531.518;25.426399999999997
2025-07-27 19:00:00+00:00;1021835.763;24.4118
2025-07-27 20:00:00+00:00;1006346.163;23.079349999999998
2025-07-27 21:00:00+00:00;831228.336;22.6285
2025-07-27 22:00:00+00:00;684157.257;21.869
2025-07-27 23:00:00+00:00;601209.651;21.4803
2025-07-28 00:00:00+00:00;543917.696;20.863
2025-07-28 01:00:00+00:00;503001.753;20.5309
2025-07-28 02:00:00+00:00;474400.713;20.76355
2025-07-28 03:00:00+00:00;484047.537;20.80455
2025-07-28 04:00:00+00:00;485423.493;22.2038
2025-07-28 05:00:00+00:00;517752.997;23.588150000000002
2025-07-28 06:00:00+00:00;548014.084;25.293400000000002
2025-07-28 07:00:00+00:00;576603.213;26.3868
2025-07-28 08:00:00+00:00;602197.161;27.1911
2025-07-28 09:00:00+00:00;611981.004;28.4882
2025-07-28 10:00:00+00:00;610693.102;29.219
2025-07-28 11:00:00+00:00;610523.402;29.4326
2025-07-28 12:00:00+00:00;631807.221;28.664049999999996
2025-07-28 13:00:00+00:00;671417.918;24.343449999999997
2025-07-28 14:00:00+00:00;692553.696;23.182750000000002
2025-07-28 15:00:00+00:00;717569.741;22.925
2025-07-28 16:00:00+00:00;765546.251;21.90945
2025-07-28 17:00:00+00:00;805545.0;22.97615
2025-07-28 18:00:00+00:00;807218.664;24.131999999999998
2025-07-28 19:00:00+00:00;1009917.868;22.43815
2025-07-28 20:00:00+00:00;968540.383;21.738
2025-07-28 21:00:00+00:00;786370.85;20.688
2025-07-28 22:00:00+00:00;630944.302;20.688
2025-07-28 23:00:00+00:00;570189.874;19.86405
2025-07-29 00:00:00+00:00;539197.364;19.606
2025-07-29 01:00:00+00:00;512960.556;19.3812
2025-07-29 02:00:00+00:00;495948.201;19.044
2025-07-29 03:00:00+00:00;496135.971;19.7985
2025-07-29 04:00:00+00:00;492148.227;21.3909
2025-07-29 05:00:00+00:00;523574.082;22.689749999999997
2025-07-29 06:00:00+00:00;550516.982;24.10965
2025-07-29 07:00:00+00:00;568652.231;25.66965
2025-07-29 08:00:00+00:00;592420.632;26.425
2025-07-29 09:00:00+00:00;607159.128;27.76775
2025-07-29 10:00:00+00:00;610044.009;28.55
2025-07-29 11:00:00+00:00;632348.293;28.1476
2025-07-29 12:00:00+00:00;662814.403;28.7762
2025-07-29 13:00:00+00:00;697369.202;29.74135
2025-07-29 14:00:00+00:00;721346.128;30.65
2025-07-29 15:00:00+00:00;746452.29;30.65
2025-07-29 16:00:00+00:00;803610.451;32.512350000000005
2025-07-29 17:00:00+00:00;840307.172;32.52195
2025-07-29 18:00:00+00:00;826039.618;31.11975
2025-07-29 19:00:00+00:00;1018977.083;28.434199999999997
2025-07-29 20:00:00+00:00;981040.24;26.8815
2025-07-29 21:00:00+00:00;804984.275;25.74985
2025-07-29 22:00:00+00:00;666335.562;25.281
2025-07-29 23:00:00+00:00;579690.415;24.281
2025-07-30 00:00:00+00:00;535532.399;24.281
2025-07-30 01:00:00+00:00;490587.196;24.0279
2025-07-30 02:00:00+00:00;465301.216;23.669
2025-07-30 03:00:00+00:00;475947.089;23.669
2025-07-30 04:00:00+00:00;479439.839;24.2498
2025-07-30 05:00:00+00:00;516073.543;25.081650000000003
2025-07-30 06:00:00+00:00;545368.744;26.535000000000004
2025-07-30 07:00:00+00:00;568109.2;27.416450000000005
2025-07-30 08:00:00+00:00;592960.186;27.88075
2025-07-30 09:00:00+00:00;603771.99;29.1033
2025-07-30 10:00:00+00:00;609629.706;30.2916
2025-07-30 11:00:00+00:00;624983.364;31.741750000000003
2025-07-30 12:00:00+00:00;655259.682;31.71085
2025-07-30 13:00:00+00:00;695550.718;31.4161
2025-07-30 14:00:00+00:00;718432.409;33.5517
2025-07-30 15:00:00+00:00;744862.672;35.181
2025-07-30 16:00:00+00:00;790457.181;36.422
2025-07-30 17:00:00+00:00;824825.707;32.1262
2025-07-30 18:00:00+00:00;822819.764;30.18645
2025-07-30 19:00:00+00:00;1025674.624;27.90825
2025-07-30 20:00:00+00:00;985821.097;27.169
2025-07-30 21:00:00+00:00;801770.913;25.594
2025-07-30 22:00:00+00:00;662250.981;24.5708
2025-07-30 23:00:00+00:00;604149.717;23.431
2025-07-31 00:00:00+00:00;551068.498;22.631
2025-07-31 01:00:00+00:00;505930.497;22.341
2025-07-31 02:00:00+00:00;479968.566;22.231
2025-07-31 03:00:00+00:00;489192.506;22.638600000000004
2025-07-31 04:00:00+00:00;494032.034;24.34385
2025-07-31 05:00:00+00:00;526841.074;25.9608
2025-07-31 06:00:00+00:00;554401.536;27.68775
2025-07-31 07:00:00+00:00;581580.099;28.8481
2025-07-31 08:00:00+00:00;608742.313;29.962400000000002
2025-07-31 09:00:00+00:00;622172.648;30.606
2025-07-31 10:00:00+00:00;624917.14;31.87515
2025-07-31 11:00:00+00:00;633065.398;32.794
2025-07-31 12:00:00+00:00;650861.128;33.294
2025-07-31 13:00:00+00:00;683822.074;34.7806
2025-07-31 14:00:00+00:00;702556.472;36.047450000000005
2025-07-31 15:00:00+00:00;722746.615;36.70225
2025-07-31 16:00:00+00:00;766885.635;39.8842
2025-07-31 17:00:00+00:00;808301.354;38.56975
2025-07-31 18:00:00+00:00;815195.378;35.5171
2025-07-31 19:00:00+00:00;1026984.132;32.47965
2025-07-31 20:00:00+00:00;990762.899;29.9706
2025-07-31 21:00:00+00:00;799665.339;28.3214
2025-07-31 22:00:00+00:00;695516.409;26.92995
2025-07-31 23:00:00+00:00;603094.949;25.325
2025-08-01 00:00:00+00:00;539175.948;24.3521
2025-08-01 01:00:00+00:00;493769.234;23.97045
2025-08-01 02:00:00+00:00;476828.22;23.563
2025-08-01 03:00:00+00:00;487203.816;24.0845
2025-08-01 04:00:00+00:00;489930.135;24.811
2025-08-01 05:00:00+00:00;523140.614;25.93005
2025-08-01 06:00:00+00:00;547443.023;27.119
2025-08-01 07:00:00+00:00;568191.118;28.159000000000002
2025-08-01 08:00:00+00:00;593333.499;28.819
2025-08-01 09:00:00+00:00;602323.835;28.819
2025-08-01 10:00:00+00:00;624484.02;29.319
2025-08-01 11:00:00+00:00;627828.813;29.819
2025-08-01 12:00:00+00:00;648846.343;30.54635
2025-08-01 13:00:00+00:00;679374.435;31.8679
2025-08-01 14:00:00+00:00;702481.871;33.7988
2025-08-01 15:00:00+00:00;726044.771;37.220749999999995
2025-08-01 16:00:00+00:00;761848.056;38.68965
2025-08-01 17:00:00+00:00;788956.575;36.73694999999999
2025-08-01 18:00:00+00:00;788349.342;33.386649999999996
2025-08-01 19:00:00+00:00;1007411.196;28.98355
2025-08-01 20:00:00+00:00;982135.712;27.2014
2025-08-01 21:00:00+00:00;797871.447;26.188200000000002
2025-08-01 22:00:00+00:00;654801.767;24.644
2025-08-01 23:00:00+00:00;574759.109;24.644
2025-08-02 00:00:00+00:00;516889.174;24.168799999999997
2025-08-02 01:00:00+00:00;492449.365;23.21885
2025-08-02 02:00:00+00:00;471780.225;22.75
2025-08-02 03:00:00+00:00;466797.779;22.7602
2025-08-02 04:00:00+00:00;469798.975;24.0839
2025-08-02 05:00:00+00:00;519014.626;25.66245
2025-08-02 06:00:00+00:00;568286.168;26.5126
2025-08-02 07:00:00+00:00;609357.749;27.915
2025-08-02 08:00:00+00:00;630622.194;28.3418
2025-08-02 09:00:00+00:00;639165.251;29.289800000000003
2025-08-02 10:00:00+00:00;641931.067;30.659499999999998
2025-08-02 11:00:00+00:00;642311.022;31.2447
2025-08-02 12:00:00+00:00;642636.533;32.5192
2025-08-02 13:00:00+00:00;662057.897;31.3142
2025-08-02 14:00:00+00:00;686632.23;33.47765
2025-08-02 15:00:00+00:00;729767.26;34.5187
2025-08-02 16:00:00+00:00;771113.435;35.077799999999996
2025-08-02 17:00:00+00:00;786376.283;33.739
2025-08-02 18:00:00+00:00;768545.843;31.2888
2025-08-02 19:00:00+00:00;967649.396;27.794150000000002
2025-08-02 20:00:00+00:00;951785.177;26.01535
2025-08-02 21:00:00+00:00;784414.305;24.78775
2025-08-02 22:00:00+00:00;644227.567;23.802799999999998
2025-08-02 23:00:00+00:00;566912.136;22.938
2025-08-03 00:00:00+00:00;520480.605;22.830499999999997
2025-08-03 01:00:00+00:00;486684.698;21.7559
2025-08-03 02:00:00+00:00;461507.8;21.625
2025-08-03 03:00:00+00:00;453757.968;21.625
2025-08-03 04:00:00+00:00;454310.479;21.625
2025-08-03 05:00:00+00:00;504754.02;21.415
2025-08-03 06:00:00+00:00;558966.437;20.575
2025-08-03 07:00:00+00:00;606065.07;20.575
2025-08-03 08:00:00+00:00;641367.116;20.889400000000002
2025-08-03 09:00:00+00:00;657005.423;22.756
2025-08-03 10:00:00+00:00;661412.276;23.34395
2025-08-03 11:00:00+00:00;647252.952;23.825
2025-08-03 12:00:00+00:00;655011.596;23.825
2025-08-03 13:00:00+00:00;671455.884;24.7939
2025-08-03 14:00:00+00:00;699122.507;26.03575
2025-08-03 15:00:00+00:00;741297.855;28.42355
2025-08-03 16:00:00+00:00;800097.134;30.8651
2025-08-03 17:00:00+00:00;832221.534;31.339850000000002
2025-08-03 18:00:00+00:00;811474.209;28.630650000000003
2025-08-03 19:00:00+00:00;1000060.721;24.0696
2025-08-03 20:00:00+00:00;962292.682;22.95
2025-08-03 21:00:00+00:00;792639.685;21.622
2025-08-03 22:00:00+00:00;662521.953;20.806
2025-08-03 23:00:00+00:00;588391.3;20.13665
2025-08-04 00:00:00+00:00;527777.438;18.971449999999997
2025-08-04 01:00:00+00:00;493253.646;18.57295
2025-08-04 02:00:00+00:00;469185.947;18.425
2025-08-04 03:00:00+00:00;490896.2;18.628800000000002
2025-08-04 04:00:00+00:00;494954.03;19.8297
2025-08-04 05:00:00+00:00;516479.922;21.573150000000002
2025-08-04 06:00:00+00:00;531121.079;23.4274
2025-08-04 07:00:00+00:00;546584.864;24.2593
2025-08-04 08:00:00+00:00;572369.129;25.22235
2025-08-04 09:00:00+00:00;580656.62;26.4377
2025-08-04 10:00:00+00:00;581793.913;27.875
2025-08-04 11:00:00+00:00;591226.472;27.875
2025-08-04 12:00:00+00:00;624961.88;28.7762
2025-08-04 13:00:00+00:00;686204.711;
2025-08-04 14:00:00+00:00;719981.62;30.05
2025-08-04 15:00:00+00:00;745120.463;28.88105
2025-08-04 16:00:00+00:00;800421.824;26.319650000000003
2025-08-04 17:00:00+00:00;841698.363;25.6676
2025-08-04 18:00:00+00:00;828859.323;24.541
2025-08-04 19:00:00+00:00;1014327.407;23.018449999999998
2025-08-04 20:00:00+00:00;969672.51;21.93385
2025-08-04 21:00:00+00:00;784196.597;21.644
2025-08-04 22:00:00+00:00;622850.15;21.644
2025-08-04 23:00:00+00:00;568013.811;21.644
2025-08-05 00:00:00+00:00;509966.494;21.644
2025-08-05 01:00:00+00:00;479918.374;20.474
2025-08-05 02:00:00+00:00;465104.577;20.369
2025-08-05 03:00:00+00:00;490554.382;20.369
2025-08-05 04:00:00+00:00;495087.186;22.0576
2025-08-05 05:00:00+00:00;513202.827;23.588299999999997
2025-08-05 06:00:00+00:00;523934.055;24.563
2025-08-05 07:00:00+00:00;541306.347;25.637999999999998
2025-08-05 08:00:00+00:00;567271.211;26.34065
2025-08-05 09:00:00+00:00;580250.358;26.719
2025-08-05 10:00:00+00:00;582316.922;26.96585
2025-08-05 11:00:00+00:00;581911.776;26.2132
2025-08-05 12:00:00+00:00;611588.233;26.497899999999998
2025-08-05 13:00:00+00:00;675506.665;24.7434
2025-08-05 14:00:00+00:00;712546.702;24.537
2025-08-05 15:00:00+00:00;756225.697;23.5416
2025-08-05 16:00:00+00:00;829407.584;23.431
2025-08-05 17:00:00+00:00;873393.763;22.431
2025-08-05 18:00:00+00:00;840282.31;21.79455
2025-08-05 19:00:00+00:00;1012905.784;19.72965
2025-08-05 20:00:00+00:00;953191.353;18.22695
2025-08-05 21:00:00+00:00;773687.519;18.175
2025-08-05 22:00:00+00:00;626784.97;18.175
2025-08-05 23:00:00+00:00;557479.607;17.247099999999996
2025-08-06 00:00:00+00:00;516918.286;17.144
2025-08-06 01:00:00+00:00;487118.624;16.803800000000003
2025-08-06 02:00:00+00:00;471345.806;16.388
2025-08-06 03:00:00+00:00;500581.87;16.388
2025-08-06 04:00:00+00:00;507289.253;17.2805
2025-08-06 05:00:00+00:00;521116.665;17.6492
2025-08-06 06:00:00+00:00;523496.792;19.330350000000003
2025-08-06 07:00:00+00:00;532511.77;20.1275
2025-08-06 08:00:00+00:00;550842.487;20.9265
2025-08-06 09:00:00+00:00;556638.179;22.13
2025-08-06 10:00:00+00:00;563005.34;22.625
2025-08-06 11:00:00+00:00;576469.494;22.4381
2025-08-06 12:00:00+00:00;605923.669;20.41205
2025-08-06 13:00:00+00:00;664968.835;22.178549999999998
2025-08-06 14:00:00+00:00;705685.345;21.841
2025-08-06 15:00:00+00:00;753106.4;22.8494
2025-08-06 16:00:00+00:00;838439.979;20.62995
2025-08-06 17:00:00+00:00;891910.818;22.1455
2025-08-06 18:00:00+00:00;858539.446;18.18245
2025-08-06 19:00:00+00:00;1027425.601;16.86625
2025-08-06 20:00:00+00:00;969393.412;16.188
2025-08-06 21:00:00+00:00;785708.305;16.188
2025-08-06 22:00:00+00:00;655687.302;16.188
2025-08-06 23:00:00+00:00;586665.638;16.188
2025-08-07 00:00:00+00:00;528076.573;16.188
2025-08-07 01:00:00+00:00;496202.918;15.5418
2025-08-07 02:00:00+00:00;489776.801;15.1
2025-08-07 03:00:00+00:00;523894.214;15.1
2025-08-07 04:00:00+00:00;534446.0;15.1
2025-08-07 05:00:00+00:00;539652.515;15.5725
2025-08-07 06:00:00+00:00;529606.655;17.09115
2025-08-07 07:00:00+00:00;529748.775;18.184549999999998
2025-08-07 08:00:00+00:00;538403.307;18.6495
2025-08-07 09:00:00+00:00;537017.602;19.25
2025-08-07 10:00:00+00:00;539690.684;19.25
2025-08-07 11:00:00+00:00;549897.97;20.1127
2025-08-07 12:00:00+00:00;581510.189;20.084200000000003
2025-08-07 13:00:00+00:00;642556.217;19.365550000000002
2025-08-07 14:00:00+00:00;672954.911;20.474200000000003
2025-08-07 15:00:00+00:00;710057.098;22.267500000000002
2025-08-07 16:00:00+00:00;791196.63;22.274
2025-08-07 17:00:00+00:00;854851.261;20.953049999999998
2025-08-07 18:00:00+00:00;846331.185;20.8648
2025-08-07 19:00:00+00:00;1035686.509;18.41115
2025-08-07 20:00:00+00:00;985654.953;17.2894
2025-08-07 21:00:00+00:00;830617.055;16.41635
2025-08-07 22:00:00+00:00;674407.376;15.4816
2025-08-07 23:00:00+00:00;580678.208;14.737199999999998
2025-08-08 00:00:00+00:00;525283.715;13.8
2025-08-08 01:00:00+00:00;493672.21;13.00455
2025-08-08 02:00:00+00:00;493237.666;12.594
2025-08-08 03:00:00+00:00;527987.226;12.710899999999999
2025-08-08 04:00:00+00:00;533247.292;14.185400000000001
2025-08-08 05:00:00+00:00;539623.312;15.9622
2025-08-08 06:00:00+00:00;535113.739;17.554
2025-08-08 07:00:00+00:00;537627.3;19.031
2025-08-08 08:00:00+00:00;548428.892;19.881400000000003
2025-08-08 09:00:00+00:00;548029.181;20.8024
2025-08-08 10:00:00+00:00;548230.052;21.57865
2025-08-08 11:00:00+00:00;553820.601;22.8652
2025-08-08 12:00:00+00:00;580046.722;23.263
2025-08-08 13:00:00+00:00;622542.897;24.975
2025-08-08 14:00:00+00:00;658652.573;26.434049999999996
2025-08-08 15:00:00+00:00;688867.845;29.8936
2025-08-08 16:00:00+00:00;734014.298;27.8085
2025-08-08 17:00:00+00:00;765713.082;26.7317
2025-08-08 18:00:00+00:00;767188.36;24.09135
2025-08-08 19:00:00+00:00;986447.667;20.9205
2025-08-08 20:00:00+00:00;961467.856;19.0162
2025-08-08 21:00:00+00:00;822389.128;18.01635
2025-08-08 22:00:00+00:00;685379.056;17.119
2025-08-08 23:00:00+00:00;610183.952;16.1675
2025-08-09 00:00:00+00:00;554799.89;15.031
2025-08-09 01:00:00+00:00;512534.164;14.10455
2025-08-09 02:00:00+00:00;496205.189;13.781
2025-08-09 03:00:00+00:00;496836.568;13.9358
2025-08-09 04:00:00+00:00;498540.792;14.918600000000001
2025-08-09 05:00:00+00:00;546027.106;16.7615
2025-08-09 06:00:00+00:00;586431.774;18.6129
2025-08-09 07:00:00+00:00;616908.012;19.90135
2025-08-09 08:00:00+00:00;639594.114;21.360300000000002
2025-08-09 09:00:00+00:00;650582.416;22.206
2025-08-09 10:00:00+00:00;632208.719;23.1573
2025-08-09 11:00:00+00:00;634629.633;23.263
2025-08-09 12:00:00+00:00;635257.068;24.2605
2025-08-09 13:00:00+00:00;659046.296;24.08865
2025-08-09 14:00:00+00:00;692129.009;21.107599999999998
2025-08-09 15:00:00+00:00;736870.448;23.119
2025-08-09 16:00:00+00:00;783681.168;22.4474
2025-08-09 17:00:00+00:00;799412.698;24.5476
2025-08-09 18:00:00+00:00;771765.628;22.07215
2025-08-09 19:00:00+00:00;975657.739;19.0597
2025-08-09 20:00:00+00:00;975801.388;18.681
2025-08-09 21:00:00+00:00;819673.091;17.969549999999998
2025-08-09 22:00:00+00:00;661715.181;17.339199999999998
2025-08-09 23:00:00+00:00;581995.005;16.6
2025-08-10 00:00:00+00:00;524849.36;15.681149999999999
2025-08-10 01:00:00+00:00;489397.053;15.217949999999998
2025-08-10 02:00:00+00:00;473505.084;14.85
2025-08-10 03:00:00+00:00;466669.572;15.461400000000001
2025-08-10 04:00:00+00:00;467598.509;16.67525
2025-08-10 05:00:00+00:00;517807.238;17.179899999999996
2025-08-10 06:00:00+00:00;576359.879;18.54185
2025-08-10 07:00:00+00:00;628169.012;18.47675
2025-08-10 08:00:00+00:00;673472.789;17.97905
2025-08-10 09:00:00+00:00;681901.61;19.80775
2025-08-10 10:00:00+00:00;673957.335;20.98785
2025-08-10 11:00:00+00:00;666626.732;22.213
2025-08-10 12:00:00+00:00;665528.189;21.93495
2025-08-10 13:00:00+00:00;683884.964;21.069
2025-08-10 14:00:00+00:00;718733.424;21.069
2025-08-10 15:00:00+00:00;772594.967;21.069
2025-08-10 16:00:00+00:00;841482.715;20.4661
2025-08-10 17:00:00+00:00;877995.341;19.846700000000002
2025-08-10 18:00:00+00:00;828799.594;18.89275
2025-08-10 19:00:00+00:00;995178.089;17.919
2025-08-10 20:00:00+00:00;947302.885;17.270400000000002
2025-08-10 21:00:00+00:00;797375.919;16.838
2025-08-10 22:00:00+00:00;687168.864;16.626600000000003
2025-08-10 23:00:00+00:00;624017.303;15.781
2025-08-11 00:00:00+00:00;557377.842;15.781
2025-08-11 01:00:00+00:00;518428.121;15.2942
2025-08-11 02:00:00+00:00;510011.782;14.731
2025-08-11 03:00:00+00:00;547697.178;14.731
2025-08-11 04:00:00+00:00;544058.941;15.8328
2025-08-11 05:00:00+00:00;536416.801;17.79365
2025-08-11 06:00:00+00:00;520862.254;18.3828
2025-08-11 07:00:00+00:00;513742.188;19.05
2025-08-11 08:00:00+00:00;527246.026;19.05
2025-08-11 09:00:00+00:00;528390.748;19.05
2025-08-11 10:00:00+00:00;522653.483;19.05
2025-08-11 11:00:00+00:00;534407.452;19.05
2025-08-11 12:00:00+00:00;583358.852;19.05
2025-08-11 13:00:00+00:00;639108.96;19.7039
2025-08-11 14:00:00+00:00;662950.687;20.33165
2025-08-11 15:00:00+00:00;691447.216;22.66475
2025-08-11 16:00:00+00:00;754466.202;23.93975
2025-08-11 17:00:00+00:00;812494.303;23.85935
2025-08-11 18:00:00+00:00;795668.166;21.22825
2025-08-11 19:00:00+00:00;982868.701;18.413800000000002
2025-08-11 20:00:00+00:00;939036.099;16.2845
2025-08-11 21:00:00+00:00;791754.437;15.678900000000002
2025-08-11 22:00:00+00:00;631352.285;14.056000000000001
2025-08-11 23:00:00+00:00;578747.349;13.266
2025-08-12 00:00:00+00:00;550591.678;12.606
2025-08-12 01:00:00+00:00;517709.629;11.7031
2025-08-12 02:00:00+00:00;508418.816;11.644
2025-08-12 03:00:00+00:00;547646.075;11.7484
2025-08-12 04:00:00+00:00;555824.325;13.631649999999999
2025-08-12 05:00:00+00:00;545509.568;16.4059
2025-08-12 06:00:00+00:00;528428.622;17.925
2025-08-12 07:00:00+00:00;522588.521;18.6644
2025-08-12 08:00:00+00:00;525625.28;19.3572
2025-08-12 09:00:00+00:00;524031.442;20.088
2025-08-12 10:00:00+00:00;527682.822;20.088
2025-08-12 11:00:00+00:00;537378.849;20.088
2025-08-12 12:00:00+00:00;575743.484;20.088
2025-08-12 13:00:00+00:00;637960.421;20.875500000000002
2025-08-12 14:00:00+00:00;677006.888;20.47355
2025-08-12 15:00:00+00:00;713127.433;22.24235
2025-08-12 16:00:00+00:00;780518.714;24.066300000000002
2025-08-12 17:00:00+00:00;835305.77;23.537699999999997
2025-08-12 18:00:00+00:00;814063.347;21.147
2025-08-12 19:00:00+00:00;998405.219;18.62305
2025-08-12 20:00:00+00:00;956187.75;17.201
2025-08-12 21:00:00+00:00;784529.143;15.846
2025-08-12 22:00:00+00:00;701870.368;14.701550000000001
2025-08-12 23:00:00+00:00;603972.483;14.222249999999999
2025-08-13 00:00:00+00:00;553078.315;12.96475
2025-08-13 01:00:00+00:00;530365.341;12.458499999999999
2025-08-13 02:00:00+00:00;533496.184;12.431
2025-08-13 03:00:00+00:00;574231.365;12.431
2025-08-13 04:00:00+00:00;571125.637;13.7056
2025-08-13 05:00:00+00:00;554307.109;15.17935
2025-08-13 06:00:00+00:00;531021.585;17.20545
2025-08-13 07:00:00+00:00;521445.721;18.8549
2025-08-13 08:00:00+00:00;525647.317;19.794
2025-08-13 09:00:00+00:00;524441.223;19.17595
2025-08-13 10:00:00+00:00;541787.125;19.7
2025-08-13 11:00:00+00:00;563481.093;19.7
2025-08-13 12:00:00+00:00;586000.806;19.7
2025-08-13 13:00:00+00:00;645370.553;19.7
2025-08-13 14:00:00+00:00;675639.998;20.47415
2025-08-13 15:00:00+00:00;706029.766;23.22355
2025-08-13 16:00:00+00:00;771918.097;23.52985
2025-08-13 17:00:00+00:00;820883.665;22.91145
2025-08-13 18:00:00+00:00;811664.812;20.46935
2025-08-13 19:00:00+00:00;1000673.431;17.72185
2025-08-13 20:00:00+00:00;952892.635;16.071199999999997
2025-08-13 21:00:00+00:00;801753.49;14.6474
2025-08-13 22:00:00+00:00;634237.169;13.544
2025-08-13 23:00:00+00:00;569706.515;12.8693
2025-08-14 00:00:00+00:00;537601.084;12.506
2025-08-14 01:00:00+00:00;526428.545;12.2918
2025-08-14 02:00:00+00:00;532025.823;11.894
2025-08-14 03:00:00+00:00;562406.118;12.27025
2025-08-14 04:00:00+00:00;562010.336;13.8443
2025-08-14 05:00:00+00:00;550515.955;16.6795
2025-08-14 06:00:00+00:00;531155.496;18.16565
2025-08-14 07:00:00+00:00;521559.197;19.4155
2025-08-14 08:00:00+00:00;524541.62;21.1692
2025-08-14 09:00:00+00:00;518249.449;21.39288888888889
2025-08-14 10:00:00+00:00;513208.968;22.146105263157892
2025-08-14 11:00:00+00:00;543382.647;22.313
2025-08-14 12:00:00+00:00;570798.505;22.313
2025-08-14 13:00:00+00:00;622304.021;22.313
2025-08-14 14:00:00+00:00;647405.54;22.313
2025-08-14 15:00:00+00:00;676160.948;23.2761
2025-08-14 16:00:00+00:00;742731.086;25.361449999999998
2025-08-14 17:00:00+00:00;803451.218;23.07345
2025-08-14 18:00:00+00:00;802848.803;22.0709
2025-08-14 19:00:00+00:00;1050876.693;21.109941176470585
2025-08-14 20:00:00+00:00;1018891.577;20.3
2025-08-14 21:00:00+00:00;843005.537;19.8077
2025-08-14 22:00:00+00:00;710283.583;19.206
2025-08-14 23:00:00+00:00;645024.305;18.6494
2025-08-15 00:00:00+00:00;616237.979;18.194
2025-08-15 01:00:00+00:00;575245.913;17.90315
2025-08-15 02:00:00+00:00;539881.792;17.363
2025-08-15 03:00:00+00:00;549483.707;17.913
2025-08-15 04:00:00+00:00;558864.877;18.363
2025-08-15 05:00:00+00:00;560264.858;18.4164
2025-08-15 06:00:00+00:00;545738.994;20.12585
2025-08-15 07:00:00+00:00;547929.89;21.4249
2025-08-15 08:00:00+00:00;564202.692;23.218799999999998
2025-08-15 09:00:00+00:00;560451.687;24.48355
2025-08-15 10:00:00+00:00;565773.502;25.3032
2025-08-15 11:00:00+00:00;585298.459;24.613
2025-08-15 12:00:00+00:00;626434.995;23.92205
2025-08-15 13:00:00+00:00;676703.575;22.531
2025-08-15 14:00:00+00:00;718610.406;22.531
2025-08-15 15:00:00+00:00;777633.827;21.65465
2025-08-15 16:00:00+00:00;846277.9;21.5
2025-08-15 17:00:00+00:00;885205.05;20.476149999999997
2025-08-15 18:00:00+00:00;864389.14;20.1
2025-08-15 19:00:00+00:00;1055381.884;20.067100000000003
2025-08-15 20:00:00+00:00;1002754.952;19.063
2025-08-15 21:00:00+00:00;813782.094;18.6997
2025-08-15 22:00:00+00:00;630746.305;17.38785
2025-08-15 23:00:00+00:00;545958.292;16.327199999999998
2025-08-16 00:00:00+00:00;498641.612;15.5916
2025-08-16 01:00:00+00:00;471068.753;14.7957
2025-08-16 02:00:00+00:00;465862.054;14.706
2025-08-16 03:00:00+00:00;475660.457;14.706
2025-08-16 04:00:00+00:00;491945.799;14.706
2025-08-16 05:00:00+00:00;558425.974;14.706
2025-08-16 06:00:00+00:00;619420.668;15.390899999999998
2025-08-16 07:00:00+00:00;661656.578;16.30245
2025-08-16 08:00:00+00:00;687387.419;16.781
2025-08-16 09:00:00+00:00;686369.088;16.781
2025-08-16 10:00:00+00:00;684664.484;16.281
2025-08-16 11:00:00+00:00;689394.85;15.781
2025-08-16 12:00:00+00:00;703410.165;14.921000000000001
2025-08-16 13:00:00+00:00;742260.988;14.706
2025-08-16 14:00:00+00:00;812034.86;14.706
2025-08-16 15:00:00+00:00;893186.658;13.866
2025-08-16 16:00:00+00:00;944268.103;13.656
2025-08-16 17:00:00+00:00;945412.995;13.656
2025-08-16 18:00:00+00:00;879206.048;13.656
2025-08-16 19:00:00+00:00;1055947.859;13.656
2025-08-16 20:00:00+00:00;1026531.041;13.656
2025-08-16 21:00:00+00:00;855216.684;12.95735
2025-08-16 22:00:00+00:00;712696.557;12.625
2025-08-16 23:00:00+00:00;646545.26;12.625
2025-08-17 00:00:00+00:00;607959.646;12.625
2025-08-17 01:00:00+00:00;574794.8;12.6558
2025-08-17 02:00:00+00:00;554636.928;12.713
2025-08-17 03:00:00+00:00;538995.403;12.713
2025-08-17 04:00:00+00:00;534482.949;13.49145
2025-08-17 05:00:00+00:00;588776.431;13.719
2025-08-17 06:00:00+00:00;646696.578;14.7583
2025-08-17 07:00:00+00:00;688448.231;14.812999999999999
2025-08-17 08:00:00+00:00;715295.444;14.812999999999999
2025-08-17 09:00:00+00:00;715134.657;14.812999999999999
2025-08-17 10:00:00+00:00;713413.555;14.812999999999999
2025-08-17 11:00:00+00:00;714142.72;14.812999999999999
2025-08-17 12:00:00+00:00;717249.25;14.812999999999999
2025-08-17 13:00:00+00:00;745544.722;14.812999999999999
2025-08-17 14:00:00+00:00;791276.665;16.59895
2025-08-17 15:00:00+00:00;879749.418;15.9274
2025-08-17 16:00:00+00:00;977867.732;16.7598
2025-08-17 17:00:00+00:00;1008866.003;17.843
2025-08-17 18:00:00+00:00;936213.796;14.908600000000002
2025-08-17 19:00:00+00:00;1095060.198;13.385050000000001
2025-08-17 20:00:00+00:00;1050780.116;12.606
2025-08-17 21:00:00+00:00;876107.688;11.552600000000002
2025-08-17 22:00:00+00:00;736805.337;10.30626
2025-08-17 23:00:00+00:00;639949.54;9.4313
2025-08-18 00:00:00+00:00;578091.234;9.4313
2025-08-18 01:00:00+00:00;548579.083;9.03003
2025-08-18 02:00:00+00:00;550751.319;8.4375
2025-08-18 03:00:00+00:00;594959.184;8.85002
2025-08-18 04:00:00+00:00;594525.962;10.691930000000001
2025-08-18 05:00:00+00:00;583111.232;12.6826
2025-08-18 06:00:00+00:00;562478.248;14.769
2025-08-18 07:00:00+00:00;549847.366;15.5215
2025-08-18 08:00:00+00:00;549111.113;16.2178
2025-08-18 09:00:00+00:00;535885.147;17.60295
2025-08-18 10:00:00+00:00;524734.148;17.975
2025-08-18 11:00:00+00:00;532165.278;18.185000000000002
2025-08-18 12:00:00+00:00;576797.312;19.025
2025-08-18 13:00:00+00:00;641896.937;18.7214
2025-08-18 14:00:00+00:00;673967.056;18.013
2025-08-18 15:00:00+00:00;708077.283;18.519
2025-08-18 16:00:00+00:00;788721.407;17.9857
2025-08-18 17:00:00+00:00;857262.501;17.931
2025-08-18 18:00:00+00:00;854534.255;17.23225
2025-08-18 19:00:00+00:00;1045292.551;16.856
2025-08-18 20:00:00+00:00;1012731.282;16.856
2025-08-18 21:00:00+00:00;824111.464;16.856
2025-08-18 22:00:00+00:00;682394.845;15.83465
2025-08-18 23:00:00+00:00;620170.935;15.806000000000001
2025-08-19 00:00:00+00:00;583211.71;15.806000000000001
2025-08-19 01:00:00+00:00;557340.035;14.7922
2025-08-19 02:00:00+00:00;546839.971;12.725449999999999
2025-08-19 03:00:00+00:00;585578.873;12.063
2025-08-19 04:00:00+00:00;589013.338;12.7169
2025-08-19 05:00:00+00:00;583982.131;13.068999999999999
2025-08-19 06:00:00+00:00;575140.396;14.0475
2025-08-19 07:00:00+00:00;572799.925;14.113
2025-08-19 08:00:00+00:00;578409.341;14.113
2025-08-19 09:00:00+00:00;570798.357;14.222299999999999
2025-08-19 10:00:00+00:00;561840.925;15.1023
2025-08-19 11:00:00+00:00;573670.119;14.169
2025-08-19 12:00:00+00:00;620783.291;13.654599999999999
2025-08-19 13:00:00+00:00;697750.162;14.131
2025-08-19 14:00:00+00:00;744934.979;15.0816
2025-08-19 15:00:00+00:00;784383.463;16.6022
2025-08-19 16:00:00+00:00;859347.358;14.1102
2025-08-19 17:00:00+00:00;927207.971;12.157250000000001
2025-08-19 18:00:00+00:00;897518.241;10.844795000000001
2025-08-19 19:00:00+00:00;1069186.745;9.9313
2025-08-19 20:00:00+00:00;1026905.932;9.353745
2025-08-19 21:00:00+00:00;890462.721;8.8812
2025-08-19 22:00:00+00:00;759533.905;7.98343
2025-08-19 23:00:00+00:00;705558.096;6.948480000000001
2025-08-20 00:00:00+00:00;671764.698;6.35628
2025-08-20 01:00:00+00:00;631973.723;5.56875
2025-08-20 02:00:00+00:00;629914.554;5.325
2025-08-20 03:00:00+00:00;677954.004;6.454495
2025-08-20 04:00:00+00:00;665241.41;7.3563
2025-08-20 05:00:00+00:00;642310.47;8.139075
2025-08-20 06:00:00+00:00;616918.643;8.72625
2025-08-20 07:00:00+00:00;603333.413;10.186575000000001
2025-08-20 08:00:00+00:00;617814.596;11.33305
2025-08-20 09:00:00+00:00;608344.928;12.5263
2025-08-20 10:00:00+00:00;607641.608;12.625
2025-08-20 11:00:00+00:00;615930.564;13.58125
2025-08-20 12:00:00+00:00;659225.083;13.75
2025-08-20 13:00:00+00:00;726397.394;14.0549
2025-08-20 14:00:00+00:00;766619.139;15.298149999999998
2025-08-20 15:00:00+00:00;825510.579;15.170750000000002
2025-08-20 16:00:00+00:00;920260.274;15.405199999999999
2025-08-20 17:00:00+00:00;984985.62;13.644499999999999
2025-08-20 18:00:00+00:00;956648.551;12.598899999999999
2025-08-20 19:00:00+00:00;1134538.642;11.406
2025-08-20 20:00:00+00:00;1110450.694;10.4556
2025-08-20 21:00:00+00:00;1000966.075;9.47875
2025-08-20 22:00:00+00:00;808095.209;9.325
2025-08-20 23:00:00+00:00;735937.93;9.325
2025-08-21 00:00:00+00:00;688847.592;9.325
2025-08-21 01:00:00+00:00;669449.509;8.622209999999999
2025-08-21 02:00:00+00:00;674517.708;7.95
2025-08-21 03:00:00+00:00;718046.92;7.95
2025-08-21 04:00:00+00:00;701833.216;8.14697
2025-08-21 05:00:00+00:00;669300.291;9.90865
2025-08-21 06:00:00+00:00;630297.338;11.628
2025-08-21 07:00:00+00:00;612669.341;12.156
2025-08-21 08:00:00+00:00;614489.338;12.956
2025-08-21 09:00:00+00:00;618134.38;13.156
2025-08-21 10:00:00+00:00;606290.941;13.156
2025-08-21 11:00:00+00:00;613248.202;13.89095
2025-08-21 12:00:00+00:00;658562.447;14.25
2025-08-21 13:00:00+00:00;724098.104;14.25
2025-08-21 14:00:00+00:00;754909.971;14.518
2025-08-21 15:00:00+00:00;798669.861;14.685500000000001
2025-08-21 16:00:00+00:00;873985.557;15.48915
2025-08-21 17:00:00+00:00;942726.975;13.785900000000002
2025-08-21 18:00:00+00:00;937368.995;12.478
2025-08-21 19:00:00+00:00;1132115.768;11.16875
2025-08-21 20:00:00+00:00;1108414.981;9.71558
2025-08-21 21:00:00+00:00;958031.041;8.7875
2025-08-21 22:00:00+00:00;821218.977;7.795985
2025-08-21 23:00:00+00:00;771921.678;7.3653450000000005
2025-08-22 00:00:00+00:00;748393.116;6.6625
2025-08-22 01:00:00+00:00;730050.85;5.58159
2025-08-22 02:00:00+00:00;713934.387;5.3125
2025-08-22 03:00:00+00:00;741738.85;5.3125
2025-08-22 04:00:00+00:00;727131.497;6.751965
2025-08-22 05:00:00+00:00;705084.526;8.40598
2025-08-22 06:00:00+00:00;671608.594;10.682525
2025-08-22 07:00:00+00:00;649604.269;12.526250000000001
2025-08-22 08:00:00+00:00;648067.361;12.787
2025-08-22 09:00:00+00:00;638412.024;13.498099999999999
2025-08-22 10:00:00+00:00;636887.527;14.54335
2025-08-22 11:00:00+00:00;646540.761;14.9
2025-08-22 12:00:00+00:00;664955.735;14.9
2025-08-22 13:00:00+00:00;704893.549;15.67775
2025-08-22 14:00:00+00:00;733979.693;17.235899999999997
2025-08-22 15:00:00+00:00;777399.036;19.4526
2025-08-22 16:00:00+00:00;841962.662;19.653200000000002
2025-08-22 17:00:00+00:00;898849.835;17.71915
2025-08-22 18:00:00+00:00;900936.024;13.5485
2025-08-22 19:00:00+00:00;1124095.869;11.609100000000002
2025-08-22 20:00:00+00:00;1128937.027;10.49418
2025-08-22 21:00:00+00:00;970023.749;9.02564
2025-08-22 22:00:00+00:00;842253.988;8.2688
2025-08-22 23:00:00+00:00;786350.452;7.175
2025-08-23 00:00:00+00:00;753178.433;6.25817
2025-08-23 01:00:00+00:00;716445.031;5.88722
2025-08-23 02:00:00+00:00;705332.799;5.3875
2025-08-23 03:00:00+00:00;716572.426;5.868460000000001
2025-08-23 04:00:00+00:00;704861.901;6.507235
2025-08-23 05:00:00+00:00;737487.766;8.52315
2025-08-23 06:00:00+00:00;751894.751;10.8928
2025-08-23 07:00:00+00:00;751439.927;12.644300000000001
2025-08-23 08:00:00+00:00;756667.477;14.02965
2025-08-23 09:00:00+00:00;794257.926;15.4738
2025-08-23 10:00:00+00:00;821402.425;14.3198
2025-08-23 11:00:00+00:00;832020.548;14.925
2025-08-23 12:00:00+00:00;831008.188;14.925
2025-08-23 13:00:00+00:00;811966.557;14.925
2025-08-23 14:00:00+00:00;838387.833;14.925
2025-08-23 15:00:00+00:00;906010.309;14.925
2025-08-23 16:00:00+00:00;952817.878;14.6193
2025-08-23 17:00:00+00:00;964133.705;13.906
2025-08-23 18:00:00+00:00;922151.617;13.171000000000001
2025-08-23 19:00:00+00:00;1122278.746;12.856
2025-08-23 20:00:00+00:00;1111876.735;12.21365
2025-08-23 21:00:00+00:00;946942.953;11.806
2025-08-23 22:00:00+00:00;801062.19;11.806
2025-08-23 23:00:00+00:00;729846.828;10.7971
2025-08-24 00:00:00+00:00;686746.912;10.744
2025-08-24 01:00:00+00:00;655110.856;10.514399999999998
2025-08-24 02:00:00+00:00;657578.742;10.088
2025-08-24 03:00:00+00:00;663791.237;10.088
2025-08-24 04:00:00+00:00;645160.795;10.5583
2025-08-24 05:00:00+00:00;682010.207;12.275
2025-08-24 06:00:00+00:00;742444.074;12.275
2025-08-24 07:00:00+00:00;862421.346;13.0106
2025-08-24 08:00:00+00:00;859281.08;13.80745
2025-08-24 09:00:00+00:00;804442.049;15.2219
2025-08-24 10:00:00+00:00;790979.65;16.3738
2025-08-24 11:00:00+00:00;812459.379;16.475
2025-08-24 12:00:00+00:00;833386.09;16.915
2025-08-24 13:00:00+00:00;859725.943;18.33705
2025-08-24 14:00:00+00:00;908249.199;17.525
2025-08-24 15:00:00+00:00;971374.986;17.14875
2025-08-24 16:00:00+00:00;1040869.154;15.919
2025-08-24 17:00:00+00:00;1046160.284;14.257933333333334
2025-08-24 18:00:00+00:00;974176.575;12.4479
2025-08-24 19:00:00+00:00;1143687.599;11.162
2025-08-24 20:00:00+00:00;1133068.268;10.631
2025-08-24 21:00:00+00:00;1013819.361;9.873885
2025-08-24 22:00:00+00:00;924964.652;8.979735
2025-08-24 23:00:00+00:00;833364.844;8.0
2025-08-25 00:00:00+00:00;781662.163;7.445635
2025-08-25 01:00:00+00:00;745322.994;6.613455
2025-08-25 02:00:00+00:00;734854.125;6.0813
2025-08-25 03:00:00+00:00;751766.488;6.0813
2025-08-25 04:00:00+00:00;715493.879;6.334314999999999
2025-08-25 05:00:00+00:00;693051.682;8.000319999999999
2025-08-25 06:00:00+00:00;665337.866;10.42462
2025-08-25 07:00:00+00:00;647159.461;11.693349999999999
2025-08-25 08:00:00+00:00;644694.403;12.6054
2025-08-25 09:00:00+00:00;646870.873;13.527199999999999
2025-08-25 10:00:00+00:00;647137.615;14.8322
2025-08-25 11:00:00+00:00;667982.811;15.562999999999999
2025-08-25 12:00:00+00:00;716814.29;15.562999999999999
2025-08-25 13:00:00+00:00;784217.879;15.80255
2025-08-25 14:00:00+00:00;811730.467;15.537
2025-08-25 15:00:00+00:00;843194.354;15.408750000000001
2025-08-25 16:00:00+00:00;919035.141;14.437999999999999
2025-08-25 17:00:00+00:00;977655.153;14.387049999999999
2025-08-25 18:00:00+00:00;957717.088;12.981399999999999
2025-08-25 19:00:00+00:00;1154088.804;11.533
2025-08-25 20:00:00+00:00;1184127.174;10.9522
2025-08-25 21:00:00+00:00;1043078.35;10.213
2025-08-25 22:00:00+00:00;872944.073;10.213
2025-08-25 23:00:00+00:00;781961.386;10.213
2025-08-26 00:00:00+00:00;713250.425;10.213
2025-08-26 01:00:00+00:00;675845.027;10.044405
2025-08-26 02:00:00+00:00;677335.539;9.7313
2025-08-26 03:00:00+00:00;714320.673;9.7313
2025-08-26 04:00:00+00:00;696853.751;10.77782
2025-08-26 05:00:00+00:00;671767.707;11.9
2025-08-26 06:00:00+00:00;642453.171;12.30035
2025-08-26 07:00:00+00:00;624046.623;13.22415
2025-08-26 08:00:00+00:00;624046.581;14.685849999999999
2025-08-26 09:00:00+00:00;612936.789;15.96765
2025-08-26 10:00:00+00:00;610893.37;17.3
2025-08-26 11:00:00+00:00;620980.928;17.4345
2025-08-26 12:00:00+00:00;652735.578;17.569
2025-08-26 13:00:00+00:00;718633.182;17.569
2025-08-26 14:00:00+00:00;755715.306;17.569
2025-08-26 15:00:00+00:00;802348.586;16.59525
2025-08-26 16:00:00+00:00;893769.773;16.0315
2025-08-26 17:00:00+00:00;960870.905;14.8079
2025-08-26 18:00:00+00:00;930834.133;13.707500000000001
2025-08-26 19:00:00+00:00;1113782.0;13.4
2025-08-26 20:00:00+00:00;1084828.549;13.4
2025-08-26 21:00:00+00:00;918436.122;13.096799999999998
2025-08-26 22:00:00+00:00;788451.948;12.369
2025-08-26 23:00:00+00:00;732225.103;12.369
2025-08-27 00:00:00+00:00;719387.165;12.369
2025-08-27 01:00:00+00:00;705713.189;11.4011
2025-08-27 02:00:00+00:00;687929.876;11.131
2025-08-27 03:00:00+00:00;713505.71;11.131
2025-08-27 04:00:00+00:00;703284.539;11.131
2025-08-27 05:00:00+00:00;685421.713;11.131
2025-08-27 06:00:00+00:00;658265.991;11.234100000000002
2025-08-27 07:00:00+00:00;641461.449;12.162
2025-08-27 08:00:00+00:00;641608.38;12.519250000000001
2025-08-27 09:00:00+00:00;634419.686;13.231
2025-08-27 10:00:00+00:00;640332.647;13.231
2025-08-27 11:00:00+00:00;640156.064;13.231
2025-08-27 12:00:00+00:00;677559.642;13.791450000000001
2025-08-27 13:00:00+00:00;750319.935;13.6
2025-08-27 14:00:00+00:00;798270.166;12.8452
2025-08-27 15:00:00+00:00;858240.659;12.238
2025-08-27 16:00:00+00:00;946284.273;12.238
2025-08-27 17:00:00+00:00;1000778.763;12.238
2025-08-27 18:00:00+00:00;966214.185;11.6675
2025-08-27 19:00:00+00:00;1144927.599;10.55725
2025-08-27 20:00:00+00:00;1171752.828;10.1
2025-08-27 21:00:00+00:00;1032045.615;9.761055
2025-08-27 22:00:00+00:00;831433.814;9.0313
2025-08-27 23:00:00+00:00;753766.134;8.248965
2025-08-28 00:00:00+00:00;708378.213;7.636889999999999
2025-08-28 01:00:00+00:00;689651.667;6.343155
2025-08-28 02:00:00+00:00;700363.953;5.9188
2025-08-28 03:00:00+00:00;754389.292;6.24502
2025-08-28 04:00:00+00:00;739730.537;7.309105
2025-08-28 05:00:00+00:00;705824.529;8.05
2025-08-28 06:00:00+00:00;665697.061;9.444970000000001
2025-08-28 07:00:00+00:00;639534.787;11.6095
2025-08-28 08:00:00+00:00;631684.441;12.406
2025-08-28 09:00:00+00:00;615725.519;13.20325
2025-08-28 10:00:00+00:00;604613.776;13.469
2025-08-28 11:00:00+00:00;611225.942;13.469
2025-08-28 12:00:00+00:00;647385.39;13.469
2025-08-28 13:00:00+00:00;708886.264;13.9772
2025-08-28 14:00:00+00:00;737955.459;14.469
2025-08-28 15:00:00+00:00;774073.007;14.469
2025-08-28 16:00:00+00:00;860461.679;14.20075
2025-08-28 17:00:00+00:00;933157.759;13.388
2025-08-28 18:00:00+00:00;922179.524;12.5376
2025-08-28 19:00:00+00:00;1112401.989;12.325
2025-08-28 20:00:00+00:00;1091185.433;12.325
2025-08-28 21:00:00+00:00;963177.508;11.86105
2025-08-28 22:00:00+00:00;816228.249;11.1859
2025-08-28 23:00:00+00:00;708277.398;10.213
2025-08-29 00:00:00+00:00;654913.938;9.97232
2025-08-29 01:00:00+00:00;631531.168;8.914375
2025-08-29 02:00:00+00:00;644711.542;8.5
2025-08-29 03:00:00+00:00;682674.127;7.602985000000001
2025-08-29 04:00:00+00:00;684028.388;8.301435
2025-08-29 05:00:00+00:00;674477.571;9.754079999999998
2025-08-29 06:00:00+00:00;655018.631;11.9186
2025-08-29 07:00:00+00:00;644801.856;13.04075
2025-08-29 08:00:00+00:00;652225.376;14.281200000000002
2025-08-29 09:00:00+00:00;651388.042;15.08715
2025-08-29 10:00:00+00:00;654897.558;16.6845
2025-08-29 11:00:00+00:00;658980.025;17.025
2025-08-29 12:00:00+00:00;691057.534;17.4921
2025-08-29 13:00:00+00:00;742510.319;18.6864
2025-08-29 14:00:00+00:00;783036.644;21.240850000000002
2025-08-29 15:00:00+00:00;835543.775;19.605150000000002
2025-08-29 16:00:00+00:00;899555.96;18.131
2025-08-29 17:00:00+00:00;939199.931;17.1715
2025-08-29 18:00:00+00:00;948258.751;15.9479
2025-08-29 19:00:00+00:00;1157458.804;14.975
2025-08-29 20:00:00+00:00;1176338.324;14.975
2025-08-29 21:00:00+00:00;1019765.315;14.552600000000002
2025-08-29 22:00:00+00:00;827091.847;13.919
2025-08-29 23:00:00+00:00;737470.724;13.54695
2025-08-30 00:00:00+00:00;688477.095;12.4236
2025-08-30 01:00:00+00:00;662400.537;11.5454
2025-08-30 02:00:00+00:00;671410.97;11.119
2025-08-30 03:00:00+00:00;667921.497;11.119
2025-08-30 04:00:00+00:00;663278.184;11.119
2025-08-30 05:00:00+00:00;702576.25;11.4319
2025-08-30 06:00:00+00:00;734932.338;12.729600000000001
2025-08-30 07:00:00+00:00;756549.556;13.666749999999999
2025-08-30 08:00:00+00:00;779368.644;14.662600000000001
2025-08-30 09:00:00+00:00;799153.453;15.974250000000001
2025-08-30 10:00:00+00:00;793514.359;16.4867
2025-08-30 11:00:00+00:00;775187.109;17.74485
2025-08-30 12:00:00+00:00;780562.585;18.494
2025-08-30 13:00:00+00:00;806478.542;18.578
2025-08-30 14:00:00+00:00;867315.069;19.2524
2025-08-30 15:00:00+00:00;939443.277;18.544
2025-08-30 16:00:00+00:00;982957.683;17.6017
2025-08-30 17:00:00+00:00;950253.787;15.900899999999998
2025-08-30 18:00:00+00:00;867563.33;13.5749
2025-08-30 19:00:00+00:00;1057481.643;13.256
2025-08-30 20:00:00+00:00;1051573.64;12.3533
2025-08-30 21:00:00+00:00;894371.673;11.6132
2025-08-30 22:00:00+00:00;823577.28;10.493
2025-08-30 23:00:00+00:00;718313.501;9.74546
2025-08-31 00:00:00+00:00;651538.086;9.0062
2025-08-31 01:00:00+00:00;602307.904;8.78745
2025-08-31 02:00:00+00:00;584496.609;8.3812
2025-08-31 03:00:00+00:00;585334.023;8.3812
2025-08-31 04:00:00+00:00;584577.193;9.4125
2025-08-31 05:00:00+00:00;636668.086;10.88495
2025-08-31 06:00:00+00:00;685188.53;12.408
2025-08-31 07:00:00+00:00;725870.372;13.586949999999998
2025-08-31 08:00:00+00:00;755152.006;14.92475
2025-08-31 09:00:00+00:00;761283.897;16.4751
2025-08-31 10:00:00+00:00;747827.717;16.99775
2025-08-31 11:00:00+00:00;740385.68;18.036399999999997
2025-08-31 12:00:00+00:00;750305.176;19.156
2025-08-31 13:00:00+00:00;782708.297;20.291
2025-08-31 14:00:00+00:00;828633.0;21.65675
2025-08-31 15:00:00+00:00;894087.119;24.1206
2025-08-31 16:00:00+00:00;963144.366;21.7902
2025-08-31 17:00:00+00:00;965866.675;19.4396
2025-08-31 18:00:00+00:00;894579.983;17.06745
2025-08-31 19:00:00+00:00;1054360.786;15.2176
2025-08-31 20:00:00+00:00;1032078.099;14.056000000000001
2025-08-31 21:00:00+00:00;872565.189;13.575399999999998
2025-08-31 22:00:00+00:00;730462.606;12.0955
2025-08-31 23:00:00+00:00;660039.981;10.906
2025-09-01 00:00:00+00:00;635300.662;9.885035
2025-09-01 01:00:00+00:00;596747.362;9.984105000000001
2025-09-01 02:00:00+00:00;596972.842;10.92785
2025-09-01 03:00:00+00:00;641614.97;11.5199
2025-09-01 04:00:00+00:00;643577.065;12.730799999999999
2025-09-01 05:00:00+00:00;629671.055;13.838
2025-09-01 06:00:00+00:00;604969.692;14.419550000000001
2025-09-01 07:00:00+00:00;593297.029;14.53435
2025-09-01 08:00:00+00:00;606297.029;15.492349999999998
2025-09-01 09:00:00+00:00;610918.95;15.898599999999998
2025-09-01 10:00:00+00:00;601119.899;17.1308
2025-09-01 11:00:00+00:00;607987.684;19.0366
2025-09-01 12:00:00+00:00;640516.139;19.319
2025-09-01 13:00:00+00:00;689383.948;19.319
2025-09-01 14:00:00+00:00;711589.746;19.6865
2025-09-01 15:00:00+00:00;743562.682;21.99915
2025-09-01 16:00:00+00:00;821350.773;22.39005
2025-09-01 17:00:00+00:00;885063.011;17.610400000000002
2025-09-01 18:00:00+00:00;863343.934;15.617250000000002
2025-09-01 19:00:00+00:00;1054886.002;14.211850000000002
2025-09-01 20:00:00+00:00;1056674.084;13.225800000000001
2025-09-01 21:00:00+00:00;929202.609;12.0905
2025-09-01 22:00:00+00:00;818301.883;11.298950000000001
2025-09-01 23:00:00+00:00;773195.975;10.9
2025-09-02 00:00:00+00:00;731704.087;10.65941
2025-09-02 01:00:00+00:00;700127.193;9.68255
2025-09-02 02:00:00+00:00;678246.762;9.4063
2025-09-02 03:00:00+00:00;699545.731;9.4063
2025-09-02 04:00:00+00:00;682971.272;9.931149999999999
2025-09-02 05:00:00+00:00;650866.132;11.792300000000001
2025-09-02 06:00:00+00:00;611394.202;14.33535
2025-09-02 07:00:00+00:00;589569.808;15.997050000000002
2025-09-02 08:00:00+00:00;588484.742;17.36535
2025-09-02 09:00:00+00:00;579987.197;18.4843
2025-09-02 10:00:00+00:00;577398.261;20.3927
2025-09-02 11:00:00+00:00;591615.572;21.0
2025-09-02 12:00:00+00:00;628590.273;20.959049999999998
2025-09-02 13:00:00+00:00;702246.523;20.5028
2025-09-02 14:00:00+00:00;734812.218;19.469
2025-09-02 15:00:00+00:00;776492.927;21.7472
2025-09-02 16:00:00+00:00;871068.826;19.2816
2025-09-02 17:00:00+00:00;939696.895;17.2257
2025-09-02 18:00:00+00:00;906997.054;15.59385
2025-09-02 19:00:00+00:00;1078241.795;14.988
2025-09-02 20:00:00+00:00;1068537.804;14.988
2025-09-02 21:00:00+00:00;907207.029;14.854650000000001
2025-09-02 22:00:00+00:00;789684.895;13.943999999999999
2025-09-02 23:00:00+00:00;728144.127;13.449000000000002
2025-09-03 00:00:00+00:00;679349.508;12.844
2025-09-03 01:00:00+00:00;632442.29;12.06865
2025-09-03 02:00:00+00:00;612394.818;11.388
2025-09-03 03:00:00+00:00;661895.931;11.388
2025-09-03 04:00:00+00:00;660863.21;11.54265
2025-09-03 05:00:00+00:00;642847.434;12.9375
2025-09-03 06:00:00+00:00;615734.407;14.37645
2025-09-03 07:00:00+00:00;602244.553;16.5539
2025-09-03 08:00:00+00:00;607492.031;17.63835
2025-09-03 09:00:00+00:00;613213.445;18.78725
2025-09-03 10:00:00+00:00;607320.386;19.838
2025-09-03 11:00:00+00:00;623742.604;20.51595
2025-09-03 12:00:00+00:00;670148.252;20.8304
2025-09-03 13:00:00+00:00;757804.99;19.869
2025-09-03 14:00:00+00:00;826548.331;19.5036
2025-09-03 15:00:00+00:00;914528.108;18.2815
2025-09-03 16:00:00+00:00;1031748.79;16.950899999999997
2025-09-03 17:00:00+00:00;1058628.705;16.569
2025-09-03 18:00:00+00:00;956666.368;16.569
2025-09-03 19:00:00+00:00;1101139.196;16.19485
2025-09-03 20:00:00+00:00;1062489.446;15.5
2025-09-03 21:00:00+00:00;884138.773;15.5
2025-09-03 22:00:00+00:00;760241.22;15.5
2025-09-03 23:00:00+00:00;654505.124;15.5
2025-09-04 00:00:00+00:00;580536.758;15.5
2025-09-04 01:00:00+00:00;545457.303;15.535
2025-09-04 02:00:00+00:00;552743.63;15.6
2025-09-04 03:00:00+00:00;610983.896;15.6
2025-09-04 04:00:00+00:00;620659.118;15.6
2025-09-04 05:00:00+00:00;611707.506;15.940100000000001
2025-09-04 06:00:00+00:00;594321.007;16.815199999999997
2025-09-04 07:00:00+00:00;586142.664;17.6
2025-09-04 08:00:00+00:00;590393.409;17.6
2025-09-04 09:00:00+00:00;585690.452;18.76145
2025-09-04 10:00:00+00:00;570438.534;19.316499999999998
2025-09-04 11:00:00+00:00;572837.172;20.225
2025-09-04 12:00:00+00:00;599953.736;21.0228
2025-09-04 13:00:00+00:00;662046.472;21.889
2025-09-04 14:00:00+00:00;701486.249;23.61465
2025-09-04 15:00:00+00:00;766487.242;22.7359
2025-09-04 16:00:00+00:00;871741.533;22.73855
2025-09-04 17:00:00+00:00;958370.983;19.65755
2025-09-04 18:00:00+00:00;927727.204;18.340449999999997
2025-09-04 19:00:00+00:00;1097357.903;17.3964
2025-09-04 20:00:00+00:00;1058399.327;16.994
2025-09-04 21:00:00+00:00;881056.924;16.994
2025-09-04 22:00:00+00:00;780912.436;16.97215
2025-09-04 23:00:00+00:00;678783.041;15.969
2025-09-05 00:00:00+00:00;603497.192;15.53895
2025-09-05 01:00:00+00:00;558464.118;14.770150000000001
2025-09-05 02:00:00+00:00;558163.763;14.425
2025-09-05 03:00:00+00:00;610483.075;14.425
2025-09-05 04:00:00+00:00;626630.482;14.475650000000002
2025-09-05 05:00:00+00:00;620335.758;15.8332
2025-09-05 06:00:00+00:00;598711.32;16.8481
2025-09-05 07:00:00+00:00;584902.644;18.485599999999998
2025-09-05 08:00:00+00:00;581356.355;19.430500000000002
2025-09-05 09:00:00+00:00;566456.495;20.75
2025-09-05 10:00:00+00:00;557058.64;21.72375
2025-09-05 11:00:00+00:00;564275.907;22.746100000000002
2025-09-05 12:00:00+00:00;597377.025;23.919
2025-09-05 13:00:00+00:00;646350.72;23.8183
2025-09-05 14:00:00+00:00;680533.582;22.912
2025-09-05 15:00:00+00:00;746389.427;22.9172
2025-09-05 16:00:00+00:00;841280.846;21.540799999999997
2025-09-05 17:00:00+00:00;902947.098;19.757550000000002
2025-09-05 18:00:00+00:00;873995.852;18.594
2025-09-05 19:00:00+00:00;1061024.255;17.567800000000002
2025-09-05 20:00:00+00:00;1020238.763;17.513
2025-09-05 21:00:00+00:00;854888.385;17.2966
2025-09-05 22:00:00+00:00;742906.035;16.431
2025-09-05 23:00:00+00:00;652404.864;16.431
2025-09-06 00:00:00+00:00;584967.795;16.431
2025-09-06 01:00:00+00:00;528726.47;16.396
2025-09-06 02:00:00+00:00;513768.611;16.331
2025-09-06 03:00:00+00:00;527906.74;16.331
2025-09-06 04:00:00+00:00;543326.657;16.331
2025-09-06 05:00:00+00:00;599011.689;16.7118
2025-09-06 06:00:00+00:00;632812.982;18.0562
2025-09-06 07:00:00+00:00;652581.324;19.179750000000002
2025-09-06 08:00:00+00:00;669739.201;20.469749999999998
2025-09-06 09:00:00+00:00;679728.732;21.39975
2025-09-06 10:00:00+00:00;657512.678;23.2118
2025-09-06 11:00:00+00:00;643070.751;23.787
2025-09-06 12:00:00+00:00;650266.553;24.385550000000002
2025-09-06 13:00:00+00:00;682352.762;24.838
2025-09-06 14:00:00+00:00;740829.97;25.2836
2025-09-06 15:00:00+00:00;827862.267;22.7564
2025-09-06 16:00:00+00:00;897156.414;21.738
2025-09-06 17:00:00+00:00;901793.476;21.685499999999998
2025-09-06 18:00:00+00:00;831904.816;20.688
2025-09-06 19:00:00+00:00;1003719.454;20.25
2025-09-06 20:00:00+00:00;986595.52;19.157549999999997
2025-09-06 21:00:00+00:00;846495.956;18.474899999999998
2025-09-06 22:00:00+00:00;707533.855;17.488
2025-09-06 23:00:00+00:00;617747.266;17.05975
2025-09-07 00:00:00+00:00;544145.848;16.463
2025-09-07 01:00:00+00:00;499496.605;16.35555
2025-09-07 02:00:00+00:00;483416.754;16.156
2025-09-07 03:00:00+00:00;484792.349;16.156
2025-09-07 04:00:00+00:00;494727.084;16.156
2025-09-07 05:00:00+00:00;556657.257;16.5612
2025-09-07 06:00:00+00:00;622027.966;17.8044
2025-09-07 07:00:00+00:00;671308.546;20.0816
2025-09-07 08:00:00+00:00;704224.377;20.43345
2025-09-07 09:00:00+00:00;715213.722;21.88105
2025-09-07 10:00:00+00:00;731210.688;22.469
2025-09-07 11:00:00+00:00;725085.536;22.681400000000004
2025-09-07 12:00:00+00:00;733031.944;23.531
2025-09-07 13:00:00+00:00;758474.903;24.4535
2025-09-07 14:00:00+00:00;799592.95;23.913500000000003
2025-09-07 15:00:00+00:00;873727.081;23.26615
2025-09-07 16:00:00+00:00;931660.765;22.290599999999998
2025-09-07 17:00:00+00:00;926472.414;21.0948
2025-09-07 18:00:00+00:00;861162.545;20.25
2025-09-07 19:00:00+00:00;1029795.421;20.25
2025-09-07 20:00:00+00:00;1002358.834;20.25
2025-09-07 21:00:00+00:00;868206.466;19.225
2025-09-07 22:00:00+00:00;701117.782;19.225
2025-09-07 23:00:00+00:00;592884.395;19.225
2025-09-08 00:00:00+00:00;521944.562;19.225
2025-09-08 01:00:00+00:00;485963.282;18.72715
2025-09-08 02:00:00+00:00;492294.007;18.25
2025-09-08 03:00:00+00:00;541803.376;18.25
2025-09-08 04:00:00+00:00;554225.315;18.25
2025-09-08 05:00:00+00:00;550544.765;18.25
2025-09-08 06:00:00+00:00;539156.663;18.25
2025-09-08 07:00:00+00:00;537486.26;18.25
2025-09-08 08:00:00+00:00;545258.704;18.25
2025-09-08 09:00:00+00:00;538990.66;18.21965
2025-09-08 10:00:00+00:00;533561.164;17.444
2025-09-08 11:00:00+00:00;544864.884;17.444
2025-09-08 12:00:00+00:00;582759.884;17.444
2025-09-08 13:00:00+00:00;649098.345;17.444
2025-09-08 14:00:00+00:00;681500.595;17.444
2025-09-08 15:00:00+00:00;716765.412;17.444
2025-09-08 16:00:00+00:00;790847.972;17.444
2025-09-08 17:00:00+00:00;846825.447;17.444
2025-09-08 18:00:00+00:00;804094.904;17.444
2025-09-08 19:00:00+00:00;969643.445;16.457749999999997
2025-09-08 20:00:00+00:00;926254.288;16.438
2025-09-08 21:00:00+00:00;755374.683;16.438
2025-09-08 22:00:00+00:00;624276.034;16.438
2025-09-08 23:00:00+00:00;606809.578;16.438
2025-09-09 00:00:00+00:00;576813.53;16.438
2025-09-09 01:00:00+00:00;520505.14;15.1774
2025-09-09 02:00:00+00:00;508081.193;14.488
2025-09-09 03:00:00+00:00;558574.174;14.488
2025-09-09 04:00:00+00:00;566058.16;14.488
2025-09-09 05:00:00+00:00;553657.654;14.488
2025-09-09 06:00:00+00:00;533042.982;14.488
2025-09-09 07:00:00+00:00;524905.338;14.59015
2025-09-09 08:00:00+00:00;530775.616;15.295150000000001
2025-09-09 09:00:00+00:00;524979.13;16.513
2025-09-09 10:00:00+00:00;523327.375;17.02115
2025-09-09 11:00:00+00:00;532749.311;17.563
2025-09-09 12:00:00+00:00;571291.209;17.563
2025-09-09 13:00:00+00:00;639853.337;17.563
2025-09-09 14:00:00+00:00;676360.089;17.563
2025-09-09 15:00:00+00:00;715757.267;17.563
2025-09-09 16:00:00+00:00;800073.637;17.563
2025-09-09 17:00:00+00:00;865731.89;17.563
2025-09-09 18:00:00+00:00;824002.18;17.563
2025-09-09 19:00:00+00:00;986435.705;16.58025
2025-09-09 20:00:00+00:00;958409.045;16.544
2025-09-09 21:00:00+00:00;773150.327;16.544
2025-09-09 22:00:00+00:00;674337.322;16.544
2025-09-09 23:00:00+00:00;631042.934;16.544
